timestamp,acc_x,acc_y,acc_z
2026-03-14 09:15:00.000,0.2306,0.3367,10.2264
2026-03-14 09:15:00.010,0.3549,0.2808,10.1635
2026-03-14 09:15:00.020,0.3799,0.7562,10.5751
2026-03-14 09:15:00.030,0.3448,0.8393,9.846
2026-03-14 09:15:00.040,0.7321,0.7423,10.3757
2026-03-14 09:15:00.050,0.9919,1.1455,9.9704
2026-03-14 09:15:00.060,1.1352,0.9076,9.8131
2026-03-14 09:15:00.070,1.2569,1.2928,9.6707
2026-03-14 09:15:00.080,1.3305,1.1728,9.5728
2026-03-14 09:15:00.090,1.4928,1.032,9.7728
2026-03-14 09:15:00.100,1.5088,0.9991,9.7268
2026-03-14 09:15:00.110,1.5152,0.894,10.3955
2026-03-14 09:15:00.120,1.309,0.5618,9.7928
2026-03-14 09:15:00.130,1.1627,0.3179,9.5884
2026-03-14 09:15:00.140,1.296,0.2695,9.6929
2026-03-14 09:15:00.150,1.2962,0.2144,9.3729
2026-03-14 09:15:00.160,1.0035,-0.0156,9.3423
2026-03-14 09:15:00.170,1.071,0.1313,9.6479
2026-03-14 09:15:00.180,0.9852,-0.0503,9.4764
2026-03-14 09:15:00.190,0.8318,-0.0393,9.8278
2026-03-14 09:15:00.200,0.7177,0.0593,9.7818
2026-03-14 09:15:00.210,0.7949,-0.0717,9.6751
2026-03-14 09:15:00.220,0.9129,0.0451,9.7176
2026-03-14 09:15:00.230,0.4462,-0.1214,9.3333
2026-03-14 09:15:00.240,0.1132,0.2967,9.5999
2026-03-14 09:15:00.250,0.2542,0.3913,9.6191
2026-03-14 09:15:00.260,0.196,0.0372,9.8459
2026-03-14 09:15:00.270,0.1116,0.1802,9.9268
2026-03-14 09:15:00.280,-0.3334,0.6804,9.7859
2026-03-14 09:15:00.290,-0.5096,0.0304,10.3074
2026-03-14 09:15:00.300,-0.3128,0.3321,10.0335
2026-03-14 09:15:00.310,-0.3064,0.4361,9.8349
2026-03-14 09:15:00.320,-0.6572,0.0986,10.1452
2026-03-14 09:15:00.330,-1.1705,-0.0034,9.7236
2026-03-14 09:15:00.340,-0.9008,-0.2496,10.1654
2026-03-14 09:15:00.350,-1.171,-0.1416,9.9167
2026-03-14 09:15:00.360,-1.3236,-0.3128,9.7282
2026-03-14 09:15:00.370,-1.355,-0.6997,10.2844
2026-03-14 09:15:00.380,-1.4262,-0.6552,9.9834
2026-03-14 09:15:00.390,-1.1947,-0.916,10.1476
2026-03-14 09:15:00.400,-1.4049,-0.9067,10.1166
2026-03-14 09:15:00.410,-1.3752,-1.3138,9.5114
2026-03-14 09:15:00.420,-1.6636,-1.0775,9.6084
2026-03-14 09:15:00.430,-1.451,-1.2316,9.3257
2026-03-14 09:15:00.440,-1.3376,-1.2051,9.174
2026-03-14 09:15:00.450,-1.4011,-1.1976,9.5695
2026-03-14 09:15:00.460,-1.14,-1.142,9.5753
2026-03-14 09:15:00.470,,-0.7687,9.6502
2026-03-14 09:15:00.480,,-0.8352,10.305
2026-03-14 09:15:00.490,-0.6776,-0.5599,9.7866
2026-03-14 09:15:00.500,-0.431,-0.4061,10.0973
2026-03-14 09:15:00.510,0.0127,0.0573,9.7352
2026-03-14 09:15:00.520,-0.1324,0.2545,9.1138
2026-03-14 09:15:00.530,0.0052,0.1814,9.7282
2026-03-14 09:15:00.540,0.3128,0.4715,9.8098
2026-03-14 09:15:00.550,0.3434,0.6245,9.8886
2026-03-14 09:15:00.560,0.5083,0.6979,10.3041
2026-03-14 09:15:00.570,1.1061,1.098,10.387
2026-03-14 09:15:00.580,1.0992,1.0148,10.3852
2026-03-14 09:15:00.590,1.2967,0.964,10.0561
2026-03-14 09:15:00.600,1.149,0.9242,9.9683
2026-03-14 09:15:00.610,1.3941,1.0115,10.0404
2026-03-14 09:15:00.620,1.2483,1.3206,9.6344
2026-03-14 09:15:00.630,1.5603,0.6481,9.6758
2026-03-14 09:15:00.640,1.1818,0.8078,9.9271
2026-03-14 09:15:00.650,1.422,0.634,10.0574
2026-03-14 09:15:00.660,1.33,0.2281,10.4612
2026-03-14 09:15:00.670,1.1968,0.435,10.0405
2026-03-14 09:15:00.680,1.3837,0.2223,9.6122
2026-03-14 09:15:00.690,1.1927,0.1083,9.787
2026-03-14 09:15:00.700,0.9003,0.0745,9.1426
2026-03-14 09:15:00.710,0.8535,-0.0627,9.5223
2026-03-14 09:15:00.720,0.6763,-0.2991,9.675
2026-03-14 09:15:00.730,0.6644,-0.1364,9.056
2026-03-14 09:15:00.740,0.6105,-0.0809,9.9456
2026-03-14 09:15:00.750,0.7718,-0.0948,9.6029
2026-03-14 09:15:00.760,0.2329,-0.0044,10.028
2026-03-14 09:15:00.770,0.2897,-0.0256,9.4895
2026-03-14 09:15:00.780,0.5277,0.2858,9.8514
2026-03-14 09:15:00.790,0.0524,0.498,9.6148
2026-03-14 09:15:00.800,0.0259,0.2329,9.5484
2026-03-14 09:15:00.810,-0.0915,0.2258,9.9058
2026-03-14 09:15:00.820,-0.5051,0.317,10.025
2026-03-14 09:15:00.830,-0.7414,0.2725,10.1672
2026-03-14 09:15:00.840,-0.9257,0.3595,10.4457
2026-03-14 09:15:00.850,-0.6889,-0.008,10.3333
2026-03-14 09:15:00.860,-0.8356,-0.1431,10.1081
2026-03-14 09:15:00.870,-0.8531,-0.0593,9.5719
2026-03-14 09:15:00.880,-1.0319,-0.4275,9.6674
2026-03-14 09:15:00.890,-1.4406,-0.6113,9.4937
2026-03-14 09:15:00.900,-1.4118,-0.5075,9.851
2026-03-14 09:15:00.910,-1.5245,-0.7787,9.6583
2026-03-14 09:15:00.920,-1.2736,-1.1871,10.069
2026-03-14 09:15:00.930,-1.649,-1.102,9.92
2026-03-14 09:15:00.940,-1.4696,-1.0381,10.1102
2026-03-14 09:15:00.950,-1.4268,-1.3211,9.7672
2026-03-14 09:15:00.960,-1.651,-1.4735,9.4228
2026-03-14 09:15:00.970,-1.2471,-0.9469,9.2949
2026-03-14 09:15:00.980,-0.9209,-1.0822,9.4507
2026-03-14 09:15:00.990,-1.1009,-0.8481,9.3265
2026-03-14 09:15:01.000,-1.0468,-1.1355,9.5216
2026-03-14 09:15:01.010,-0.7768,-0.7165,9.5738
2026-03-14 09:15:01.020,-0.6207,-0.6029,9.898
2026-03-14 09:15:01.030,-0.3624,,10.1229
2026-03-14 09:15:01.040,-0.1382,0.101,9.7232
2026-03-14 09:15:01.050,0.2567,0.1774,9.86
2026-03-14 09:15:01.060,0.2067,0.5472,9.4811
2026-03-14 09:15:01.070,0.5946,0.6509,9.4933
2026-03-14 09:15:01.080,0.8157,1.0173,9.8675
2026-03-14 09:15:01.090,0.9022,0.8688,10.0495
2026-03-14 09:15:01.100,1.0194,,10.2903
2026-03-14 09:15:01.110,1.2369,0.9799,10.2018
2026-03-14 09:15:01.120,1.1078,1.0082,10.2805
2026-03-14 09:15:01.130,1.5841,1.1949,10.2031
2026-03-14 09:15:01.140,0.9313,0.9635,9.8005
2026-03-14 09:15:01.150,1.4096,0.7144,9.5466
2026-03-14 09:15:01.160,1.241,0.5729,9.5126
2026-03-14 09:15:01.170,1.5143,0.5017,9.9946
2026-03-14 09:15:01.180,1.4124,0.642,
2026-03-14 09:15:01.190,1.0864,0.5602,9.9723
2026-03-14 09:15:01.200,1.4919,0.0599,10.0247
2026-03-14 09:15:01.210,1.1248,0.0512,9.8764
2026-03-14 09:15:01.220,1.2477,0.1928,9.8666
2026-03-14 09:15:01.230,0.809,0.0221,9.3375
2026-03-14 09:15:01.240,1.2268,-0.0958,9.3083
2026-03-14 09:15:01.250,1.1007,-0.0618,9.0534
2026-03-14 09:15:01.260,0.7691,-0.1564,9.4859
2026-03-14 09:15:01.270,0.5758,-0.2377,10.0264
2026-03-14 09:15:01.280,0.4465,0.0778,9.8755
2026-03-14 09:15:01.290,0.2656,0.074,10.0922
2026-03-14 09:15:01.300,0.1974,0.2231,10.3474
2026-03-14 09:15:01.310,0.2574,0.1607,10.1358
2026-03-14 09:15:01.320,-0.1786,-0.0228,9.7469
2026-03-14 09:15:01.330,0.1364,0.1197,9.8873
2026-03-14 09:15:01.340,-0.4272,0.0897,9.5465
2026-03-14 09:15:01.350,-0.1604,0.0251,9.7153
2026-03-14 09:15:01.360,-0.5445,0.3145,9.8437
2026-03-14 09:15:01.370,-0.5368,0.0874,10.1654
2026-03-14 09:15:01.380,-0.7544,-0.2334,10.5217
2026-03-14 09:15:01.390,-0.8359,-0.0376,10.5483
2026-03-14 09:15:01.400,-1.5545,-0.1402,9.9152
2026-03-14 09:15:01.410,-1.1776,-0.2555,9.8596
2026-03-14 09:15:01.420,-1.3342,-0.5815,9.786
2026-03-14 09:15:01.430,-1.4188,-0.602,9.6225
2026-03-14 09:15:01.440,-1.6274,-0.8384,9.3032
2026-03-14 09:15:01.450,-1.6822,-1.2262,9.696
2026-03-14 09:15:01.460,-1.5373,-1.0361,9.8705
2026-03-14 09:15:01.470,-1.435,-1.2429,9.6815
2026-03-14 09:15:01.480,-1.5507,-1.1435,9.685
2026-03-14 09:15:01.490,-1.3004,-1.1726,9.663
2026-03-14 09:15:01.500,-1.2617,-0.9389,9.7985
2026-03-14 09:15:01.510,-1.1802,-1.1819,8.9553
2026-03-14 09:15:01.520,-1.0183,-1.3173,9.1681
2026-03-14 09:15:01.530,-1.1024,-0.8152,9.4509
2026-03-14 09:15:01.540,-0.7649,-0.5194,9.9465
2026-03-14 09:15:01.550,-0.429,-0.5233,9.4392
2026-03-14 09:15:01.560,-0.4964,-0.3101,10.0183
2026-03-14 09:15:01.570,-0.0779,0.0627,10.1611
2026-03-14 09:15:01.580,0.1513,0.4148,10.3513
2026-03-14 09:15:01.590,0.3762,0.4226,9.6932
2026-03-14 09:15:01.600,0.3928,0.5877,9.803
2026-03-14 09:15:01.610,0.7888,0.6792,9.7394
2026-03-14 09:15:01.620,0.9571,0.8538,9.8915
2026-03-14 09:15:01.630,0.867,1.0681,9.9091
2026-03-14 09:15:01.640,1.1743,1.0944,10.1569
2026-03-14 09:15:01.650,1.3827,1.0129,10.1955
2026-03-14 09:15:01.660,1.1333,1.0118,10.3582
2026-03-14 09:15:01.670,1.3004,1.2065,10.1437
2026-03-14 09:15:01.680,1.1759,0.7728,9.8486
2026-03-14 09:15:01.690,1.4276,0.6158,9.917
2026-03-14 09:15:01.700,1.3396,0.7489,9.5121
2026-03-14 09:15:01.710,1.5306,0.6688,9.5037
2026-03-14 09:15:01.720,1.3285,0.2829,9.6355
2026-03-14 09:15:01.730,1.3227,0.0723,9.825
2026-03-14 09:15:01.740,1.4355,0.4154,9.9853
2026-03-14 09:15:01.750,1.1761,-0.1085,9.5743
2026-03-14 09:15:01.760,0.9345,-0.1233,9.7881
2026-03-14 09:15:01.770,0.6446,-0.0126,9.4915
2026-03-14 09:15:01.780,0.7673,-0.237,9.477
2026-03-14 09:15:01.790,0.687,-0.1222,9.3909
2026-03-14 09:15:01.800,0.5588,0.108,9.5775
2026-03-14 09:15:01.810,0.4396,0.0765,10.4095
2026-03-14 09:15:01.820,0.3877,0.2185,9.9747
2026-03-14 09:15:01.830,0.0472,-0.1184,9.8407
2026-03-14 09:15:01.840,-0.117,0.0482,10.1677
2026-03-14 09:15:01.850,-0.174,0.2125,10.124
2026-03-14 09:15:01.860,-0.32,0.1102,10.2683
2026-03-14 09:15:01.870,-0.2341,0.4064,9.8869
2026-03-14 09:15:01.880,-0.2601,0.5047,10.0314
2026-03-14 09:15:01.890,-0.5194,0.1064,10.2638
2026-03-14 09:15:01.900,-0.5567,0.2796,9.6875
2026-03-14 09:15:01.910,-0.535,0.1246,10.0389
2026-03-14 09:15:01.920,-1.1721,-0.0492,9.8615
2026-03-14 09:15:01.930,-0.9905,-0.3446,10.1709
2026-03-14 09:15:01.940,-0.9568,-0.4957,
2026-03-14 09:15:01.950,-1.3282,-0.5055,9.8789
2026-03-14 09:15:01.960,-1.4694,-0.6742,9.358
2026-03-14 09:15:01.970,-1.4848,-0.8669,9.5085
2026-03-14 09:15:01.980,-1.4721,-1.1944,9.2702
2026-03-14 09:15:01.990,-1.4346,-1.0502,9.3821
2026-03-14 09:15:02.000,-1.4602,-1.0575,9.4094
2026-03-14 09:15:02.010,-1.492,-0.9105,9.6746
2026-03-14 09:15:02.020,-1.3418,-1.2404,10.0296
2026-03-14 09:15:02.030,-1.5438,-0.9968,9.7811
2026-03-14 09:15:02.040,-1.3646,-0.8587,9.381
2026-03-14 09:15:02.050,-1.0788,-0.7986,9.9121
2026-03-14 09:15:02.060,-1.0378,-0.5968,9.2462
2026-03-14 09:15:02.070,-0.4954,-0.6664,9.4592
2026-03-14 09:15:02.080,-0.3974,,9.6348
2026-03-14 09:15:02.090,-0.2387,0.0891,9.4649
2026-03-14 09:15:02.100,-0.0749,0.1521,9.8492
2026-03-14 09:15:02.110,0.1177,0.5313,10.4545
2026-03-14 09:15:02.120,0.3736,0.5997,10.4569
2026-03-14 09:15:02.130,0.7434,1.0703,10.359
2026-03-14 09:15:02.140,0.8336,0.9574,9.9425
2026-03-14 09:15:02.150,0.8109,0.8937,9.8494
2026-03-14 09:15:02.160,1.2628,0.9057,9.8617
2026-03-14 09:15:02.170,1.2316,0.8746,9.9237
2026-03-14 09:15:02.180,1.154,1.2638,9.852
2026-03-14 09:15:02.190,1.5452,1.0925,10.0513
2026-03-14 09:15:02.200,1.4835,0.79,10.3321
2026-03-14 09:15:02.210,1.4616,0.7828,10.0713
2026-03-14 09:15:02.220,1.0525,0.5099,10.0447
2026-03-14 09:15:02.230,1.2199,0.6104,9.5451
2026-03-14 09:15:02.240,1.2936,0.4696,9.5625
2026-03-14 09:15:02.250,1.2234,0.2019,9.3282
2026-03-14 09:15:02.260,1.1855,0.3419,9.7791
2026-03-14 09:15:02.270,1.1103,0.1122,9.4056
2026-03-14 09:15:02.280,0.9934,0.0816,10.0664
2026-03-14 09:15:02.290,1.0184,0.295,9.7653
2026-03-14 09:15:02.300,1.2855,0.0465,9.7717
2026-03-14 09:15:02.310,0.6574,0.0958,9.9982
2026-03-14 09:15:02.320,0.6873,-0.0566,9.5984
2026-03-14 09:15:02.330,0.2024,-0.0148,9.2514
2026-03-14 09:15:02.340,0.1282,-0.0662,9.3238
2026-03-14 09:15:02.350,0.0557,0.0782,9.7217
2026-03-14 09:15:02.360,0.0553,,9.5457
2026-03-14 09:15:02.370,0.1685,0.3331,10.0916
2026-03-14 09:15:02.380,-0.0289,0.1709,10.049
2026-03-14 09:15:02.390,-0.676,0.0857,10.4091
2026-03-14 09:15:02.400,-0.7179,0.2185,10.0958
2026-03-14 09:15:02.410,-0.7096,0.2712,9.8097
2026-03-14 09:15:02.420,-0.5133,0.156,9.6703
2026-03-14 09:15:02.430,-0.7039,0.3117,9.5242
2026-03-14 09:15:02.440,-1.0024,-0.0869,10.3671
2026-03-14 09:15:02.450,-1.2881,-0.312,9.7708
2026-03-14 09:15:02.460,-1.0567,-0.372,10.0216
2026-03-14 09:15:02.470,-1.1032,-0.8978,10.4156
2026-03-14 09:15:02.480,-1.1523,-0.6545,9.8519
2026-03-14 09:15:02.490,-1.3148,-0.7412,10.0704
2026-03-14 09:15:02.500,-1.4909,-1.156,9.4102
2026-03-14 09:15:02.510,,-1.0307,9.1471
2026-03-14 09:15:02.520,-1.378,-1.4215,9.5885
2026-03-14 09:15:02.530,-1.3499,-1.036,9.2996
2026-03-14 09:15:02.540,-1.7096,-1.3531,9.5951
2026-03-14 09:15:02.550,-1.5283,-1.0542,9.5502
2026-03-14 09:15:02.560,-1.1401,-0.9367,9.9208
2026-03-14 09:15:02.570,-1.0444,-1.1236,10.0097
2026-03-14 09:15:02.580,-0.8536,-0.685,9.8942
2026-03-14 09:15:02.590,-0.8162,-0.5362,9.259
2026-03-14 09:15:02.600,-0.6545,-0.4912,9.6652
2026-03-14 09:15:02.610,-0.3782,-0.1225,9.1872
2026-03-14 09:15:02.620,-0.0027,0.0289,9.5867
2026-03-14 09:15:02.630,-0.1138,0.0119,9.7834
2026-03-14 09:15:02.640,0.0257,0.4559,10.409
2026-03-14 09:15:02.650,0.6037,0.7604,10.6539
2026-03-14 09:15:02.660,0.3575,1.1551,10.2839
2026-03-14 09:15:02.670,1.1279,0.6822,9.9339
2026-03-14 09:15:02.680,0.988,1.0659,10.0779
2026-03-14 09:15:02.690,1.1374,0.8175,9.8763
2026-03-14 09:15:02.700,1.3885,1.1682,9.9561
2026-03-14 09:15:02.710,1.3615,0.9484,9.8593
2026-03-14 09:15:02.720,1.0489,0.9572,9.8841
2026-03-14 09:15:02.730,1.1762,0.9028,9.7705
2026-03-14 09:15:02.740,1.2078,0.7394,10.3142
2026-03-14 09:15:02.750,1.3833,0.6005,10.197
2026-03-14 09:15:02.760,1.457,0.7655,10.2862
2026-03-14 09:15:02.770,1.3159,0.6413,9.7681
2026-03-14 09:15:02.780,1.1419,0.1649,9.2575
2026-03-14 09:15:02.790,1.2537,0.1011,9.2937
2026-03-14 09:15:02.800,1.0937,0.143,9.2166
2026-03-14 09:15:02.810,1.0011,-0.1419,9.5506
2026-03-14 09:15:02.820,0.94,-0.0151,9.4667
2026-03-14 09:15:02.830,0.445,-0.0781,9.7435
2026-03-14 09:15:02.840,0.8203,0.1323,10.2
2026-03-14 09:15:02.850,0.536,-0.2901,9.8929
2026-03-14 09:15:02.860,0.287,0.0771,10.3994
2026-03-14 09:15:02.870,0.425,-0.0976,9.8682
2026-03-14 09:15:02.880,0.2324,0.1865,9.7128
2026-03-14 09:15:02.890,0.0799,0.2168,9.4363
2026-03-14 09:15:02.900,0.1878,0.2276,9.8854
2026-03-14 09:15:02.910,-0.1061,0.5704,9.9356
2026-03-14 09:15:02.920,-0.4073,0.1655,10.2103
2026-03-14 09:15:02.930,-0.5539,0.2487,10.1435
2026-03-14 09:15:02.940,-0.6145,0.2137,10.1621
2026-03-14 09:15:02.950,-0.5785,0.2032,9.9111
2026-03-14 09:15:02.960,-0.98,-0.0603,9.9002
2026-03-14 09:15:02.970,-0.9356,0.0309,9.7958
2026-03-14 09:15:02.980,-0.9548,-0.275,9.8167
2026-03-14 09:15:02.990,-1.0789,-0.3309,10.0999
2026-03-14 09:15:03.000,-1.0805,-0.42,9.9847
2026-03-14 09:15:03.010,-1.2387,-0.4694,10.0815
2026-03-14 09:15:03.020,-1.5344,-0.9639,9.6858
2026-03-14 09:15:03.030,-1.5055,-0.966,9.6931
2026-03-14 09:15:03.040,-1.6383,-0.9632,9.9361
2026-03-14 09:15:03.050,-1.7889,-1.011,9.6469
2026-03-14 09:15:03.060,-1.6821,,9.5236
2026-03-14 09:15:03.070,-1.4487,-1.0571,9.5223
2026-03-14 09:15:03.080,-1.3911,-1.1666,9.1048
2026-03-14 09:15:03.090,-1.0393,-1.2078,9.5708
2026-03-14 09:15:03.100,-1.2829,-0.852,9.6129
2026-03-14 09:15:03.110,-1.0154,-0.6788,9.5471
2026-03-14 09:15:03.120,-0.6768,,9.8877
2026-03-14 09:15:03.130,-0.5228,-0.314,9.7193
2026-03-14 09:15:03.140,-0.215,,9.892
2026-03-14 09:15:03.150,-0.2333,0.2358,9.577
2026-03-14 09:15:03.160,0.0782,0.3185,9.4894
2026-03-14 09:15:03.170,0.1162,0.3811,9.6333
2026-03-14 09:15:03.180,,0.7421,10.2019
2026-03-14 09:15:03.190,0.7803,0.8074,10.2212
2026-03-14 09:15:03.200,0.9163,0.9007,10.2169
2026-03-14 09:15:03.210,1.1432,0.6349,10.2351
2026-03-14 09:15:03.220,0.9842,1.3842,10.0029
2026-03-14 09:15:03.230,1.2844,0.991,10.0691
2026-03-14 09:15:03.240,1.3948,1.0897,9.5081
2026-03-14 09:15:03.250,1.6108,0.7227,10.0572
2026-03-14 09:15:03.260,1.3856,0.6795,9.6821
2026-03-14 09:15:03.270,1.569,0.7992,9.8765
2026-03-14 09:15:03.280,1.3304,0.4765,10.1319
2026-03-14 09:15:03.290,1.6405,0.8736,9.983
2026-03-14 09:15:03.300,1.2759,0.7242,10.1171
2026-03-14 09:15:03.310,1.21,0.1651,9.4347
2026-03-14 09:15:03.320,1.4251,0.1467,9.3247
2026-03-14 09:15:03.330,1.0643,0.1436,9.7641
2026-03-14 09:15:03.340,0.8951,-0.3328,9.2825
2026-03-14 09:15:03.350,0.6229,-0.0627,9.5376
2026-03-14 09:15:03.360,0.5301,-0.3561,9.753
2026-03-14 09:15:03.370,0.809,0.1608,9.839
2026-03-14 09:15:03.380,0.419,0.3497,10.0255
2026-03-14 09:15:03.390,0.6731,0.051,10.2377
2026-03-14 09:15:03.400,0.361,0.3041,10.254
2026-03-14 09:15:03.410,0.2197,0.242,9.9001
2026-03-14 09:15:03.420,0.0985,0.1852,9.3382
2026-03-14 09:15:03.430,0.3829,0.1436,9.8628
2026-03-14 09:15:03.440,-0.3597,0.4006,9.9666
2026-03-14 09:15:03.450,-0.3651,0.2888,10.1971
2026-03-14 09:15:03.460,-0.5045,0.2596,10.1394
2026-03-14 09:15:03.470,-0.5591,0.1394,10.6127
2026-03-14 09:15:03.480,-0.838,0.217,10.3106
2026-03-14 09:15:03.490,-0.896,0.0122,10.3956
2026-03-14 09:15:03.500,-1.1341,-0.0814,9.9353
2026-03-14 09:15:03.510,-1.0222,-0.6402,10.0872
2026-03-14 09:15:03.520,-1.4402,-0.389,9.6373
2026-03-14 09:15:03.530,-1.3213,-0.7084,9.4853
2026-03-14 09:15:03.540,-1.2588,-0.6753,
2026-03-14 09:15:03.550,-1.495,-0.8435,10.2033
2026-03-14 09:15:03.560,-1.4938,-1.2285,9.925
2026-03-14 09:15:03.570,-1.548,-1.0317,9.5709
2026-03-14 09:15:03.580,-1.4347,-0.9045,9.8277
2026-03-14 09:15:03.590,-1.4368,-1.1988,9.4569
2026-03-14 09:15:03.600,-1.3555,-1.1002,9.4357
2026-03-14 09:15:03.610,-1.1834,-1.2188,9.1671
2026-03-14 09:15:03.620,-1.001,-1.103,9.2925
2026-03-14 09:15:03.630,-1.1556,-0.7262,9.5325
2026-03-14 09:15:03.640,-0.7912,-0.5504,9.8412
2026-03-14 09:15:03.650,-0.3915,-0.8567,9.8223
2026-03-14 09:15:03.660,-0.3213,,10.1272
2026-03-14 09:15:03.670,-0.2074,-0.0558,10.0782
2026-03-14 09:15:03.680,0.0774,0.0842,10.264
2026-03-14 09:15:03.690,0.3478,-0.0646,10.1411
2026-03-14 09:15:03.700,0.2313,0.5508,9.4376
2026-03-14 09:15:03.710,0.341,0.7486,9.1285
2026-03-14 09:15:03.720,0.5288,0.9263,10.1272
2026-03-14 09:15:03.730,0.8753,0.9563,10.2278
2026-03-14 09:15:03.740,0.8971,1.0599,10.3252
2026-03-14 09:15:03.750,1.3671,0.8498,10.3105
2026-03-14 09:15:03.760,1.1233,0.8068,10.468
2026-03-14 09:15:03.770,1.2659,1.0828,9.9583
2026-03-14 09:15:03.780,1.0922,0.7156,10.1344
2026-03-14 09:15:03.790,1.337,0.9672,9.5326
2026-03-14 09:15:03.800,1.4255,0.6956,9.5886
2026-03-14 09:15:03.810,1.2252,0.4594,9.7807
2026-03-14 09:15:03.820,1.0309,0.5162,9.6543
2026-03-14 09:15:03.830,1.3186,0.1851,9.8941
2026-03-14 09:15:03.840,0.9705,0.1221,9.69
2026-03-14 09:15:03.850,1.1064,-0.1613,9.63
2026-03-14 09:15:03.860,1.1219,0.1284,9.6167
2026-03-14 09:15:03.870,0.9828,-0.0816,9.3939
2026-03-14 09:15:03.880,1.1023,0.152,9.29
2026-03-14 09:15:03.890,0.7257,-0.0368,9.6211
2026-03-14 09:15:03.900,0.6405,0.1344,9.2969
2026-03-14 09:15:03.910,0.4402,0.0591,9.6718
2026-03-14 09:15:03.920,0.5294,-0.2264,9.7751
2026-03-14 09:15:03.930,0.0025,0.2314,10.1341
2026-03-14 09:15:03.940,-0.0862,0.4461,10.3068
2026-03-14 09:15:03.950,0.204,0.2994,10.0174
2026-03-14 09:15:03.960,-0.2509,0.416,10.015
2026-03-14 09:15:03.970,-0.5211,0.0642,9.8762
2026-03-14 09:15:03.980,-0.2275,0.1655,9.7455
2026-03-14 09:15:03.990,-0.2699,0.2954,9.9837
2026-03-14 09:15:04.000,-0.5327,0.1753,10.1623
2026-03-14 09:15:04.010,-0.7829,0.0973,10.3487
2026-03-14 09:15:04.020,-0.9024,-0.0192,10.3308
2026-03-14 09:15:04.030,-0.9978,-0.17,10.4102
2026-03-14 09:15:04.040,-1.1971,-0.3747,9.8744
2026-03-14 09:15:04.050,-1.363,-0.5867,10.1601
2026-03-14 09:15:04.060,-1.4207,-0.4466,9.526
2026-03-14 09:15:04.070,-1.4354,-0.6004,9.3893
2026-03-14 09:15:04.080,-1.332,-0.7159,9.2101
2026-03-14 09:15:04.090,-1.6483,-0.9679,9.5611
2026-03-14 09:15:04.100,-1.4272,-1.2291,9.5065
2026-03-14 09:15:04.110,-1.666,-1.3134,10.271
2026-03-14 09:15:04.120,-1.1743,-1.0252,10.03
2026-03-14 09:15:04.130,-1.2912,-1.291,9.5877
2026-03-14 09:15:04.140,-1.2425,-1.346,9.4368
2026-03-14 09:15:04.150,-1.1824,-1.1182,9.735
2026-03-14 09:15:04.160,-0.8798,-0.7589,9.6467
2026-03-14 09:15:04.170,-0.7875,-0.5138,9.5561
2026-03-14 09:15:04.180,-0.5836,-0.3651,9.9006
2026-03-14 09:15:04.190,-0.2876,-0.178,9.794
2026-03-14 09:15:04.200,-0.1395,-0.1658,10.1666
2026-03-14 09:15:04.210,0.0607,0.3098,9.9625
2026-03-14 09:15:04.220,0.1233,0.3083,10.062
2026-03-14 09:15:04.230,0.6302,0.9285,10.0526
2026-03-14 09:15:04.240,1.0181,0.7799,9.8171
2026-03-14 09:15:04.250,,1.0101,9.7432
2026-03-14 09:15:04.260,1.1908,0.9123,9.751
2026-03-14 09:15:04.270,0.9231,1.0675,9.9259
2026-03-14 09:15:04.280,1.124,1.1086,10.4265
2026-03-14 09:15:04.290,1.5087,1.0884,10.0244
2026-03-14 09:15:04.300,1.6435,1.047,10.5255
2026-03-14 09:15:04.310,1.3794,0.8005,9.9072
2026-03-14 09:15:04.320,1.4547,0.6963,9.8848
2026-03-14 09:15:04.330,1.2978,0.5568,9.7318
2026-03-14 09:15:04.340,1.1306,0.6069,9.2876
2026-03-14 09:15:04.350,1.1603,0.2308,9.6808
2026-03-14 09:15:04.360,1.0377,0.433,9.4729
2026-03-14 09:15:04.370,0.9649,0.0637,9.6655
2026-03-14 09:15:04.380,1.1727,-0.0282,10.0053
2026-03-14 09:15:04.390,1.0329,,9.645
2026-03-14 09:15:04.400,1.0292,-0.0214,9.4752
2026-03-14 09:15:04.410,0.7474,,9.7757
2026-03-14 09:15:04.420,0.6931,-0.1072,9.4665
2026-03-14 09:15:04.430,0.8497,0.2819,9.3725
2026-03-14 09:15:04.440,0.4573,-0.1273,9.6531
2026-03-14 09:15:04.450,0.2744,0.1437,9.8334
2026-03-14 09:15:04.460,0.1042,0.2955,10.0497
2026-03-14 09:15:04.470,0.0824,0.2507,10.3415
2026-03-14 09:15:04.480,0.1333,0.4501,10.1761
2026-03-14 09:15:04.490,-0.1512,0.318,10.3277
2026-03-14 09:15:04.500,-0.2479,0.1902,10.0446
2026-03-14 09:15:04.510,-0.2275,0.1849,9.5522
2026-03-14 09:15:04.520,-0.5514,0.1433,9.503
2026-03-14 09:15:04.530,-0.6291,0.2161,10.0256
2026-03-14 09:15:04.540,-0.5608,-0.1934,9.662
2026-03-14 09:15:04.550,-0.9889,0.0516,10.0289
2026-03-14 09:15:04.560,-1.3905,-0.4915,10.2812
2026-03-14 09:15:04.570,-1.25,-0.5492,10.1263
2026-03-14 09:15:04.580,-1.1381,-0.6821,10.5332
2026-03-14 09:15:04.590,-1.5064,-0.7952,9.7652
2026-03-14 09:15:04.600,-1.4115,-0.638,9.6602
2026-03-14 09:15:04.610,-1.574,-0.9213,9.3809
2026-03-14 09:15:04.620,-1.7397,-0.9673,9.3353
2026-03-14 09:15:04.630,-1.8212,-1.0876,9.7101
2026-03-14 09:15:04.640,-1.4232,-1.0725,9.3616
2026-03-14 09:15:04.650,-1.4458,-1.0353,9.7881
2026-03-14 09:15:04.660,-1.4852,-1.4288,9.9604
2026-03-14 09:15:04.670,-1.082,-1.0134,9.3597
2026-03-14 09:15:04.680,-1.2904,-0.938,9.3137
2026-03-14 09:15:04.690,-0.9534,-0.9219,9.4311
2026-03-14 09:15:04.700,-0.6831,-0.5901,9.1895
2026-03-14 09:15:04.710,-0.4048,-0.4136,9.3022
2026-03-14 09:15:04.720,-0.2889,-0.2554,9.4285
2026-03-14 09:15:04.730,-0.1073,-0.0118,10.0433
2026-03-14 09:15:04.740,0.0783,0.2868,10.3225
2026-03-14 09:15:04.750,0.3797,0.3846,10.1013
2026-03-14 09:15:04.760,0.8942,0.5614,10.4282
2026-03-14 09:15:04.770,0.6312,0.7112,10.1134
2026-03-14 09:15:04.780,0.9737,0.992,9.8446
2026-03-14 09:15:04.790,0.6296,1.081,9.9901
2026-03-14 09:15:04.800,1.3539,0.8991,10.0096
2026-03-14 09:15:04.810,1.1378,1.1352,9.7131
2026-03-14 09:15:04.820,1.0979,1.0501,10.0196
2026-03-14 09:15:04.830,1.1485,0.7253,9.749
2026-03-14 09:15:04.840,1.5155,0.7432,9.8974
2026-03-14 09:15:04.850,1.3525,0.8091,9.4373
2026-03-14 09:15:04.860,1.1948,0.5631,9.5834
2026-03-14 09:15:04.870,1.1674,0.2182,9.979
2026-03-14 09:15:04.880,1.3461,0.2945,9.1416
2026-03-14 09:15:04.890,1.4267,0.3076,9.326
2026-03-14 09:15:04.900,1.0702,0.2205,9.6161
2026-03-14 09:15:04.910,1.1124,-0.0511,9.4566
2026-03-14 09:15:04.920,0.9113,-0.0988,9.5893
2026-03-14 09:15:04.930,0.7738,0.1394,9.7982
2026-03-14 09:15:04.940,0.7197,0.0218,9.4772
2026-03-14 09:15:04.950,0.6551,-0.0191,9.8262
2026-03-14 09:15:04.960,0.4451,-0.1232,9.5018
2026-03-14 09:15:04.970,0.3998,0.06,9.4627
2026-03-14 09:15:04.980,0.2042,0.0613,9.6606
2026-03-14 09:15:04.990,0.0825,0.1204,9.5173
2026-03-14 09:15:05.000,0.1,0.1141,9.8209
2026-03-14 09:15:05.010,-0.1157,0.1898,10.0687
2026-03-14 09:15:05.020,-0.182,0.3658,10.3206
2026-03-14 09:15:05.030,-0.5586,0.0401,10.3512
2026-03-14 09:15:05.040,-0.5427,0.4697,10.0917
2026-03-14 09:15:05.050,-0.6694,0.4298,10.3332
2026-03-14 09:15:05.060,-0.8447,0.2614,10.3036
2026-03-14 09:15:05.070,-0.6692,-0.2076,9.5894
2026-03-14 09:15:05.080,-0.9975,0.2165,9.5531
2026-03-14 09:15:05.090,-1.0743,-0.2827,10.1815
2026-03-14 09:15:05.100,-1.3544,-0.5902,9.7653
2026-03-14 09:15:05.110,-1.1203,-0.5166,10.0566
2026-03-14 09:15:05.120,-1.1453,-0.6691,9.9803
2026-03-14 09:15:05.130,-1.5114,,9.6358
2026-03-14 09:15:05.140,-1.3348,-0.9296,9.817
2026-03-14 09:15:05.150,-1.5874,-1.0089,9.2456
2026-03-14 09:15:05.160,-1.2222,-1.0779,9.1681
2026-03-14 09:15:05.170,-1.4799,-1.2333,9.2178
2026-03-14 09:15:05.180,-1.2551,-1.2212,9.668
2026-03-14 09:15:05.190,-1.2566,-1.1431,9.5373
2026-03-14 09:15:05.200,-1.2613,-1.1604,9.7422
2026-03-14 09:15:05.210,-0.9507,-0.958,9.6768
2026-03-14 09:15:05.220,-0.648,-0.7692,9.7801
2026-03-14 09:15:05.230,-0.6301,-0.4762,9.8295
2026-03-14 09:15:05.240,-0.2984,-0.1797,9.5582
2026-03-14 09:15:05.250,-0.1195,0.1604,9.5409
2026-03-14 09:15:05.260,0.029,0.1527,10.0847
2026-03-14 09:15:05.270,0.1944,0.704,9.8106
2026-03-14 09:15:05.280,0.726,0.5933,10.464
2026-03-14 09:15:05.290,0.8068,0.6638,10.2316
2026-03-14 09:15:05.300,1.0739,0.8073,10.414
2026-03-14 09:15:05.310,0.9591,0.93,9.9713
2026-03-14 09:15:05.320,1.0482,1.0429,10.2175
2026-03-14 09:15:05.330,1.2615,,10.1366
2026-03-14 09:15:05.340,1.5427,1.0553,10.0971
2026-03-14 09:15:05.350,1.4399,0.9118,9.7765
2026-03-14 09:15:05.360,1.4166,0.6698,9.8496
2026-03-14 09:15:05.370,1.2505,1.0345,9.9533
2026-03-14 09:15:05.380,1.3004,0.3986,9.9077
2026-03-14 09:15:05.390,1.3527,0.7465,10.1636
2026-03-14 09:15:05.400,1.3646,0.6352,10.1293
2026-03-14 09:15:05.410,1.1912,0.0884,9.582
2026-03-14 09:15:05.420,1.1208,0.2039,9.4849
2026-03-14 09:15:05.430,1.1055,0.178,9.3324
2026-03-14 09:15:05.440,1.0015,0.0686,9.153
2026-03-14 09:15:05.450,0.7715,-0.255,9.687
2026-03-14 09:15:05.460,0.8587,0.0047,9.5791
2026-03-14 09:15:05.470,0.6743,0.0016,9.8266
2026-03-14 09:15:05.480,0.6655,-0.0562,10.1407
2026-03-14 09:15:05.490,0.935,-0.111,10.0569
2026-03-14 09:15:05.500,0.7464,0.1839,9.7458
2026-03-14 09:15:05.510,0.1348,0.2196,9.4487
2026-03-14 09:15:05.520,-0.0847,0.2925,9.8578
2026-03-14 09:15:05.530,0.1246,0.2487,9.776
2026-03-14 09:15:05.540,-0.1474,0.3142,9.9852
2026-03-14 09:15:05.550,-0.1416,0.1712,9.8669
2026-03-14 09:15:05.560,-0.2954,0.3695,10.2743
2026-03-14 09:15:05.570,-0.4302,0.2251,10.2833
2026-03-14 09:15:05.580,-0.5952,0.2769,9.9444
2026-03-14 09:15:05.590,-0.8066,-0.1792,
2026-03-14 09:15:05.600,-1.0286,-0.0851,9.9412
2026-03-14 09:15:05.610,-1.2255,-0.3296,9.8752
2026-03-14 09:15:05.620,-0.9804,-0.2383,9.6413
2026-03-14 09:15:05.630,-1.3546,-0.326,9.8356
2026-03-14 09:15:05.640,-1.4053,-0.8631,10.1483
2026-03-14 09:15:05.650,-1.4885,-1.0081,10.0356
2026-03-14 09:15:05.660,-1.5596,-1.2083,9.8964
2026-03-14 09:15:05.670,-1.4336,,9.8061
2026-03-14 09:15:05.680,-1.468,-1.092,9.6946
2026-03-14 09:15:05.690,-1.62,-1.3749,9.5823
2026-03-14 09:15:05.700,-1.4203,-1.3986,9.0553
2026-03-14 09:15:05.710,-1.132,-1.1846,9.4101
2026-03-14 09:15:05.720,-1.1407,-1.091,8.9714
2026-03-14 09:15:05.730,-0.9692,-0.6674,9.9025
2026-03-14 09:15:05.740,-1.0651,-0.7052,10.0156
2026-03-14 09:15:05.750,-0.7728,-0.7375,9.8388
2026-03-14 09:15:05.760,-0.5769,-0.5332,9.9679
2026-03-14 09:15:05.770,-0.1892,,9.8486
2026-03-14 09:15:05.780,-0.0226,-0.0779,9.7187
2026-03-14 09:15:05.790,-0.1392,0.3305,9.8079
2026-03-14 09:15:05.800,0.3628,0.3668,9.7794
2026-03-14 09:15:05.810,0.5329,0.8356,9.7959
2026-03-14 09:15:05.820,0.64,0.7763,10.2062
2026-03-14 09:15:05.830,0.5128,0.6283,10.3241
2026-03-14 09:15:05.840,0.9701,0.9665,10.06
2026-03-14 09:15:05.850,1.2283,1.1164,10.5674
2026-03-14 09:15:05.860,1.3043,1.3457,9.8575
2026-03-14 09:15:05.870,1.4376,1.1349,9.7677
2026-03-14 09:15:05.880,1.323,0.9507,9.6672
2026-03-14 09:15:05.890,1.5079,0.7301,9.4138
2026-03-14 09:15:05.900,1.5441,0.8328,9.6826
2026-03-14 09:15:05.910,1.4037,0.6506,9.7578
2026-03-14 09:15:05.920,1.56,0.4804,10.0157
2026-03-14 09:15:05.930,1.4565,0.4534,10.0063
2026-03-14 09:15:05.940,,-0.2228,10.073
2026-03-14 09:15:05.950,1.3115,0.068,9.9866
2026-03-14 09:15:05.960,1.4622,0.214,9.8437
2026-03-14 09:15:05.970,1.1647,0.4703,9.3035
2026-03-14 09:15:05.980,1.0393,-0.074,9.2536
2026-03-14 09:15:05.990,0.8322,-0.0535,9.3303
2026-03-14 09:15:06.000,0.7812,-0.06,9.1157
2026-03-14 09:15:06.010,0.479,-0.0061,9.5458
2026-03-14 09:15:06.020,0.4555,-0.1038,10.3311
2026-03-14 09:15:06.030,0.1896,0.3036,10.2499
2026-03-14 09:15:06.040,0.0812,0.2946,9.9201
2026-03-14 09:15:06.050,0.1628,0.3661,9.7888
2026-03-14 09:15:06.060,0.0385,0.3582,10.1036
2026-03-14 09:15:06.070,0.1922,0.4129,9.7039
2026-03-14 09:15:06.080,-0.3188,0.792,9.582
2026-03-14 09:15:06.090,-0.3158,0.2444,9.8367
2026-03-14 09:15:06.100,-0.6489,0.3325,
2026-03-14 09:15:06.110,-0.5037,0.2005,10.3096
2026-03-14 09:15:06.120,-0.7753,0.2484,10.2592
2026-03-14 09:15:06.130,-1.1045,-0.0887,10.083
2026-03-14 09:15:06.140,-1.0068,-0.2678,10.1724
2026-03-14 09:15:06.150,-1.0896,-0.3829,9.5228
2026-03-14 09:15:06.160,-1.2193,-0.5721,9.5155
2026-03-14 09:15:06.170,-1.3847,-0.9058,9.409
2026-03-14 09:15:06.180,-1.5095,-0.9929,9.7469
2026-03-14 09:15:06.190,-1.3998,-1.0582,10.0223
2026-03-14 09:15:06.200,-1.5784,-1.035,9.5579
2026-03-14 09:15:06.210,-1.3743,-0.9968,9.8289
2026-03-14 09:15:06.220,-1.5563,-1.0464,9.83
2026-03-14 09:15:06.230,-1.4593,-1.1043,9.3848
2026-03-14 09:15:06.240,-1.3556,-1.4491,9.4238
2026-03-14 09:15:06.250,-0.9569,-1.0203,9.2385
2026-03-14 09:15:06.260,,-0.8339,8.8626
2026-03-14 09:15:06.270,-0.6341,-0.8833,9.1808
2026-03-14 09:15:06.280,,-0.5617,9.8767
2026-03-14 09:15:06.290,-0.5001,-0.4192,9.9915
2026-03-14 09:15:06.300,-0.3637,-0.1216,10.002
2026-03-14 09:15:06.310,0.0709,-0.1174,10.1955
2026-03-14 09:15:06.320,-0.1534,0.253,10.0673
2026-03-14 09:15:06.330,0.1796,0.5682,9.7024
2026-03-14 09:15:06.340,0.832,0.7596,9.3351
2026-03-14 09:15:06.350,0.7659,0.717,9.6978
2026-03-14 09:15:06.360,0.7215,0.8208,10.1471
2026-03-14 09:15:06.370,1.2147,1.1815,10.3162
2026-03-14 09:15:06.380,1.3243,1.011,10.322
2026-03-14 09:15:06.390,1.1382,1.1185,10.5238
2026-03-14 09:15:06.400,1.3999,1.1052,9.9892
2026-03-14 09:15:06.410,1.6114,0.8982,9.7587
2026-03-14 09:15:06.420,1.4667,0.9499,9.2689
2026-03-14 09:15:06.430,1.2319,0.6892,9.9213
2026-03-14 09:15:06.440,1.6855,0.3763,9.5023
2026-03-14 09:15:06.450,1.3182,0.476,9.5576
2026-03-14 09:15:06.460,1.4909,0.6131,10.2132
2026-03-14 09:15:06.470,1.3044,0.0343,9.7912
2026-03-14 09:15:06.480,1.1107,-0.1264,10.0287
2026-03-14 09:15:06.490,,-0.1642,9.606
2026-03-14 09:15:06.500,0.6833,-0.218,9.9057
2026-03-14 09:15:06.510,0.815,-0.0705,9.8453
2026-03-14 09:15:06.520,0.7567,-0.0215,9.0488
2026-03-14 09:15:06.530,0.686,0.1092,9.6228
2026-03-14 09:15:06.540,0.5907,0.0551,9.4646
2026-03-14 09:15:06.550,0.508,-0.2255,9.9488
2026-03-14 09:15:06.560,0.5333,0.3933,9.8186
2026-03-14 09:15:06.570,0.1816,0.1685,10.1354
2026-03-14 09:15:06.580,-0.1769,0.114,9.9777
2026-03-14 09:15:06.590,-0.1603,0.1421,9.7849
2026-03-14 09:15:06.600,-0.02,0.0998,9.7722
2026-03-14 09:15:06.610,-0.3901,0.1703,9.4445
2026-03-14 09:15:06.620,-0.6743,0.0384,9.8304
2026-03-14 09:15:06.630,-0.8129,0.2899,9.6839
2026-03-14 09:15:06.640,-0.8745,-0.0628,9.9079
2026-03-14 09:15:06.650,-0.9206,-0.0454,10.0303
2026-03-14 09:15:06.660,-1.3298,-0.3626,10.2899
2026-03-14 09:15:06.670,-1.2123,-0.3132,10.4443
2026-03-14 09:15:06.680,-1.0872,-0.4935,9.5434
2026-03-14 09:15:06.690,-1.2492,-0.6538,9.2035
2026-03-14 09:15:06.700,-1.3749,-0.6258,9.1169
2026-03-14 09:15:06.710,-1.2918,-0.8549,9.7166
2026-03-14 09:15:06.720,-1.5769,-1.0698,9.4498
2026-03-14 09:15:06.730,-1.6899,-1.1529,
2026-03-14 09:15:06.740,-1.2949,-1.0309,9.342
2026-03-14 09:15:06.750,-1.461,-1.3098,10.0282
2026-03-14 09:15:06.760,-1.0941,-1.2627,9.8381
2026-03-14 09:15:06.770,-1.0078,-1.3438,9.5196
2026-03-14 09:15:06.780,-1.0615,-0.6508,9.6609
2026-03-14 09:15:06.790,-0.9026,-0.6568,9.3674
2026-03-14 09:15:06.800,-0.629,-0.6489,9.6876
2026-03-14 09:15:06.810,-0.7451,-0.6967,9.4626
2026-03-14 09:15:06.820,-0.3336,-0.342,9.7344
2026-03-14 09:15:06.830,-0.1897,-0.0751,9.9352
2026-03-14 09:15:06.840,-0.3246,0.0897,10.163
2026-03-14 09:15:06.850,0.0622,0.3314,10.113
2026-03-14 09:15:06.860,0.4985,0.809,10.2969
2026-03-14 09:15:06.870,0.4053,0.7783,9.7774
2026-03-14 09:15:06.880,0.7742,1.0966,10.0354
2026-03-14 09:15:06.890,1.1805,0.9835,9.9999
2026-03-14 09:15:06.900,1.2243,1.0521,10.2801
2026-03-14 09:15:06.910,1.3478,0.8359,10.1845
2026-03-14 09:15:06.920,1.1001,1.1615,10.1984
2026-03-14 09:15:06.930,1.3578,1.2422,10.1452
2026-03-14 09:15:06.940,0.8394,1.0477,9.9687
2026-03-14 09:15:06.950,1.2818,0.8159,10.0108
2026-03-14 09:15:06.960,1.5639,0.7262,9.5906
2026-03-14 09:15:06.970,1.1614,0.392,9.3937
2026-03-14 09:15:06.980,1.2878,0.0043,9.5401
2026-03-14 09:15:06.990,1.1375,0.4044,9.62
2026-03-14 09:15:07.000,1.3458,0.0514,9.6245
2026-03-14 09:15:07.010,0.8034,0.1737,9.5552
2026-03-14 09:15:07.020,1.1509,0.0312,9.8636
2026-03-14 09:15:07.030,0.9522,-0.081,9.8479
2026-03-14 09:15:07.040,0.8998,0.2571,9.658
2026-03-14 09:15:07.050,0.5926,-0.1871,9.5365
2026-03-14 09:15:07.060,0.4474,-0.1547,9.5227
2026-03-14 09:15:07.070,0.6371,0.0208,9.7071
2026-03-14 09:15:07.080,0.5565,0.1255,9.3533
2026-03-14 09:15:07.090,0.0634,0.413,9.8087
2026-03-14 09:15:07.100,0.166,0.057,9.7847
2026-03-14 09:15:07.110,0.0749,0.2699,10.2433
2026-03-14 09:15:07.120,-0.4232,0.4617,10.3776
2026-03-14 09:15:07.130,-0.3445,0.2172,10.3881
2026-03-14 09:15:07.140,-0.1195,0.357,10.0126
2026-03-14 09:15:07.150,-0.4108,0.1182,10.0424
2026-03-14 09:15:07.160,-0.944,0.3017,9.5747
2026-03-14 09:15:07.170,-1.0769,0.1641,9.8482
2026-03-14 09:15:07.180,-1.0256,0.0779,9.9926
2026-03-14 09:15:07.190,-1.1011,-0.4115,10.2315
2026-03-14 09:15:07.200,-1.3213,-0.1728,10.2409
2026-03-14 09:15:07.210,-1.2037,-0.5888,10.5363
2026-03-14 09:15:07.220,-1.3807,-0.7016,9.7212
2026-03-14 09:15:07.230,-1.4374,-1.0216,9.9024
2026-03-14 09:15:07.240,-1.6503,-0.9282,9.4555
2026-03-14 09:15:07.250,-1.455,-1.0097,9.2846
2026-03-14 09:15:07.260,-1.7491,-1.06,9.6555
2026-03-14 09:15:07.270,-1.578,-1.033,9.795
2026-03-14 09:15:07.280,-1.2934,-0.8735,9.8438
2026-03-14 09:15:07.290,-1.1194,-1.1237,9.9271
2026-03-14 09:15:07.300,-1.0924,-1.0468,10.0245
2026-03-14 09:15:07.310,-1.366,-1.1166,9.8378
2026-03-14 09:15:07.320,-0.5817,-0.7939,9.7646
2026-03-14 09:15:07.330,-0.5051,-0.65,9.9675
2026-03-14 09:15:07.340,-0.44,-0.3375,10.3461
2026-03-14 09:15:07.350,-0.5159,0.0815,9.5825
2026-03-14 09:15:07.360,-0.212,0.0456,9.9796
2026-03-14 09:15:07.370,0.2399,0.3463,9.8193
2026-03-14 09:15:07.380,0.3585,0.3872,10.6204
2026-03-14 09:15:07.390,0.6712,0.6909,10.7061
2026-03-14 09:15:07.400,0.685,0.5231,9.9165
2026-03-14 09:15:07.410,0.6241,1.099,9.906
2026-03-14 09:15:07.420,0.9505,0.8866,9.9442
2026-03-14 09:15:07.430,1.4174,1.0201,9.6419
2026-03-14 09:15:07.440,1.1378,0.8917,9.1089
2026-03-14 09:15:07.450,1.2947,1.2817,9.7575
2026-03-14 09:15:07.460,1.2305,0.6832,9.9734
2026-03-14 09:15:07.470,1.1995,0.8147,9.758
2026-03-14 09:15:07.480,1.1708,0.9503,10.0904
2026-03-14 09:15:07.490,1.2621,0.6264,9.8531
2026-03-14 09:15:07.500,1.4048,0.3979,9.9927
2026-03-14 09:15:07.510,1.5555,0.1765,9.3782
2026-03-14 09:15:07.520,1.3716,-0.167,9.1313
2026-03-14 09:15:07.530,1.1415,0.2574,9.1912
2026-03-14 09:15:07.540,1.1001,-0.0486,9.3711
2026-03-14 09:15:07.550,0.8687,-0.1613,9.3401
2026-03-14 09:15:07.560,1.042,-0.0859,9.5265
2026-03-14 09:15:07.570,0.825,0.0334,9.7543
2026-03-14 09:15:07.580,0.4473,-0.0141,9.7743
2026-03-14 09:15:07.590,0.7627,0.0398,9.8855
2026-03-14 09:15:07.600,0.6742,0.0799,9.5067
2026-03-14 09:15:07.610,0.4342,0.2512,9.4557
2026-03-14 09:15:07.620,0.3234,0.2987,9.6399
2026-03-14 09:15:07.630,0.2183,0.2197,9.9265
2026-03-14 09:15:07.640,-0.0988,0.197,10.0828
2026-03-14 09:15:07.650,-0.0502,0.1519,10.3479
2026-03-14 09:15:07.660,-0.1764,0.2374,10.0847
2026-03-14 09:15:07.670,-0.6177,0.2374,10.0162
2026-03-14 09:15:07.680,-0.5791,0.3333,9.9805
2026-03-14 09:15:07.690,-0.8221,-0.0399,9.7532
2026-03-14 09:15:07.700,-0.4034,0.1768,9.6237
2026-03-14 09:15:07.710,-1.1292,0.142,9.6703
2026-03-14 09:15:07.720,-1.3456,-0.1553,10.224
2026-03-14 09:15:07.730,-1.2691,-0.2691,9.9896
2026-03-14 09:15:07.740,-1.4732,-0.7237,10.3096
2026-03-14 09:15:07.750,-1.6707,-0.7834,9.9236
2026-03-14 09:15:07.760,-1.1732,-1.025,9.8117
2026-03-14 09:15:07.770,-1.4323,-1.3097,9.671
2026-03-14 09:15:07.780,-1.7098,-1.1277,9.8831
2026-03-14 09:15:07.790,-1.4792,-1.4074,9.144
2026-03-14 09:15:07.800,-1.3934,-1.0845,9.3216
2026-03-14 09:15:07.810,-1.1801,-0.8269,9.4655
2026-03-14 09:15:07.820,-1.4503,-1.1999,9.6601
2026-03-14 09:15:07.830,-1.3588,-0.9896,9.6389
2026-03-14 09:15:07.840,-1.0274,-0.7355,10.109
2026-03-14 09:15:07.850,-0.8451,-0.981,9.9471
2026-03-14 09:15:07.860,-0.5827,-0.4578,9.3355
2026-03-14 09:15:07.870,-0.1941,-0.2384,9.6457
2026-03-14 09:15:07.880,-0.3418,-0.1796,9.2744
2026-03-14 09:15:07.890,-0.1139,-0.1229,9.5794
2026-03-14 09:15:07.900,0.2548,0.2256,9.71
2026-03-14 09:15:07.910,0.4883,0.5929,10.2164
2026-03-14 09:15:07.920,0.6244,0.7721,10.1788
2026-03-14 09:15:07.930,0.6448,0.8489,10.3692
2026-03-14 09:15:07.940,0.7581,0.8157,10.1404
2026-03-14 09:15:07.950,0.9852,0.9269,10.3946
2026-03-14 09:15:07.960,1.0795,1.0708,10.3652
2026-03-14 09:15:07.970,1.2225,1.0896,9.5778
2026-03-14 09:15:07.980,1.3675,0.6853,9.8056
2026-03-14 09:15:07.990,1.3293,0.9533,9.9231
2026-03-14 09:15:08.000,1.3551,0.7656,9.7263
2026-03-14 09:15:08.010,1.5065,0.7083,9.9041
2026-03-14 09:15:08.020,1.5292,0.6009,10.2177
2026-03-14 09:15:08.030,1.3554,0.5406,10.6134
2026-03-14 09:15:08.040,0.9888,0.3793,9.497
2026-03-14 09:15:08.050,1.222,0.1222,9.5231
2026-03-14 09:15:08.060,1.3374,0.3444,9.375
2026-03-14 09:15:08.070,1.0663,-0.0006,9.3441
2026-03-14 09:15:08.080,1.0251,-0.0359,9.2823
2026-03-14 09:15:08.090,0.947,0.0317,9.7079
2026-03-14 09:15:08.100,0.6435,-0.0497,9.8962
2026-03-14 09:15:08.110,0.6583,-0.1439,
2026-03-14 09:15:08.120,0.4262,-0.1428,9.8226
2026-03-14 09:15:08.130,0.2621,0.1114,9.8337
2026-03-14 09:15:08.140,0.4205,0.3681,10.0783
2026-03-14 09:15:08.150,-0.0823,0.0307,9.6285
2026-03-14 09:15:08.160,-0.1303,0.6475,9.263
2026-03-14 09:15:08.170,0.0885,0.4768,
2026-03-14 09:15:08.180,-0.2315,0.4178,9.8797
2026-03-14 09:15:08.190,-0.4719,0.4982,9.847
2026-03-14 09:15:08.200,-0.5414,0.3179,10.2705
2026-03-14 09:15:08.210,-0.7493,0.2498,10.3191
2026-03-14 09:15:08.220,-0.8983,0.2919,10.3056
2026-03-14 09:15:08.230,-0.9582,-0.1382,9.9473
2026-03-14 09:15:08.240,-0.9985,-0.255,9.7126
2026-03-14 09:15:08.250,-0.9189,-0.188,9.8344
2026-03-14 09:15:08.260,-1.252,-0.2954,9.4442
2026-03-14 09:15:08.270,-1.6113,-0.9183,9.6687
2026-03-14 09:15:08.280,-1.6348,-0.9949,10.0238
2026-03-14 09:15:08.290,-1.629,-0.8648,10.2131
2026-03-14 09:15:08.300,-1.5991,-0.832,10.1953
2026-03-14 09:15:08.310,-1.7423,-0.937,9.7637
2026-03-14 09:15:08.320,-1.6037,-1.2259,9.3034
2026-03-14 09:15:08.330,-1.4088,-1.1829,9.2903
2026-03-14 09:15:08.340,-1.3092,,9.234
2026-03-14 09:15:08.350,-1.3422,-1.1552,9.6592
2026-03-14 09:15:08.360,-1.0806,-1.0855,9.4718
2026-03-14 09:15:08.370,-1.2586,-0.8978,9.5345
2026-03-14 09:15:08.380,-0.7901,-0.5334,9.8684
2026-03-14 09:15:08.390,-0.5847,-0.3222,10.0669
2026-03-14 09:15:08.400,-0.5738,-0.0014,10.0131
2026-03-14 09:15:08.410,-0.1348,0.1951,9.9125
2026-03-14 09:15:08.420,-0.0076,0.1838,9.9235
2026-03-14 09:15:08.430,0.3899,0.6608,9.6851
2026-03-14 09:15:08.440,0.4362,0.8506,9.7301
2026-03-14 09:15:08.450,0.3058,1.0048,9.6619
2026-03-14 09:15:08.460,0.8294,0.9098,10.2958
2026-03-14 09:15:08.470,1.1646,0.9477,10.3448
2026-03-14 09:15:08.480,0.883,1.0253,10.2537
2026-03-14 09:15:08.490,1.1169,1.1722,9.7788
2026-03-14 09:15:08.500,1.2828,0.949,9.8743
2026-03-14 09:15:08.510,1.3713,1.178,10.2064
2026-03-14 09:15:08.520,1.453,0.8026,9.4195
2026-03-14 09:15:08.530,1.4684,0.7638,9.9031
2026-03-14 09:15:08.540,1.5022,0.7199,9.6827
2026-03-14 09:15:08.550,1.1651,0.518,9.8756
2026-03-14 09:15:08.560,1.2929,0.1981,10.3646
2026-03-14 09:15:08.570,1.1959,0.4801,10.1297
2026-03-14 09:15:08.580,1.06,0.1942,9.7062
2026-03-14 09:15:08.590,0.6086,0.0196,9.762
2026-03-14 09:15:08.600,1.0766,-0.0894,9.4251
2026-03-14 09:15:08.610,0.7981,-0.0531,9.3945
2026-03-14 09:15:08.620,0.8954,-0.2235,9.2891
2026-03-14 09:15:08.630,0.6221,-0.1925,9.7218
2026-03-14 09:15:08.640,0.3872,0.0373,9.8496
2026-03-14 09:15:08.650,0.7161,-0.2493,9.8734
2026-03-14 09:15:08.660,0.528,0.0259,10.1984
2026-03-14 09:15:08.670,0.3211,-0.0036,9.6301
2026-03-14 09:15:08.680,-0.0037,0.2277,9.5483
2026-03-14 09:15:08.690,0.3453,0.4444,9.9209
2026-03-14 09:15:08.700,-0.138,0.3416,9.7536
2026-03-14 09:15:08.710,-0.2614,0.4128,9.5018
2026-03-14 09:15:08.720,-0.3599,,10.0901
2026-03-14 09:15:08.730,-0.4447,0.2535,10.082
2026-03-14 09:15:08.740,-0.5875,0.317,10.0984
2026-03-14 09:15:08.750,-0.7646,-0.0566,10.375
2026-03-14 09:15:08.760,-0.9707,-0.0752,10.1953
2026-03-14 09:15:08.770,-1.1536,-0.0649,10.146
2026-03-14 09:15:08.780,-1.3145,-0.2415,9.6646
2026-03-14 09:15:08.790,-1.1482,-0.6046,9.6433
2026-03-14 09:15:08.800,-1.0951,-0.6468,9.7871
2026-03-14 09:15:08.810,-1.55,-0.9501,9.6941
2026-03-14 09:15:08.820,-1.3843,-0.8023,9.6011
2026-03-14 09:15:08.830,-1.7414,-0.9173,9.7261
2026-03-14 09:15:08.840,-1.254,-1.0433,9.9458
2026-03-14 09:15:08.850,-1.3764,-1.236,9.8282
2026-03-14 09:15:08.860,-1.4507,-1.2781,9.6321
2026-03-14 09:15:08.870,-1.5886,-1.156,9.1843
2026-03-14 09:15:08.880,-1.3017,-1.4485,9.6856
2026-03-14 09:15:08.890,-0.8109,-0.9117,9.4391
2026-03-14 09:15:08.900,-0.8881,-0.8286,9.292
2026-03-14 09:15:08.910,-0.6109,-0.305,9.7026
2026-03-14 09:15:08.920,-0.3691,-0.4149,9.3767
2026-03-14 09:15:08.930,-0.1793,-0.0719,9.7706
2026-03-14 09:15:08.940,-0.0967,,10.3052
2026-03-14 09:15:08.950,0.2086,0.3821,10.2085
2026-03-14 09:15:08.960,0.1566,0.5236,10.2078
2026-03-14 09:15:08.970,0.5649,0.6278,9.7474
2026-03-14 09:15:08.980,0.8326,0.6873,9.8034
2026-03-14 09:15:08.990,0.9267,0.8596,9.9357
2026-03-14 09:15:09.000,1.0872,0.8516,10.0534
2026-03-14 09:15:09.010,1.0266,1.0153,10.208
2026-03-14 09:15:09.020,1.1954,0.9263,10.7102
2026-03-14 09:15:09.030,1.3668,0.9803,9.7733
2026-03-14 09:15:09.040,1.3898,0.9891,10.1387
2026-03-14 09:15:09.050,1.3726,0.9658,9.5652
2026-03-14 09:15:09.060,1.6066,0.5413,9.6587
2026-03-14 09:15:09.070,1.3941,0.5653,9.5276
2026-03-14 09:15:09.080,1.4032,0.4268,9.2935
2026-03-14 09:15:09.090,1.5157,0.1352,9.4771
2026-03-14 09:15:09.100,1.318,0.1776,9.6488
2026-03-14 09:15:09.110,1.0743,0.0118,9.9183
2026-03-14 09:15:09.120,1.2206,-0.1315,10.0621
2026-03-14 09:15:09.130,1.0448,0.0836,9.8005
2026-03-14 09:15:09.140,0.8546,0.1318,9.6403
2026-03-14 09:15:09.150,0.6206,-0.2709,9.4357
2026-03-14 09:15:09.160,0.6952,0.1586,9.3899
2026-03-14 09:15:09.170,0.7007,0.1574,9.3444
2026-03-14 09:15:09.180,0.4095,-0.091,9.6454
2026-03-14 09:15:09.190,0.3524,0.0585,10.2142
2026-03-14 09:15:09.200,0.2409,0.1529,9.8952
2026-03-14 09:15:09.210,0.0622,0.2127,10.0295
2026-03-14 09:15:09.220,-0.0282,0.1974,9.4943
2026-03-14 09:15:09.230,-0.2691,0.3245,10.1558
2026-03-14 09:15:09.240,-0.6348,0.4923,9.8383
2026-03-14 09:15:09.250,-0.5466,0.2199,9.764
2026-03-14 09:15:09.260,-0.4984,0.2399,9.7368
2026-03-14 09:15:09.270,-0.6623,0.1887,9.8996
2026-03-14 09:15:09.280,-0.8358,-0.0181,9.8818
2026-03-14 09:15:09.290,-0.7918,-0.1784,10.2403
2026-03-14 09:15:09.300,-1.2342,-0.2758,10.0388
2026-03-14 09:15:09.310,-1.1136,-0.5085,10.203
2026-03-14 09:15:09.320,-1.4427,-0.3886,9.5915
2026-03-14 09:15:09.330,-1.3443,-0.8484,10.115
2026-03-14 09:15:09.340,-1.5323,-0.8261,9.2698
2026-03-14 09:15:09.350,-1.5861,-0.7278,9.2619
2026-03-14 09:15:09.360,-1.7871,-1.1614,9.628
2026-03-14 09:15:09.370,-1.1944,-1.2059,9.5127
2026-03-14 09:15:09.380,-1.7044,-1.2668,9.5426
2026-03-14 09:15:09.390,-1.3415,-1.1495,9.7206
2026-03-14 09:15:09.400,-1.3425,-1.3814,9.8433
2026-03-14 09:15:09.410,-1.2282,-0.8499,9.3518
2026-03-14 09:15:09.420,-1.0048,-0.8656,9.5419
2026-03-14 09:15:09.430,-1.0265,-0.8128,9.3208
2026-03-14 09:15:09.440,-0.8217,-0.4039,9.3566
2026-03-14 09:15:09.450,-0.5265,-0.235,9.8252
2026-03-14 09:15:09.460,-0.2645,-0.2979,10.0236
2026-03-14 09:15:09.470,-0.1019,0.2481,9.8487
2026-03-14 09:15:09.480,0.3344,0.2816,10.3246
2026-03-14 09:15:09.490,0.4211,0.5536,10.2184
2026-03-14 09:15:09.500,0.9035,0.6967,9.9383
2026-03-14 09:15:09.510,0.9097,0.6943,9.9821
2026-03-14 09:15:09.520,0.6494,1.0488,9.4694
2026-03-14 09:15:09.530,1.0705,0.9221,9.538
2026-03-14 09:15:09.540,1.4305,1.0925,10.3994
2026-03-14 09:15:09.550,1.4387,0.9455,10.4918
2026-03-14 09:15:09.560,1.5182,0.9281,9.9581
2026-03-14 09:15:09.570,1.3411,0.5768,9.8575
2026-03-14 09:15:09.580,1.2331,0.9262,10.167
2026-03-14 09:15:09.590,1.3392,0.7793,9.7917
2026-03-14 09:15:09.600,1.283,0.3716,9.7664
2026-03-14 09:15:09.610,1.4971,0.5177,9.4541
2026-03-14 09:15:09.620,0.944,0.4709,8.9205
2026-03-14 09:15:09.630,0.8292,0.4449,9.2724
2026-03-14 09:15:09.640,1.1883,0.1988,9.5365
2026-03-14 09:15:09.650,0.9732,0.0397,9.6255
2026-03-14 09:15:09.660,0.8033,-0.0904,9.7984
2026-03-14 09:15:09.670,0.6284,-0.0287,9.4853
2026-03-14 09:15:09.680,0.7305,-0.0705,9.5028
2026-03-14 09:15:09.690,0.7558,-0.0109,9.7857
2026-03-14 09:15:09.700,0.1717,0.3104,8.9098
2026-03-14 09:15:09.710,0.3594,0.3093,9.4183
2026-03-14 09:15:09.720,0.1601,0.5563,9.8251
2026-03-14 09:15:09.730,0.5321,0.1262,9.6442
2026-03-14 09:15:09.740,0.189,-0.0299,9.8841
2026-03-14 09:15:09.750,-0.4766,0.4581,9.8965
2026-03-14 09:15:09.760,-0.4272,0.0062,10.0009
2026-03-14 09:15:09.770,-0.5659,0.3599,10.2014
2026-03-14 09:15:09.780,-0.5899,0.2602,9.8594
2026-03-14 09:15:09.790,-0.6833,0.238,9.4963
2026-03-14 09:15:09.800,-1.0259,0.0173,9.581
2026-03-14 09:15:09.810,-0.8796,-0.2854,10.0708
2026-03-14 09:15:09.820,-1.2556,0.0371,10.0015
2026-03-14 09:15:09.830,-0.8204,-0.3378,9.8776
2026-03-14 09:15:09.840,-1.0549,-0.4899,10.3771
2026-03-14 09:15:09.850,-1.3522,-0.5099,9.8832
2026-03-14 09:15:09.860,-1.3386,-0.869,9.7062
2026-03-14 09:15:09.870,-1.5205,-1.1627,9.4659
2026-03-14 09:15:09.880,-1.6744,-1.0351,9.4626
2026-03-14 09:15:09.890,-1.7129,-1.1272,9.2059
2026-03-14 09:15:09.900,-1.5867,-1.0176,9.4761
2026-03-14 09:15:09.910,-1.4675,-1.0594,9.6182
2026-03-14 09:15:09.920,-1.2688,-1.1349,9.7148
2026-03-14 09:15:09.930,-1.3662,-0.9784,10.07
2026-03-14 09:15:09.940,-1.0454,-0.9047,9.9316
2026-03-14 09:15:09.950,-0.8744,-1.0683,10.0437
2026-03-14 09:15:09.960,-0.8457,-0.4982,9.1158
2026-03-14 09:15:09.970,-0.5348,-0.0812,9.3848
2026-03-14 09:15:09.980,-0.5273,-0.3192,9.6335
2026-03-14 09:15:09.990,-0.198,0.0435,10.3399
2026-03-14 09:15:10.000,-0.0944,0.3501,10.0705
2026-03-14 09:15:10.010,0.2461,0.2357,10.1382
2026-03-14 09:15:10.020,0.5687,0.4494,10.3328
2026-03-14 09:15:10.030,0.7355,0.7217,10.0035
2026-03-14 09:15:10.040,0.6383,0.7564,9.7655
2026-03-14 09:15:10.050,1.0983,1.1532,10.0178
2026-03-14 09:15:10.060,1.3989,0.9869,9.7661
2026-03-14 09:15:10.070,1.2797,1.2068,9.7257
2026-03-14 09:15:10.080,1.3312,0.9065,9.8257
2026-03-14 09:15:10.090,1.4073,1.2002,9.7198
2026-03-14 09:15:10.100,1.3118,0.9633,9.7289
2026-03-14 09:15:10.110,1.2295,0.8588,10.2681
2026-03-14 09:15:10.120,1.231,0.672,10.198
2026-03-14 09:15:10.130,1.2208,0.5845,9.734
2026-03-14 09:15:10.140,1.0778,0.4325,9.4561
2026-03-14 09:15:10.150,1.2331,0.2556,9.347
2026-03-14 09:15:10.160,1.2946,0.1399,9.2731
2026-03-14 09:15:10.170,1.2003,-0.0378,
2026-03-14 09:15:10.180,0.9886,-0.0331,9.3503
2026-03-14 09:15:10.190,0.9197,0.1052,9.176
2026-03-14 09:15:10.200,0.6855,-0.1493,9.6868
2026-03-14 09:15:10.210,0.8653,-0.1305,10.2008
2026-03-14 09:15:10.220,0.6139,-0.2597,9.8394
2026-03-14 09:15:10.230,0.3807,-0.3145,9.6965
2026-03-14 09:15:10.240,0.4875,0.0225,9.4068
2026-03-14 09:15:10.250,0.2359,0.1029,9.3376
2026-03-14 09:15:10.260,0.2187,0.4865,9.4735
2026-03-14 09:15:10.270,-0.2201,0.0137,9.7809
2026-03-14 09:15:10.280,0.0223,0.0842,10.2802
2026-03-14 09:15:10.290,-0.2118,0.3521,10.1984
2026-03-14 09:15:10.300,-0.3339,0.4064,10.0937
2026-03-14 09:15:10.310,-0.3839,0.2017,10.3034
2026-03-14 09:15:10.320,-0.6957,0.1954,9.8716
2026-03-14 09:15:10.330,-1.1967,-0.1028,9.8181
2026-03-14 09:15:10.340,-0.6815,-0.2791,9.6275
2026-03-14 09:15:10.350,-0.9024,-0.2677,9.5526
2026-03-14 09:15:10.360,-1.287,-0.3519,9.7568
2026-03-14 09:15:10.370,-1.294,-0.5314,10.0476
2026-03-14 09:15:10.380,-1.3172,-0.8566,10.0956
2026-03-14 09:15:10.390,-1.5682,-0.917,9.973
2026-03-14 09:15:10.400,-1.2888,-1.1405,9.7768
2026-03-14 09:15:10.410,-1.4556,-0.9832,9.6415
2026-03-14 09:15:10.420,-1.1445,-0.8377,9.5859
2026-03-14 09:15:10.430,-1.6117,-1.5128,9.1795
2026-03-14 09:15:10.440,-1.2546,-1.1947,9.2293
2026-03-14 09:15:10.450,-1.4397,-1.1335,9.1249
2026-03-14 09:15:10.460,-1.3275,-1.0519,9.3584
2026-03-14 09:15:10.470,-0.8798,-0.9067,9.8223
2026-03-14 09:15:10.480,-0.823,-0.7224,9.6782
2026-03-14 09:15:10.490,-0.621,-0.4649,10.0196
2026-03-14 09:15:10.500,-0.621,-0.1873,9.9112
2026-03-14 09:15:10.510,-0.1651,-0.1591,
2026-03-14 09:15:10.520,-0.0412,0.1233,9.7692
2026-03-14 09:15:10.530,0.0258,0.4147,9.7061
2026-03-14 09:15:10.540,0.1243,0.4169,10.0293
2026-03-14 09:15:10.550,0.3629,,9.7946
2026-03-14 09:15:10.560,0.4151,0.8855,10.6641
2026-03-14 09:15:10.570,0.8691,0.9281,10.3357
2026-03-14 09:15:10.580,1.0256,1.2801,9.9567
2026-03-14 09:15:10.590,1.2482,1.2464,10.3748
2026-03-14 09:15:10.600,1.4385,1.1074,9.6107
2026-03-14 09:15:10.610,0.9997,0.7681,10.059
2026-03-14 09:15:10.620,,0.9881,9.5624
2026-03-14 09:15:10.630,1.5321,0.8659,9.6575
2026-03-14 09:15:10.640,1.2097,0.6912,9.8953
2026-03-14 09:15:10.650,1.4687,0.7447,9.8613
2026-03-14 09:15:10.660,1.2892,0.5007,10.0196
2026-03-14 09:15:10.670,1.4603,0.0568,9.6912
2026-03-14 09:15:10.680,1.3142,0.1858,9.391
2026-03-14 09:15:10.690,1.2859,0.0375,9.573
2026-03-14 09:15:10.700,1.091,-0.0736,8.9197
2026-03-14 09:15:10.710,1.06,-0.0794,9.3762
2026-03-14 09:15:10.720,0.7493,-0.2633,9.2392
2026-03-14 09:15:10.730,0.8372,-0.1193,9.5159
2026-03-14 09:15:10.740,0.7645,0.0154,9.6109
2026-03-14 09:15:10.750,,-0.2685,9.9923
2026-03-14 09:15:10.760,0.4525,0.1718,9.8434
2026-03-14 09:15:10.770,0.4101,,9.6692
2026-03-14 09:15:10.780,0.0087,0.2663,9.6932
2026-03-14 09:15:10.790,0.1615,0.1024,9.4584
2026-03-14 09:15:10.800,-0.039,0.3912,9.6799
2026-03-14 09:15:10.810,-0.2801,0.2863,9.982
2026-03-14 09:15:10.820,,0.4003,9.8876
2026-03-14 09:15:10.830,-0.5526,0.3862,9.9711
2026-03-14 09:15:10.840,-0.4603,0.3671,10.5369
2026-03-14 09:15:10.850,-0.8482,-0.0966,10.3999
2026-03-14 09:15:10.860,-0.8836,0.1396,10.1399
2026-03-14 09:15:10.870,-0.7569,-0.0236,9.6195
2026-03-14 09:15:10.880,-1.2337,-0.3513,9.9362
2026-03-14 09:15:10.890,-1.2733,-0.2213,9.5822
2026-03-14 09:15:10.900,-1.2798,-0.4624,9.4605
2026-03-14 09:15:10.910,-1.1766,-0.7749,9.5344
2026-03-14 09:15:10.920,-1.5583,-1.0475,10.0952
2026-03-14 09:15:10.930,-1.7407,-0.7308,9.9332
2026-03-14 09:15:10.940,-1.449,-1.2234,9.8064
2026-03-14 09:15:10.950,-1.345,-1.4711,9.6569
2026-03-14 09:15:10.960,-1.5033,-1.1007,9.5649
2026-03-14 09:15:10.970,-1.5268,-1.2147,9.6496
2026-03-14 09:15:10.980,-1.2937,-1.0609,8.8298
2026-03-14 09:15:10.990,-1.1152,-1.1629,9.5164
2026-03-14 09:15:11.000,-0.9995,-0.9955,9.9796
2026-03-14 09:15:11.010,-0.7889,-0.5875,10.0701
2026-03-14 09:15:11.020,-0.509,-0.6325,9.9214
2026-03-14 09:15:11.030,-0.1477,-0.0683,10.1697
2026-03-14 09:15:11.040,-0.0683,0.0251,9.8859
2026-03-14 09:15:11.050,-0.0198,0.1847,9.5553
2026-03-14 09:15:11.060,0.2116,0.4849,9.717
2026-03-14 09:15:11.070,0.4829,0.5437,10.0339
2026-03-14 09:15:11.080,0.681,0.8904,9.7656
2026-03-14 09:15:11.090,0.8153,0.7341,10.0823
2026-03-14 09:15:11.100,0.8563,0.8851,10.5458
2026-03-14 09:15:11.110,1.3713,1.0998,
2026-03-14 09:15:11.120,1.3851,1.1613,10.3594
2026-03-14 09:15:11.130,1.2999,0.9944,10.5926
2026-03-14 09:15:11.140,1.221,0.9551,9.991
2026-03-14 09:15:11.150,1.499,0.7833,9.7804
2026-03-14 09:15:11.160,1.2786,0.7141,9.5874
2026-03-14 09:15:11.170,1.2973,0.5784,9.717
2026-03-14 09:15:11.180,1.2105,0.6199,9.526
2026-03-14 09:15:11.190,1.1921,0.3613,9.9091
2026-03-14 09:15:11.200,1.3666,0.0608,9.8559
2026-03-14 09:15:11.210,1.3854,0.2727,9.6215
2026-03-14 09:15:11.220,0.9326,0.2941,9.6466
2026-03-14 09:15:11.230,1.0325,-0.1776,9.8107
2026-03-14 09:15:11.240,0.8923,-0.0932,9.4117
2026-03-14 09:15:11.250,0.8719,-0.0139,9.1931
2026-03-14 09:15:11.260,0.7534,-0.0774,9.4655
2026-03-14 09:15:11.270,0.2588,-0.184,9.7114
2026-03-14 09:15:11.280,0.6179,-0.1442,9.6438
2026-03-14 09:15:11.290,0.3268,0.0261,10.0444
2026-03-14 09:15:11.300,0.3,0.0225,10.0297
2026-03-14 09:15:11.310,0.2428,0.1615,9.799
2026-03-14 09:15:11.320,-0.1091,0.2576,9.9506
2026-03-14 09:15:11.330,-0.0852,0.3178,10.0142
2026-03-14 09:15:11.340,-0.1493,0.275,9.5828
2026-03-14 09:15:11.350,-0.2995,0.267,9.8825
2026-03-14 09:15:11.360,-0.1084,-0.096,9.7717
2026-03-14 09:15:11.370,-0.7907,0.1073,9.9944
2026-03-14 09:15:11.380,-0.7426,0.0365,
2026-03-14 09:15:11.390,-1.1099,-0.1653,10.2187
2026-03-14 09:15:11.400,-1.0173,-0.3062,10.1846
2026-03-14 09:15:11.410,-1.1882,-0.2822,9.6596
2026-03-14 09:15:11.420,-1.0574,-0.6333,9.8026
2026-03-14 09:15:11.430,-1.337,-0.8377,9.6717
2026-03-14 09:15:11.440,-1.6217,-0.7488,9.8745
2026-03-14 09:15:11.450,-1.196,-0.9918,9.88
2026-03-14 09:15:11.460,-1.5331,-1.1863,9.9964
2026-03-14 09:15:11.470,-1.6796,-0.886,9.9238
2026-03-14 09:15:11.480,-1.4352,-1.1659,9.6187
2026-03-14 09:15:11.490,-1.2339,-1.1576,9.4447
2026-03-14 09:15:11.500,-1.0999,-1.0013,9.5697
2026-03-14 09:15:11.510,-1.2643,-1.1359,9.3735
2026-03-14 09:15:11.520,-1.117,-1.0901,9.6257
2026-03-14 09:15:11.530,-0.8329,-0.8284,9.1835
2026-03-14 09:15:11.540,-0.7326,-0.9333,9.9001
2026-03-14 09:15:11.550,-0.7282,-0.3441,9.5663
2026-03-14 09:15:11.560,-0.4209,-0.3084,9.7065
2026-03-14 09:15:11.570,-0.1592,0.1584,10.1558
2026-03-14 09:15:11.580,-0.18,0.1106,10.0919
2026-03-14 09:15:11.590,0.3172,0.3733,9.9799
2026-03-14 09:15:11.600,0.3842,0.9452,9.9243
2026-03-14 09:15:11.610,0.5983,1.0151,9.5605
2026-03-14 09:15:11.620,0.8229,0.8006,10.0359
2026-03-14 09:15:11.630,1.0619,0.9249,9.8985
2026-03-14 09:15:11.640,1.3265,0.8238,10.2615
2026-03-14 09:15:11.650,1.2273,0.8633,10.3047
2026-03-14 09:15:11.660,1.2712,0.9202,10.0622
2026-03-14 09:15:11.670,1.4681,1.1404,10.1108
2026-03-14 09:15:11.680,1.184,0.6366,10.1477
2026-03-14 09:15:11.690,1.2554,0.5967,10.0424
2026-03-14 09:15:11.700,1.4083,0.6068,9.4115
2026-03-14 09:15:11.710,1.4592,0.6865,9.5502
2026-03-14 09:15:11.720,1.055,0.4533,9.3703
2026-03-14 09:15:11.730,0.9676,0.3071,9.7762
2026-03-14 09:15:11.740,0.9954,-0.0256,10.0293
2026-03-14 09:15:11.750,1.2379,0.1598,9.7469
2026-03-14 09:15:11.760,1.3053,-0.2083,9.6373
2026-03-14 09:15:11.770,1.0729,0.0485,9.9462
2026-03-14 09:15:11.780,0.6815,0.2287,9.2975
2026-03-14 09:15:11.790,0.7219,-0.2033,9.4132
2026-03-14 09:15:11.800,0.5225,-0.1412,9.5734
2026-03-14 09:15:11.810,0.54,0.0097,9.6161
2026-03-14 09:15:11.820,0.2171,-0.0198,10.1135
2026-03-14 09:15:11.830,0.2302,0.1102,9.8326
2026-03-14 09:15:11.840,0.033,0.2426,10.2643
2026-03-14 09:15:11.850,0.0485,0.1872,10.2728
2026-03-14 09:15:11.860,-0.4231,0.3401,9.7481
2026-03-14 09:15:11.870,-0.171,0.3374,10.1326
2026-03-14 09:15:11.880,-0.598,0.3619,9.9287
2026-03-14 09:15:11.890,-0.6378,0.1594,
2026-03-14 09:15:11.900,-0.6095,0.0182,9.5975
2026-03-14 09:15:11.910,,0.1554,9.8899
2026-03-14 09:15:11.920,-0.8473,-0.265,10.2893
2026-03-14 09:15:11.930,-1.1475,-0.3323,10.0435
2026-03-14 09:15:11.940,-1.3804,-0.4632,10.2907
2026-03-14 09:15:11.950,-1.4618,-0.3805,10.0142
2026-03-14 09:15:11.960,-1.4935,-0.629,9.7742
2026-03-14 09:15:11.970,-1.4689,-0.8439,9.5285
2026-03-14 09:15:11.980,-1.5807,-0.8707,9.6583
2026-03-14 09:15:11.990,-1.4047,-1.2577,9.4128
2026-03-14 09:15:12.000,-1.6817,-1.374,9.688
2026-03-14 09:15:12.010,-1.587,-1.1793,9.8064
2026-03-14 09:15:12.020,-1.4604,-0.978,10.1142
2026-03-14 09:15:12.030,-1.3695,-1.2442,9.5163
2026-03-14 09:15:12.040,-1.2961,-1.0994,9.5848
2026-03-14 09:15:12.050,-0.9437,-0.8752,
2026-03-14 09:15:12.060,-0.5966,-0.9252,9.3684
2026-03-14 09:15:12.070,-0.6405,-0.6173,9.5691
2026-03-14 09:15:12.080,-0.362,-0.3462,9.5573
2026-03-14 09:15:12.090,-0.2188,-0.2158,
2026-03-14 09:15:12.100,-0.2162,0.1409,10.0858
2026-03-14 09:15:12.110,0.2076,-0.0076,10.0936
2026-03-14 09:15:12.120,0.5199,0.4148,10.2975
2026-03-14 09:15:12.130,0.6076,0.5224,9.9344
2026-03-14 09:15:12.140,0.8128,0.8393,9.677
2026-03-14 09:15:12.150,0.9452,0.7484,9.7824
2026-03-14 09:15:12.160,1.0508,1.0178,9.6172
2026-03-14 09:15:12.170,1.3863,0.8028,9.7579
2026-03-14 09:15:12.180,1.4533,1.2102,9.8708
2026-03-14 09:15:12.190,1.3324,0.9203,10.3396
2026-03-14 09:15:12.200,1.1511,0.9049,10.2005
2026-03-14 09:15:12.210,1.3338,1.0639,9.9191
2026-03-14 09:15:12.220,1.4751,0.5447,10.0242
2026-03-14 09:15:12.230,1.476,0.6048,9.9129
2026-03-14 09:15:12.240,1.6793,0.063,9.4608
2026-03-14 09:15:12.250,1.0043,0.2119,9.423
2026-03-14 09:15:12.260,1.1478,-0.0003,9.3184
2026-03-14 09:15:12.270,1.0901,0.118,9.4213
2026-03-14 09:15:12.280,1.1348,0.0583,9.4854
2026-03-14 09:15:12.290,0.703,-0.1609,9.8388
2026-03-14 09:15:12.300,0.789,0.3024,9.8623
2026-03-14 09:15:12.310,0.6023,-0.0807,9.7015
2026-03-14 09:15:12.320,0.7955,-0.0769,10.0694
2026-03-14 09:15:12.330,0.4321,-0.1648,9.8487
2026-03-14 09:15:12.340,0.5473,-0.1431,9.6419
2026-03-14 09:15:12.350,0.625,0.3174,9.8778
2026-03-14 09:15:12.360,0.0742,0.0649,9.5576
2026-03-14 09:15:12.370,0.1744,0.0604,9.7589
2026-03-14 09:15:12.380,-0.1272,0.298,10.0542
2026-03-14 09:15:12.390,-0.5745,0.2569,10.302
2026-03-14 09:15:12.400,,0.4205,10.059
2026-03-14 09:15:12.410,-0.6256,0.2771,10.3346
2026-03-14 09:15:12.420,-0.6369,0.3651,
2026-03-14 09:15:12.430,-0.8072,0.0239,9.8265
2026-03-14 09:15:12.440,-0.9234,0.0407,9.7863
2026-03-14 09:15:12.450,-1.1383,-0.1839,9.9744
2026-03-14 09:15:12.460,-1.1187,-0.2857,9.9959
2026-03-14 09:15:12.470,-1.3164,-0.3616,10.1239
2026-03-14 09:15:12.480,-1.21,-0.4404,9.7336
2026-03-14 09:15:12.490,-1.5795,-0.9124,9.6213
2026-03-14 09:15:12.500,-1.4816,-0.8738,9.6284
2026-03-14 09:15:12.510,-1.393,-0.7506,9.5097
2026-03-14 09:15:12.520,-1.5853,-1.3502,9.4831
2026-03-14 09:15:12.530,-1.2326,-1.1454,9.4313
2026-03-14 09:15:12.540,-1.6206,-1.2141,9.5688
2026-03-14 09:15:12.550,-1.2731,-1.1672,9.8357
2026-03-14 09:15:12.560,-1.4652,-1.2247,9.8764
2026-03-14 09:15:12.570,-1.0012,-1.1434,10.0645
2026-03-14 09:15:12.580,-0.9815,-0.9789,9.4741
2026-03-14 09:15:12.590,-0.858,-0.5359,9.643
2026-03-14 09:15:12.600,-0.5738,-0.3452,9.7632
2026-03-14 09:15:12.610,-0.1848,-0.2596,9.8037
2026-03-14 09:15:12.620,-0.2045,-0.1835,9.6692
2026-03-14 09:15:12.630,-0.0368,0.2902,9.9534
2026-03-14 09:15:12.640,0.1573,0.316,10.1891
2026-03-14 09:15:12.650,0.5267,0.8176,10.1267
2026-03-14 09:15:12.660,0.7213,0.7189,9.9516
2026-03-14 09:15:12.670,0.6933,0.8932,10.4168
2026-03-14 09:15:12.680,1.0612,0.8606,10.1761
2026-03-14 09:15:12.690,1.0715,0.8162,9.6424
2026-03-14 09:15:12.700,1.1554,1.1951,9.5236
2026-03-14 09:15:12.710,1.3362,0.7995,9.6977
2026-03-14 09:15:12.720,1.5601,1.1006,9.9823
2026-03-14 09:15:12.730,1.2045,0.7783,10.0791
2026-03-14 09:15:12.740,1.3978,0.5308,10.2822
2026-03-14 09:15:12.750,1.182,0.5766,10.0858
2026-03-14 09:15:12.760,1.3165,0.4371,9.9571
2026-03-14 09:15:12.770,1.2159,0.3881,9.4306
2026-03-14 09:15:12.780,1.3392,0.1908,9.7195
2026-03-14 09:15:12.790,,0.192,9.6689
2026-03-14 09:15:12.800,1.0105,0.0779,9.2169
2026-03-14 09:15:12.810,0.6652,0.1015,9.3381
2026-03-14 09:15:12.820,1.0709,-0.0916,9.6799
2026-03-14 09:15:12.830,0.6435,-0.2119,9.637
2026-03-14 09:15:12.840,0.5598,0.1874,9.8351
2026-03-14 09:15:12.850,0.7444,-0.0355,10.0751
2026-03-14 09:15:12.860,0.2847,0.0528,9.3454
2026-03-14 09:15:12.870,0.0343,0.1189,9.6669
2026-03-14 09:15:12.880,0.0774,,9.6389
2026-03-14 09:15:12.890,0.0317,-0.001,9.8562
2026-03-14 09:15:12.900,0.0712,0.5172,9.6954
2026-03-14 09:15:12.910,-0.0161,0.2073,9.7259
2026-03-14 09:15:12.920,-0.3845,0.2483,
2026-03-14 09:15:12.930,-0.5997,0.305,10.3021
2026-03-14 09:15:12.940,-0.5503,0.4249,10.2269
2026-03-14 09:15:12.950,-0.6165,0.1499,10.149
2026-03-14 09:15:12.960,-0.7964,0.1017,9.6946
2026-03-14 09:15:12.970,-0.83,-0.1885,9.5445
2026-03-14 09:15:12.980,-0.894,-0.2374,9.8847
2026-03-14 09:15:12.990,-1.245,-0.2912,9.7501
2026-03-14 09:15:13.000,-1.2648,-0.2821,9.9457
2026-03-14 09:15:13.010,-1.1068,-0.6245,9.8472
2026-03-14 09:15:13.020,-1.8341,-0.83,9.5635
2026-03-14 09:15:13.030,-1.4751,-0.8418,9.8816
2026-03-14 09:15:13.040,-1.4783,-1.0296,9.7273
2026-03-14 09:15:13.050,-1.6862,-1.1623,9.1032
2026-03-14 09:15:13.060,-1.4962,-1.2558,9.6379
2026-03-14 09:15:13.070,-1.281,-1.0522,9.19
2026-03-14 09:15:13.080,-1.3424,-1.1893,9.0339
2026-03-14 09:15:13.090,-1.1315,-0.9486,9.6456
2026-03-14 09:15:13.100,-0.9505,-1.134,9.7457
2026-03-14 09:15:13.110,-0.9331,-0.9007,10.0108
2026-03-14 09:15:13.120,-0.7318,-0.8088,9.8931
2026-03-14 09:15:13.130,-0.7585,-0.5168,9.7434
2026-03-14 09:15:13.140,-0.3037,-0.3812,9.5864
2026-03-14 09:15:13.150,-0.0198,0.2833,9.8726
2026-03-14 09:15:13.160,0.0555,0.117,9.5099
2026-03-14 09:15:13.170,0.3299,0.3472,9.5415
2026-03-14 09:15:13.180,0.4115,0.8033,9.9099
2026-03-14 09:15:13.190,0.5729,0.8226,10.0242
2026-03-14 09:15:13.200,0.9064,0.7567,10.3165
2026-03-14 09:15:13.210,0.8742,1.1704,10.2991
2026-03-14 09:15:13.220,1.0029,1.0071,10.4677
2026-03-14 09:15:13.230,1.4645,1.1301,9.8016
2026-03-14 09:15:13.240,,0.8866,9.956
2026-03-14 09:15:13.250,1.5988,0.9588,9.9499
2026-03-14 09:15:13.260,1.4219,0.8549,9.3585
2026-03-14 09:15:13.270,1.2261,0.7604,9.9026
2026-03-14 09:15:13.280,1.2013,0.4985,9.9182
2026-03-14 09:15:13.290,1.3382,0.5361,9.7959
2026-03-14 09:15:13.300,1.4212,0.6421,10.2153
2026-03-14 09:15:13.310,1.1721,0.0808,9.7472
2026-03-14 09:15:13.320,1.3121,0.2803,9.828
2026-03-14 09:15:13.330,0.9437,-0.0003,9.2759
2026-03-14 09:15:13.340,0.9062,-0.0691,9.33
2026-03-14 09:15:13.350,0.9844,0.0116,9.0418
2026-03-14 09:15:13.360,0.708,-0.2597,9.3933
2026-03-14 09:15:13.370,0.5535,-0.0267,9.6482
2026-03-14 09:15:13.380,0.6296,0.0428,9.6761
2026-03-14 09:15:13.390,0.4866,-0.2556,10.2168
2026-03-14 09:15:13.400,,0.2341,10.1394
2026-03-14 09:15:13.410,0.0774,0.0845,10.0743
2026-03-14 09:15:13.420,-0.0511,0.2808,9.52
2026-03-14 09:15:13.430,-0.0687,0.3515,9.5412
2026-03-14 09:15:13.440,-0.3673,-0.023,9.7302
2026-03-14 09:15:13.450,-0.4979,0.0733,10.058
2026-03-14 09:15:13.460,-0.4395,0.1022,10.1273
2026-03-14 09:15:13.470,-0.7094,0.2302,10.1789
2026-03-14 09:15:13.480,-0.6567,-0.0896,10.3911
2026-03-14 09:15:13.490,-0.9046,-0.1103,10.2384
2026-03-14 09:15:13.500,-0.9342,-0.189,9.934
2026-03-14 09:15:13.510,-0.9767,-0.3038,9.6865
2026-03-14 09:15:13.520,-1.044,-0.3503,9.508
2026-03-14 09:15:13.530,-1.239,-0.6917,9.2078
2026-03-14 09:15:13.540,-1.3402,-0.6746,9.3686
2026-03-14 09:15:13.550,-1.2321,-0.9676,10.0179
2026-03-14 09:15:13.560,-1.0703,-0.8676,10.1539
2026-03-14 09:15:13.570,-1.2956,-1.248,10.1374
2026-03-14 09:15:13.580,-1.4859,-1.2541,9.6676
2026-03-14 09:15:13.590,-1.3863,-0.9977,9.6963
2026-03-14 09:15:13.600,-1.237,-1.0761,9.2342
2026-03-14 09:15:13.610,-1.3701,-0.9263,8.9219
2026-03-14 09:15:13.620,-1.1452,-0.7619,9.3951
2026-03-14 09:15:13.630,-1.1437,-0.9367,9.373
2026-03-14 09:15:13.640,-0.9313,-0.7922,9.4113
2026-03-14 09:15:13.650,-0.5939,-0.7079,9.6596
2026-03-14 09:15:13.660,-0.6841,-0.1767,9.7071
2026-03-14 09:15:13.670,-0.0476,-0.1604,10.0132
2026-03-14 09:15:13.680,0.0994,0.3075,10.0122
2026-03-14 09:15:13.690,0.1709,0.4555,9.8318
2026-03-14 09:15:13.700,-0.0143,0.6365,9.3921
2026-03-14 09:15:13.710,0.6071,0.8835,9.6732
2026-03-14 09:15:13.720,0.8594,0.892,9.9662
2026-03-14 09:15:13.730,1.1419,0.9321,9.8189
2026-03-14 09:15:13.740,1.0623,1.0566,10.2094
2026-03-14 09:15:13.750,1.1669,1.4101,10.3563
2026-03-14 09:15:13.760,1.2732,0.8907,10.2999
2026-03-14 09:15:13.770,1.3652,0.6984,10.4989
2026-03-14 09:15:13.780,1.2183,0.8942,10.034
2026-03-14 09:15:13.790,1.3418,0.9671,9.6785
2026-03-14 09:15:13.800,1.5851,0.6907,9.9002
2026-03-14 09:15:13.810,1.4594,0.4092,9.2071
2026-03-14 09:15:13.820,1.2507,0.5971,9.6164
2026-03-14 09:15:13.830,1.0354,0.2692,10.0432
2026-03-14 09:15:13.840,1.0777,0.2316,9.6463
2026-03-14 09:15:13.850,1.0209,0.4401,9.9789
2026-03-14 09:15:13.860,0.7937,-0.0009,9.6518
2026-03-14 09:15:13.870,1.2357,0.0385,9.0874
2026-03-14 09:15:13.880,0.8934,-0.1692,9.063
2026-03-14 09:15:13.890,0.8169,-0.22,9.2257
2026-03-14 09:15:13.900,0.4184,0.0257,9.4788
2026-03-14 09:15:13.910,0.6455,0.269,9.4215
2026-03-14 09:15:13.920,0.1608,0.2607,9.6496
2026-03-14 09:15:13.930,0.2734,0.3069,10.0983
2026-03-14 09:15:13.940,0.0434,0.0101,10.0631
2026-03-14 09:15:13.950,0.2201,0.2028,10.4479
2026-03-14 09:15:13.960,-0.0948,-0.0668,9.835
2026-03-14 09:15:13.970,-0.3226,0.3221,10.0012
2026-03-14 09:15:13.980,-0.3243,0.0353,10.0826
2026-03-14 09:15:13.990,-0.5191,0.3729,10.0156
2026-03-14 09:15:14.000,-0.7314,0.1448,10.2869
2026-03-14 09:15:14.010,-0.8714,0.2846,10.2322
2026-03-14 09:15:14.020,-0.9515,0.1017,9.7848
2026-03-14 09:15:14.030,-1.2232,-0.3434,10.3689
2026-03-14 09:15:14.040,-1.1434,-0.1125,9.6913
2026-03-14 09:15:14.050,-1.13,-0.4949,9.9374
2026-03-14 09:15:14.060,-1.3102,-0.6155,9.8708
2026-03-14 09:15:14.070,-1.5164,-0.7642,9.6408
2026-03-14 09:15:14.080,-1.2801,-0.8816,9.4028
2026-03-14 09:15:14.090,-1.2526,-1.0774,9.573
2026-03-14 09:15:14.100,-1.177,-1.2856,9.7018
2026-03-14 09:15:14.110,-1.2984,-1.4194,9.8807
2026-03-14 09:15:14.120,,,9.9554
2026-03-14 09:15:14.130,-1.2884,-0.9298,9.7515
2026-03-14 09:15:14.140,-0.8418,-1.0757,9.5405
2026-03-14 09:15:14.150,-1.0107,-0.8945,9.6199
2026-03-14 09:15:14.160,-1.0768,-1.0952,9.2971
2026-03-14 09:15:14.170,-0.6325,-0.7474,9.5897
2026-03-14 09:15:14.180,-0.6382,-0.5754,10.0719
2026-03-14 09:15:14.190,-0.2135,-0.2748,9.9568
2026-03-14 09:15:14.200,-0.1563,-0.2562,9.8324
2026-03-14 09:15:14.210,-0.211,0.1793,10.0914
2026-03-14 09:15:14.220,0.3786,0.5403,10.1338
2026-03-14 09:15:14.230,0.4651,0.6,9.9475
2026-03-14 09:15:14.240,0.5583,0.6138,10.001
2026-03-14 09:15:14.250,0.5676,0.5682,9.7999
2026-03-14 09:15:14.260,0.7652,0.7911,9.9382
2026-03-14 09:15:14.270,0.8762,1.0701,9.8174
2026-03-14 09:15:14.280,1.1705,1.0804,10.2339
2026-03-14 09:15:14.290,0.9968,1.0,10.2245
2026-03-14 09:15:14.300,1.339,0.9785,10.0825
2026-03-14 09:15:14.310,1.5657,0.7396,10.0367
2026-03-14 09:15:14.320,1.2539,0.8566,9.8667
2026-03-14 09:15:14.330,1.405,0.743,9.4795
2026-03-14 09:15:14.340,1.1654,0.6757,9.322
2026-03-14 09:15:14.350,1.5139,0.6744,9.4374
2026-03-14 09:15:14.360,1.1127,0.4281,9.3939
2026-03-14 09:15:14.370,1.0167,0.1098,9.9353
2026-03-14 09:15:14.380,1.1877,-0.1506,9.8826
2026-03-14 09:15:14.390,0.5887,0.1759,9.7281
2026-03-14 09:15:14.400,0.8951,0.0359,9.4584
2026-03-14 09:15:14.410,0.4808,-0.1485,9.4423
2026-03-14 09:15:14.420,0.7345,-0.2611,9.4893
2026-03-14 09:15:14.430,0.5229,0.0656,9.5509
2026-03-14 09:15:14.440,0.5829,0.2492,9.5319
2026-03-14 09:15:14.450,0.4786,0.3174,9.6883
2026-03-14 09:15:14.460,0.233,0.2099,9.9446
2026-03-14 09:15:14.470,-0.2265,-0.0914,9.8372
2026-03-14 09:15:14.480,-0.2692,0.3072,10.2273
2026-03-14 09:15:14.490,-0.1205,0.1457,10.3181
2026-03-14 09:15:14.500,-0.2172,0.2331,10.0585
2026-03-14 09:15:14.510,,0.113,9.7518
2026-03-14 09:15:14.520,-0.4832,0.282,9.9891
2026-03-14 09:15:14.530,-0.5375,0.1021,9.8843
2026-03-14 09:15:14.540,-0.8337,0.0378,10.0634
2026-03-14 09:15:14.550,-0.7818,-0.2493,10.2575
2026-03-14 09:15:14.560,-0.9125,-0.1806,
2026-03-14 09:15:14.570,-1.5932,-0.4213,10.0978
2026-03-14 09:15:14.580,-1.4895,-0.4031,9.9455
2026-03-14 09:15:14.590,-1.567,-0.6998,9.8812
2026-03-14 09:15:14.600,-1.4664,-0.5903,9.8857
2026-03-14 09:15:14.610,-1.8451,-1.0163,9.5121
2026-03-14 09:15:14.620,-1.4122,-1.0975,
2026-03-14 09:15:14.630,-1.627,-1.251,9.4982
2026-03-14 09:15:14.640,-1.4763,-1.1788,9.4066
2026-03-14 09:15:14.650,,-1.6161,9.4846
2026-03-14 09:15:14.660,-1.5706,-1.1958,9.2775
2026-03-14 09:15:14.670,-1.1315,-1.0206,10.1198
2026-03-14 09:15:14.680,-1.0697,-0.7972,9.4174
2026-03-14 09:15:14.690,-0.8252,-0.6541,9.3601
2026-03-14 09:15:14.700,-0.7642,-0.4952,9.513
2026-03-14 09:15:14.710,-0.4212,-0.7065,9.6369
2026-03-14 09:15:14.720,-0.2362,0.138,9.5911
2026-03-14 09:15:14.730,-0.1763,-0.0619,9.5962
2026-03-14 09:15:14.740,0.1424,0.3094,10.3594
2026-03-14 09:15:14.750,0.6268,0.3369,10.2785
2026-03-14 09:15:14.760,0.4742,0.7979,9.9728
2026-03-14 09:15:14.770,0.709,0.8289,9.6872
2026-03-14 09:15:14.780,0.9023,0.775,9.502
2026-03-14 09:15:14.790,1.1519,,9.3664
2026-03-14 09:15:14.800,1.3648,1.0848,9.7597
2026-03-14 09:15:14.810,1.1774,1.0754,9.7995
2026-03-14 09:15:14.820,1.1653,1.0604,9.9343
2026-03-14 09:15:14.830,1.6629,1.043,9.9894
2026-03-14 09:15:14.840,1.3015,0.7997,9.9797
2026-03-14 09:15:14.850,1.2065,0.8785,10.169
2026-03-14 09:15:14.860,1.2221,0.7036,9.4555
2026-03-14 09:15:14.870,0.9685,0.5508,9.6401
2026-03-14 09:15:14.880,1.5421,0.1077,9.1695
2026-03-14 09:15:14.890,1.4432,0.1913,9.6369
2026-03-14 09:15:14.900,0.9721,0.1337,9.4514
2026-03-14 09:15:14.910,1.2777,-0.0814,9.2327
2026-03-14 09:15:14.920,0.9453,0.2356,9.8607
2026-03-14 09:15:14.930,0.8974,-0.219,9.8722
2026-03-14 09:15:14.940,0.6914,-0.168,9.7506
2026-03-14 09:15:14.950,0.5918,0.1291,9.8104
2026-03-14 09:15:14.960,0.6623,-0.1925,9.6471
2026-03-14 09:15:14.970,0.3899,0.0936,9.3575
2026-03-14 09:15:14.980,0.314,-0.0777,9.5771
2026-03-14 09:15:14.990,0.2358,0.2055,9.7258
2026-03-14 09:15:15.000,0.0593,0.3565,10.2425
2026-03-14 09:15:15.010,0.0169,0.3392,10.118
2026-03-14 09:15:15.020,-0.3369,0.52,10.2948
2026-03-14 09:15:15.030,-0.2938,0.0846,10.6676
2026-03-14 09:15:15.040,-0.5512,0.6584,10.0042
2026-03-14 09:15:15.050,-0.3664,0.3051,10.0957
2026-03-14 09:15:15.060,-0.898,0.4659,9.806
2026-03-14 09:15:15.070,-0.8315,-0.3456,9.9609
2026-03-14 09:15:15.080,-1.0669,0.097,9.9194
2026-03-14 09:15:15.090,-1.0573,-0.4561,9.9527
2026-03-14 09:15:15.100,-1.0864,-0.5134,10.1524
2026-03-14 09:15:15.110,-1.1876,-0.4868,10.0927
2026-03-14 09:15:15.120,-1.3367,-0.963,9.9058
2026-03-14 09:15:15.130,-1.6339,-0.9176,9.9397
2026-03-14 09:15:15.140,-1.4281,-0.8506,9.7397
2026-03-14 09:15:15.150,-1.5882,-1.1363,9.5343
2026-03-14 09:15:15.160,-1.4584,-1.0755,9.2681
2026-03-14 09:15:15.170,-1.2379,-1.1994,9.1524
2026-03-14 09:15:15.180,-1.4423,-1.2796,9.5746
2026-03-14 09:15:15.190,-1.3904,-1.0717,9.762
2026-03-14 09:15:15.200,-1.0544,-0.9101,9.9747
2026-03-14 09:15:15.210,-1.2715,-0.8722,9.7823
2026-03-14 09:15:15.220,,-0.4779,10.0676
2026-03-14 09:15:15.230,-0.7744,-0.4694,9.8941
2026-03-14 09:15:15.240,-0.4936,-0.2211,9.2204
2026-03-14 09:15:15.250,-0.0606,-0.1833,9.7297
2026-03-14 09:15:15.260,0.1821,0.0613,9.9902
2026-03-14 09:15:15.270,0.1734,0.4578,9.7999
2026-03-14 09:15:15.280,0.3332,0.8038,9.9482
2026-03-14 09:15:15.290,0.8026,0.8868,10.0732
2026-03-14 09:15:15.300,0.4401,1.0727,10.5347
2026-03-14 09:15:15.310,0.9932,1.1339,10.2139
2026-03-14 09:15:15.320,0.95,0.9298,10.0507
2026-03-14 09:15:15.330,,1.0602,9.8342
2026-03-14 09:15:15.340,1.4769,1.1668,9.7158
2026-03-14 09:15:15.350,1.3894,1.2773,9.7199
2026-03-14 09:15:15.360,1.5025,0.9547,9.5023
2026-03-14 09:15:15.370,1.3714,0.9343,9.8974
2026-03-14 09:15:15.380,1.2818,0.68,9.9602
2026-03-14 09:15:15.390,1.7363,0.855,10.0003
2026-03-14 09:15:15.400,1.2627,0.262,10.2695
2026-03-14 09:15:15.410,1.4874,0.2797,9.8651
2026-03-14 09:15:15.420,1.0705,-0.0134,9.1326
2026-03-14 09:15:15.430,1.254,-0.0259,9.183
2026-03-14 09:15:15.440,0.8592,-0.105,9.1992
2026-03-14 09:15:15.450,1.1229,-0.0004,9.6349
2026-03-14 09:15:15.460,0.6102,-0.1584,9.8684
2026-03-14 09:15:15.470,0.6406,-0.2417,9.9722
2026-03-14 09:15:15.480,0.5384,-0.1764,10.0336
2026-03-14 09:15:15.490,0.7771,0.201,9.8536
2026-03-14 09:15:15.500,0.2879,0.374,9.7102
2026-03-14 09:15:15.510,0.2631,0.1495,9.625
2026-03-14 09:15:15.520,-0.068,0.3464,9.5783
2026-03-14 09:15:15.530,0.0311,0.3214,9.753
2026-03-14 09:15:15.540,-0.0441,0.2924,10.006
2026-03-14 09:15:15.550,-0.3623,0.4174,9.7501
2026-03-14 09:15:15.560,-0.2127,0.5753,10.5694
2026-03-14 09:15:15.570,-0.4804,0.3676,10.5019
2026-03-14 09:15:15.580,-0.6204,0.1147,9.7
2026-03-14 09:15:15.590,-1.0921,-0.12,10.2241
2026-03-14 09:15:15.600,-0.7145,0.1883,9.5367
2026-03-14 09:15:15.610,-1.202,-0.233,9.8912
2026-03-14 09:15:15.620,-1.3653,-0.3096,9.8222
2026-03-14 09:15:15.630,-1.352,-0.4678,9.9265
2026-03-14 09:15:15.640,-1.5953,-0.5419,9.5228
2026-03-14 09:15:15.650,-1.0242,-0.9163,10.1752
2026-03-14 09:15:15.660,-1.3637,-1.0328,9.9847
2026-03-14 09:15:15.670,-1.3726,-0.7451,9.9199
2026-03-14 09:15:15.680,-1.6126,-0.8842,
2026-03-14 09:15:15.690,-1.6019,-1.2937,9.3712
2026-03-14 09:15:15.700,-1.3739,-1.2755,9.1279
2026-03-14 09:15:15.710,-1.5033,-1.1306,9.1082
2026-03-14 09:15:15.720,-1.2749,-1.0539,9.1681
2026-03-14 09:15:15.730,-0.8932,-1.0117,9.5636
2026-03-14 09:15:15.740,,-0.8949,9.7884
2026-03-14 09:15:15.750,-0.5645,-0.4308,10.0412
2026-03-14 09:15:15.760,-0.4205,-0.5768,10.315
2026-03-14 09:15:15.770,-0.2017,-0.3136,9.9116
2026-03-14 09:15:15.780,-0.1539,-0.1172,9.5827
2026-03-14 09:15:15.790,,0.2728,9.6542
2026-03-14 09:15:15.800,0.4923,0.6712,9.6771
2026-03-14 09:15:15.810,0.4683,1.0049,9.7748
2026-03-14 09:15:15.820,0.6713,0.8217,9.8699
2026-03-14 09:15:15.830,0.7637,1.0961,10.4776
2026-03-14 09:15:15.840,0.6908,0.787,10.44
2026-03-14 09:15:15.850,1.1437,1.0335,10.3654
2026-03-14 09:15:15.860,1.0617,1.0872,10.0996
2026-03-14 09:15:15.870,1.535,1.0551,9.6429
2026-03-14 09:15:15.880,1.2897,1.1943,9.7964
2026-03-14 09:15:15.890,1.1507,0.6307,9.3412
2026-03-14 09:15:15.900,1.1586,0.7179,9.8966
2026-03-14 09:15:15.910,1.232,0.3644,9.7966
2026-03-14 09:15:15.920,1.3288,0.4172,10.0156
2026-03-14 09:15:15.930,1.4994,0.1213,10.1645
2026-03-14 09:15:15.940,1.3747,0.2042,9.4382
2026-03-14 09:15:15.950,1.3622,0.1037,9.4684
2026-03-14 09:15:15.960,0.9661,0.0768,9.3713
2026-03-14 09:15:15.970,0.9892,0.3134,9.6361
2026-03-14 09:15:15.980,1.1446,0.0947,9.212
2026-03-14 09:15:15.990,0.9189,0.0395,9.4107
2026-03-14 09:15:16.000,0.574,0.0029,10.1385
2026-03-14 09:15:16.010,0.6194,-0.0571,9.632
2026-03-14 09:15:16.020,0.3673,0.2396,10.097
2026-03-14 09:15:16.030,0.238,0.1515,10.0079
2026-03-14 09:15:16.040,0.0344,0.2268,10.2415
2026-03-14 09:15:16.050,0.2387,0.1122,9.6092
2026-03-14 09:15:16.060,-0.1365,0.3532,9.6427
2026-03-14 09:15:16.070,-0.0024,-0.0105,9.7149
2026-03-14 09:15:16.080,-0.1285,0.4066,9.6836
2026-03-14 09:15:16.090,-0.5068,0.289,10.0207
2026-03-14 09:15:16.100,-0.7332,0.0435,10.1422
2026-03-14 09:15:16.110,-0.6332,0.5027,10.5484
2026-03-14 09:15:16.120,-0.8563,0.0493,10.4579
2026-03-14 09:15:16.130,-0.994,-0.2243,
2026-03-14 09:15:16.140,-1.1364,-0.3036,9.7599
2026-03-14 09:15:16.150,-1.359,-0.2522,10.216
2026-03-14 09:15:16.160,-1.1521,-0.484,9.5189
2026-03-14 09:15:16.170,-1.356,-0.9172,9.5095
2026-03-14 09:15:16.180,-1.3952,-0.979,9.5405
2026-03-14 09:15:16.190,-1.3246,-1.1452,9.6477
2026-03-14 09:15:16.200,-1.5095,-1.2057,9.7733
2026-03-14 09:15:16.210,-1.495,-1.0511,9.5865
2026-03-14 09:15:16.220,-1.3329,-1.3955,9.6574
2026-03-14 09:15:16.230,-1.3924,-1.14,9.8658
2026-03-14 09:15:16.240,-1.2786,-1.4142,9.1708
2026-03-14 09:15:16.250,-1.0974,-0.988,9.1187
2026-03-14 09:15:16.260,-0.8501,-0.9904,9.8374
2026-03-14 09:15:16.270,-0.7667,-0.9653,9.7817
2026-03-14 09:15:16.280,-0.7352,-0.5303,10.0569
2026-03-14 09:15:16.290,-0.7566,-0.1681,10.4499
2026-03-14 09:15:16.300,-0.1548,-0.1722,10.1881
2026-03-14 09:15:16.310,-0.0969,0.17,
2026-03-14 09:15:16.320,0.0564,0.0872,10.0763
2026-03-14 09:15:16.330,0.1889,0.3067,9.4373
2026-03-14 09:15:16.340,0.6109,0.8423,9.3528
2026-03-14 09:15:16.350,0.6861,0.6236,9.7772
2026-03-14 09:15:16.360,0.6713,0.8409,10.0049
2026-03-14 09:15:16.370,0.9257,1.0281,10.3742
2026-03-14 09:15:16.380,1.1494,0.9277,10.0188
2026-03-14 09:15:16.390,,0.9465,10.2466
2026-03-14 09:15:16.400,1.4092,1.1886,10.2114
2026-03-14 09:15:16.410,1.1182,0.7941,
2026-03-14 09:15:16.420,1.5027,0.6701,9.4971
2026-03-14 09:15:16.430,1.356,0.5174,9.5576
2026-03-14 09:15:16.440,1.2735,0.6939,9.1982
2026-03-14 09:15:16.450,1.2948,0.4642,9.8306
2026-03-14 09:15:16.460,1.3504,0.2732,9.6835
2026-03-14 09:15:16.470,1.1552,0.1307,9.903
2026-03-14 09:15:16.480,1.2743,0.1136,9.6456
2026-03-14 09:15:16.490,1.2824,-0.382,9.6505
2026-03-14 09:15:16.500,0.8529,0.0699,9.8206
2026-03-14 09:15:16.510,0.9465,-0.2354,9.3259
2026-03-14 09:15:16.520,0.8546,-0.1872,9.3218
2026-03-14 09:15:16.530,0.5534,0.1404,9.6479
2026-03-14 09:15:16.540,0.7848,0.0945,9.7741
2026-03-14 09:15:16.550,0.2404,0.2124,9.7582
2026-03-14 09:15:16.560,0.1774,0.2766,10.0137
2026-03-14 09:15:16.570,0.1997,0.1666,9.7247
2026-03-14 09:15:16.580,-0.0053,0.2058,10.2156
2026-03-14 09:15:16.590,-0.1316,0.4571,10.0951
2026-03-14 09:15:16.600,,0.2643,9.7006
2026-03-14 09:15:16.610,-0.5495,0.1956,9.9957
2026-03-14 09:15:16.620,-0.5341,0.1212,9.8652
2026-03-14 09:15:16.630,-0.4411,0.118,10.3409
2026-03-14 09:15:16.640,-0.5636,-0.0446,10.4104
2026-03-14 09:15:16.650,-0.9719,-0.1291,10.2578
2026-03-14 09:15:16.660,-1.2397,-0.4612,10.2871
2026-03-14 09:15:16.670,-1.1811,-0.1389,10.0043
2026-03-14 09:15:16.680,-1.0413,-0.5618,9.9598
2026-03-14 09:15:16.690,-1.4948,-0.7241,9.5758
2026-03-14 09:15:16.700,-1.5498,-0.6719,9.296
2026-03-14 09:15:16.710,-1.5633,-0.9683,9.2149
2026-03-14 09:15:16.720,-1.4625,-0.9677,9.5312
2026-03-14 09:15:16.730,-1.4194,-0.9472,9.4498
2026-03-14 09:15:16.740,-1.6295,-1.1736,9.6557
2026-03-14 09:15:16.750,-1.5523,-1.3647,9.5044
2026-03-14 09:15:16.760,-1.2782,-1.2354,10.031
2026-03-14 09:15:16.770,-1.3978,-1.0981,9.7164
2026-03-14 09:15:16.780,-0.9853,-1.1257,9.4276
2026-03-14 09:15:16.790,-0.6666,-0.6725,9.5513
2026-03-14 09:15:16.800,-0.6556,-0.739,9.4417
2026-03-14 09:15:16.810,-0.5283,-0.2267,9.7573
2026-03-14 09:15:16.820,-0.1581,-0.1741,10.2329
2026-03-14 09:15:16.830,-0.3543,-0.0392,10.138
2026-03-14 09:15:16.840,0.1992,0.3086,10.0677
2026-03-14 09:15:16.850,0.1237,0.2916,9.952
2026-03-14 09:15:16.860,0.5624,0.5432,10.0189
2026-03-14 09:15:16.870,0.5071,0.6706,10.0612
2026-03-14 09:15:16.880,0.7532,0.6799,10.0489
2026-03-14 09:15:16.890,0.9623,1.1094,9.8987
2026-03-14 09:15:16.900,1.0545,1.3352,9.8575
2026-03-14 09:15:16.910,1.1926,1.2412,10.1639
2026-03-14 09:15:16.920,1.3598,1.1803,10.0141
2026-03-14 09:15:16.930,1.1873,0.8387,10.0899
2026-03-14 09:15:16.940,1.2894,0.8984,10.5186
2026-03-14 09:15:16.950,1.1718,0.4704,9.7285
2026-03-14 09:15:16.960,1.3292,0.6552,9.7266
2026-03-14 09:15:16.970,1.5884,0.296,8.948
2026-03-14 09:15:16.980,1.1185,0.5418,9.5612
2026-03-14 09:15:16.990,1.2821,0.5134,9.354
2026-03-14 09:15:17.000,1.1404,0.0916,9.7026
2026-03-14 09:15:17.010,0.9458,0.0259,9.5355
2026-03-14 09:15:17.020,0.9348,0.0422,9.8523
2026-03-14 09:15:17.030,1.0965,-0.0519,10.0767
2026-03-14 09:15:17.040,0.8997,-0.349,9.7339
2026-03-14 09:15:17.050,0.5199,-0.0987,9.3369
2026-03-14 09:15:17.060,0.4119,-0.1395,9.5219
2026-03-14 09:15:17.070,0.6412,-0.0803,9.3486
2026-03-14 09:15:17.080,0.4846,0.3119,9.5755
2026-03-14 09:15:17.090,-0.0951,0.2394,9.4623
2026-03-14 09:15:17.100,0.1198,0.1657,9.8332
2026-03-14 09:15:17.110,-0.0049,0.1831,10.2479
2026-03-14 09:15:17.120,-0.3026,0.4408,10.2018
2026-03-14 09:15:17.130,-0.4138,0.1048,9.9866
2026-03-14 09:15:17.140,-0.1259,0.548,
2026-03-14 09:15:17.150,-0.6439,0.2276,9.843
2026-03-14 09:15:17.160,-0.6154,0.3519,9.9979
2026-03-14 09:15:17.170,-0.9511,0.1058,10.1113
2026-03-14 09:15:17.180,-1.0809,0.113,10.0323
2026-03-14 09:15:17.190,,-0.0375,10.1381
2026-03-14 09:15:17.200,-1.2452,-0.2633,10.7317
2026-03-14 09:15:17.210,-1.3263,-0.4196,10.084
2026-03-14 09:15:17.220,-1.4592,-0.6013,10.4706
2026-03-14 09:15:17.230,-1.5992,-0.8779,9.8137
2026-03-14 09:15:17.240,-1.5482,-1.1953,9.6665
2026-03-14 09:15:17.250,-1.3694,-1.3159,9.224
2026-03-14 09:15:17.260,-1.2891,-1.0982,9.3535
2026-03-14 09:15:17.270,-1.4287,-1.2041,9.3198
2026-03-14 09:15:17.280,-1.4459,-1.2444,9.5238
2026-03-14 09:15:17.290,-1.0523,-1.2161,9.5536
2026-03-14 09:15:17.300,-1.2662,-1.1353,9.8845
2026-03-14 09:15:17.310,-0.8153,-0.7771,9.9213
2026-03-14 09:15:17.320,-1.0226,-0.9265,9.7751
2026-03-14 09:15:17.330,-0.7734,-0.5718,9.296
2026-03-14 09:15:17.340,-0.2983,-0.3331,9.6746
2026-03-14 09:15:17.350,-0.1932,-0.2115,9.3249
2026-03-14 09:15:17.360,-0.0894,0.127,9.8437
2026-03-14 09:15:17.370,0.207,0.4827,9.8054
2026-03-14 09:15:17.380,0.2446,0.7173,10.4668
2026-03-14 09:15:17.390,0.5921,0.4887,10.2494
2026-03-14 09:15:17.400,0.8311,0.8325,10.523
2026-03-14 09:15:17.410,0.5688,0.8644,10.1294
2026-03-14 09:15:17.420,0.8396,1.08,9.4819
2026-03-14 09:15:17.430,1.2236,1.0069,9.566
2026-03-14 09:15:17.440,1.0396,0.9232,9.638
2026-03-14 09:15:17.450,1.2108,0.8675,9.7943
2026-03-14 09:15:17.460,1.4292,0.8879,10.2216
2026-03-14 09:15:17.470,1.4435,0.9808,10.0362
2026-03-14 09:15:17.480,1.2723,0.5707,10.1395
2026-03-14 09:15:17.490,1.3969,0.5011,9.7953
2026-03-14 09:15:17.500,1.5171,0.4994,9.5976
2026-03-14 09:15:17.510,1.4276,0.7614,9.4257
2026-03-14 09:15:17.520,1.1794,0.2461,9.5038
2026-03-14 09:15:17.530,1.3141,0.3377,9.3583
2026-03-14 09:15:17.540,1.0539,0.0147,9.5225
2026-03-14 09:15:17.550,0.8289,-0.1158,9.9065
2026-03-14 09:15:17.560,0.6835,-0.1454,9.9897
2026-03-14 09:15:17.570,0.755,0.06,9.9769
2026-03-14 09:15:17.580,0.7212,-0.0759,9.722
2026-03-14 09:15:17.590,,0.0862,9.2895
2026-03-14 09:15:17.600,0.3434,0.1176,9.4005
2026-03-14 09:15:17.610,0.4724,0.1507,9.4518
2026-03-14 09:15:17.620,0.1366,0.0414,9.5145
2026-03-14 09:15:17.630,0.1907,0.0866,10.1123
2026-03-14 09:15:17.640,0.1521,-0.001,10.0809
2026-03-14 09:15:17.650,-0.1753,0.3647,9.9259
2026-03-14 09:15:17.660,-0.2903,0.1284,10.1593
2026-03-14 09:15:17.670,-0.503,0.5396,10.2367
2026-03-14 09:15:17.680,-0.5001,0.1108,10.036
2026-03-14 09:15:17.690,-0.7647,0.0685,10.0705
2026-03-14 09:15:17.700,-1.0518,0.098,10.0645
2026-03-14 09:15:17.710,-0.9883,-0.056,9.5281
2026-03-14 09:15:17.720,-1.0875,-0.2353,9.8074
2026-03-14 09:15:17.730,-0.963,-0.5639,9.9683
2026-03-14 09:15:17.740,-1.3655,-0.6278,10.0441
2026-03-14 09:15:17.750,-1.4492,-0.7365,10.0914
2026-03-14 09:15:17.760,-1.5207,-0.7499,9.7294
2026-03-14 09:15:17.770,-1.5562,-0.8017,
2026-03-14 09:15:17.780,-1.5984,-1.1851,9.4137
2026-03-14 09:15:17.790,-1.7577,-1.2861,9.3335
2026-03-14 09:15:17.800,-1.5327,-1.0021,9.3
2026-03-14 09:15:17.810,-1.3461,-1.4619,9.6068
2026-03-14 09:15:17.820,-1.3721,-0.9189,9.3131
2026-03-14 09:15:17.830,-1.0062,-0.816,9.6704
2026-03-14 09:15:17.840,-0.9907,-0.8053,9.9496
2026-03-14 09:15:17.850,-0.6638,-0.7693,9.9386
2026-03-14 09:15:17.860,-0.4112,-0.6769,9.8707
2026-03-14 09:15:17.870,-0.2591,-0.3147,9.7594
2026-03-14 09:15:17.880,-0.3771,-0.1273,9.6359
2026-03-14 09:15:17.890,0.2542,0.3129,9.7467
2026-03-14 09:15:17.900,0.1835,0.27,10.0311
2026-03-14 09:15:17.910,0.355,0.3421,9.67
2026-03-14 09:15:17.920,0.7596,0.6925,10.308
2026-03-14 09:15:17.930,0.7173,0.9017,10.5319
2026-03-14 09:15:17.940,0.779,1.0328,9.7293
2026-03-14 09:15:17.950,1.132,,10.0813
2026-03-14 09:15:17.960,1.2775,1.1683,9.852
2026-03-14 09:15:17.970,1.4322,1.3126,9.6369
2026-03-14 09:15:17.980,1.1567,1.1703,9.6678
2026-03-14 09:15:17.990,1.3773,0.547,9.6665
2026-03-14 09:15:18.000,1.6164,0.8837,9.7658
2026-03-14 09:15:18.010,1.3617,0.6182,10.0044
2026-03-14 09:15:18.020,1.5776,0.3467,9.969
2026-03-14 09:15:18.030,1.193,0.4749,10.1224
2026-03-14 09:15:18.040,1.4397,0.4655,9.4226
2026-03-14 09:15:18.050,1.0573,0.0137,9.5848
2026-03-14 09:15:18.060,1.2967,0.2924,9.375
2026-03-14 09:15:18.070,0.9856,0.0106,9.1203
2026-03-14 09:15:18.080,0.876,0.1301,9.2873
2026-03-14 09:15:18.090,1.0739,-0.0445,9.3736
2026-03-14 09:15:18.100,0.8019,-0.1959,9.6724
2026-03-14 09:15:18.110,0.7062,-0.2865,9.9664
2026-03-14 09:15:18.120,0.4275,-0.1465,9.6638
2026-03-14 09:15:18.130,0.4203,0.2233,9.6031
2026-03-14 09:15:18.140,0.3231,0.0779,9.6875
2026-03-14 09:15:18.150,0.3926,0.3096,9.9958
2026-03-14 09:15:18.160,0.2751,0.2676,9.4537
2026-03-14 09:15:18.170,-0.0708,0.3258,9.5995
2026-03-14 09:15:18.180,-0.2716,0.259,9.9029
2026-03-14 09:15:18.190,-0.6446,0.2657,10.084
2026-03-14 09:15:18.200,-0.5084,0.0992,10.5831
2026-03-14 09:15:18.210,-0.8046,0.3762,
2026-03-14 09:15:18.220,-0.7053,-0.1308,10.0756
2026-03-14 09:15:18.230,-0.973,-0.0641,9.9272
2026-03-14 09:15:18.240,-1.0359,-0.5046,9.8696
2026-03-14 09:15:18.250,-1.194,-0.229,9.3079
2026-03-14 09:15:18.260,-1.5845,-0.6203,9.8824
2026-03-14 09:15:18.270,-1.3962,-0.8901,9.83
2026-03-14 09:15:18.280,-1.3886,-0.4684,9.7371
2026-03-14 09:15:18.290,-1.5158,,10.0992
2026-03-14 09:15:18.300,-1.7864,-1.1146,9.7368
2026-03-14 09:15:18.310,-1.7565,-1.1431,9.8528
2026-03-14 09:15:18.320,-1.4725,-1.0385,10.028
2026-03-14 09:15:18.330,-1.0908,-0.7847,9.207
2026-03-14 09:15:18.340,-1.1148,-1.4176,8.9883
2026-03-14 09:15:18.350,-0.9762,-1.2457,9.4902
2026-03-14 09:15:18.360,-0.8346,-0.8868,9.7373
2026-03-14 09:15:18.370,-0.8945,-0.9102,9.7659
2026-03-14 09:15:18.380,-0.8338,-0.4461,10.0084
2026-03-14 09:15:18.390,-0.5376,-0.6133,9.9691
2026-03-14 09:15:18.400,-0.2503,-0.3001,
2026-03-14 09:15:18.410,-0.1822,-0.204,9.9603
2026-03-14 09:15:18.420,-0.056,0.2619,9.7616
2026-03-14 09:15:18.430,0.3652,0.047,9.6536
2026-03-14 09:15:18.440,0.3135,0.7789,9.6938
2026-03-14 09:15:18.450,0.8959,0.924,9.9642
2026-03-14 09:15:18.460,0.888,0.7345,9.9196
2026-03-14 09:15:18.470,1.0211,0.9852,10.7327
2026-03-14 09:15:18.480,0.9216,0.8691,10.5421
2026-03-14 09:15:18.490,1.162,1.0487,9.8627
2026-03-14 09:15:18.500,1.3634,1.087,10.0225
2026-03-14 09:15:18.510,1.3714,,9.7647
2026-03-14 09:15:18.520,1.1856,0.7121,9.5349
2026-03-14 09:15:18.530,1.4453,0.7892,9.6343
2026-03-14 09:15:18.540,1.3276,0.6722,9.3929
2026-03-14 09:15:18.550,1.5245,0.3434,9.4607
2026-03-14 09:15:18.560,1.2252,0.3393,9.8166
2026-03-14 09:15:18.570,1.1708,0.1609,9.7158
2026-03-14 09:15:18.580,1.0972,-0.0674,9.9828
2026-03-14 09:15:18.590,1.0963,0.0247,9.6075
2026-03-14 09:15:18.600,0.8911,0.1151,9.4371
2026-03-14 09:15:18.610,0.8522,-0.1244,9.4241
2026-03-14 09:15:18.620,0.7122,-0.0593,9.1875
2026-03-14 09:15:18.630,0.5224,-0.4021,9.7913
2026-03-14 09:15:18.640,0.6747,0.0069,10.194
2026-03-14 09:15:18.650,0.3201,0.0234,10.3017
2026-03-14 09:15:18.660,0.1189,0.1373,
2026-03-14 09:15:18.670,0.1044,0.1783,9.8141
2026-03-14 09:15:18.680,0.5639,0.1481,9.9617
2026-03-14 09:15:18.690,0.0181,0.1941,9.8787
2026-03-14 09:15:18.700,-0.1106,0.4231,9.5878
2026-03-14 09:15:18.710,-0.2977,0.4723,9.6113
2026-03-14 09:15:18.720,-0.192,0.2501,9.9303
2026-03-14 09:15:18.730,-0.7483,0.1245,9.7596
2026-03-14 09:15:18.740,-0.6934,0.0935,9.9147
2026-03-14 09:15:18.750,-1.0402,0.1404,10.0735
2026-03-14 09:15:18.760,-0.9793,-0.0684,10.0512
2026-03-14 09:15:18.770,-1.2329,-0.2037,10.2727
2026-03-14 09:15:18.780,-1.2164,-0.5557,9.9379
2026-03-14 09:15:18.790,-1.0651,-0.4408,9.3409
2026-03-14 09:15:18.800,-1.5971,-0.7681,9.6555
2026-03-14 09:15:18.810,-1.3711,-0.8586,9.8773
2026-03-14 09:15:18.820,-1.4288,-0.8082,9.9757
2026-03-14 09:15:18.830,-1.1817,-1.1743,9.6871
2026-03-14 09:15:18.840,-1.2731,-1.1241,10.0089
2026-03-14 09:15:18.850,-1.8178,-0.937,10.0687
2026-03-14 09:15:18.860,-1.721,-1.3059,9.6958
2026-03-14 09:15:18.870,-1.3328,-1.0199,9.3991
2026-03-14 09:15:18.880,-1.0991,-1.2157,8.8833
2026-03-14 09:15:18.890,-1.159,-0.9165,9.1626
2026-03-14 09:15:18.900,-0.962,-0.6969,9.7237
2026-03-14 09:15:18.910,-0.7057,-0.4826,9.696
2026-03-14 09:15:18.920,-0.4546,-0.4662,9.9085
2026-03-14 09:15:18.930,-0.3101,-0.0935,10.2117
2026-03-14 09:15:18.940,,0.029,10.23
2026-03-14 09:15:18.950,0.0024,0.5234,9.733
2026-03-14 09:15:18.960,0.3572,0.4681,10.0819
2026-03-14 09:15:18.970,0.7482,0.7665,9.7638
2026-03-14 09:15:18.980,0.6659,0.7312,9.6532
2026-03-14 09:15:18.990,0.7858,0.841,9.5837
2026-03-14 09:15:19.000,1.0957,1.0073,10.0989
2026-03-14 09:15:19.010,1.0014,1.1166,10.085
2026-03-14 09:15:19.020,1.2411,0.789,10.3189
2026-03-14 09:15:19.030,1.142,1.4118,9.92
2026-03-14 09:15:19.040,1.2243,0.8642,10.226
2026-03-14 09:15:19.050,1.3024,0.7362,9.8327
2026-03-14 09:15:19.060,1.3081,0.8767,9.5454
2026-03-14 09:15:19.070,1.392,0.6664,9.7746
2026-03-14 09:15:19.080,1.5715,0.4993,9.4433
2026-03-14 09:15:19.090,1.153,0.5744,9.554
2026-03-14 09:15:19.100,0.9689,0.2027,9.6315
2026-03-14 09:15:19.110,1.2662,0.117,9.8129
2026-03-14 09:15:19.120,1.3241,-0.0405,9.9491
2026-03-14 09:15:19.130,1.0154,0.2151,9.7162
2026-03-14 09:15:19.140,0.7283,-0.1595,9.2154
2026-03-14 09:15:19.150,0.6381,-0.2253,9.2386
2026-03-14 09:15:19.160,0.7705,0.1352,9.3529
2026-03-14 09:15:19.170,0.6373,-0.1683,9.5607
2026-03-14 09:15:19.180,0.4754,0.2029,9.6651
2026-03-14 09:15:19.190,0.3025,0.0744,9.9611
2026-03-14 09:15:19.200,0.2903,0.2524,10.4746
2026-03-14 09:15:19.210,0.0229,0.099,9.9979
2026-03-14 09:15:19.220,-0.0502,0.3658,10.6177
2026-03-14 09:15:19.230,-0.3421,0.5418,9.6772
2026-03-14 09:15:19.240,-0.3709,0.2883,
2026-03-14 09:15:19.250,-0.5382,0.0809,9.8565
2026-03-14 09:15:19.260,-0.8744,0.1918,10.1006
2026-03-14 09:15:19.270,-0.7563,0.3314,9.8611
2026-03-14 09:15:19.280,-0.9849,-0.0982,10.4599
2026-03-14 09:15:19.290,-0.986,-0.3828,10.38
2026-03-14 09:15:19.300,,-0.1777,10.3508
2026-03-14 09:15:19.310,-1.1376,-0.6709,10.1848
2026-03-14 09:15:19.320,-1.4974,-0.6681,9.6825
2026-03-14 09:15:19.330,-1.6328,-0.7658,10.0734
2026-03-14 09:15:19.340,-1.6423,-0.5958,9.5741
2026-03-14 09:15:19.350,-1.5322,-1.1685,9.4178
2026-03-14 09:15:19.360,-1.6191,-1.0686,9.5526
2026-03-14 09:15:19.370,-1.5531,-0.9222,10.1978
2026-03-14 09:15:19.380,-1.4393,-1.3333,9.9331
2026-03-14 09:15:19.390,-1.4333,-1.1931,10.0507
2026-03-14 09:15:19.400,-1.3885,-1.3229,9.6003
2026-03-14 09:15:19.410,-0.7437,-1.1866,9.7843
2026-03-14 09:15:19.420,-0.9871,-0.6801,9.1234
2026-03-14 09:15:19.430,-0.838,-0.6671,9.5254
2026-03-14 09:15:19.440,-0.5298,-0.5565,9.4138
2026-03-14 09:15:19.450,-0.3888,-0.3609,9.8091
2026-03-14 09:15:19.460,-0.4605,-0.1428,9.8553
2026-03-14 09:15:19.470,-0.1122,0.2837,10.2731
2026-03-14 09:15:19.480,0.1437,0.343,10.2256
2026-03-14 09:15:19.490,0.4851,0.4049,10.17
2026-03-14 09:15:19.500,0.8863,0.4385,10.2565
2026-03-14 09:15:19.510,0.6279,0.9104,10.0099
2026-03-14 09:15:19.520,0.8649,0.7228,9.6341
2026-03-14 09:15:19.530,1.1788,1.0484,9.8589
2026-03-14 09:15:19.540,1.2669,1.0788,10.0776
2026-03-14 09:15:19.550,1.3377,0.855,9.9572
2026-03-14 09:15:19.560,1.1253,0.9731,10.2794
2026-03-14 09:15:19.570,1.4326,0.9687,10.7343
2026-03-14 09:15:19.580,1.3086,0.7573,10.3788
2026-03-14 09:15:19.590,1.3191,0.4684,9.6224
2026-03-14 09:15:19.600,1.0529,0.7097,9.3075
2026-03-14 09:15:19.610,1.3074,0.3432,9.4594
2026-03-14 09:15:19.620,1.2994,0.3701,8.9023
2026-03-14 09:15:19.630,1.2122,0.0325,9.4689
2026-03-14 09:15:19.640,1.1669,-0.0649,9.4437
2026-03-14 09:15:19.650,0.7793,0.175,10.069
2026-03-14 09:15:19.660,0.7749,0.0386,9.539
2026-03-14 09:15:19.670,0.8286,0.029,10.0766
2026-03-14 09:15:19.680,0.5808,0.0493,9.6126
2026-03-14 09:15:19.690,0.7121,0.2575,9.5852
2026-03-14 09:15:19.700,0.5119,-0.063,9.3879
2026-03-14 09:15:19.710,0.4035,0.1108,9.6006
2026-03-14 09:15:19.720,,-0.0009,9.2717
2026-03-14 09:15:19.730,0.0588,0.1642,9.9874
2026-03-14 09:15:19.740,-0.1701,0.3632,10.359
2026-03-14 09:15:19.750,0.0955,0.4567,9.9339
2026-03-14 09:15:19.760,-0.2634,0.292,10.2222
2026-03-14 09:15:19.770,-0.2995,0.3816,9.9603
2026-03-14 09:15:19.780,-0.4884,0.1454,10.0687
2026-03-14 09:15:19.790,-0.5948,0.0133,9.677
2026-03-14 09:15:19.800,-0.8988,0.2083,9.9158
2026-03-14 09:15:19.810,-1.0839,-0.5584,9.8079
2026-03-14 09:15:19.820,-1.0864,-0.3202,9.9856
2026-03-14 09:15:19.830,-1.4502,-0.3171,10.0277
2026-03-14 09:15:19.840,-1.328,-0.3455,10.4835
2026-03-14 09:15:19.850,-1.2933,-0.5403,10.1498
2026-03-14 09:15:19.860,-1.3713,-0.8801,9.6824
2026-03-14 09:15:19.870,-1.1899,-1.1821,9.9162
2026-03-14 09:15:19.880,-1.593,-0.8331,9.6953
2026-03-14 09:15:19.890,-1.4576,-1.2543,9.4486
2026-03-14 09:15:19.900,-1.3963,-1.0898,9.6245
2026-03-14 09:15:19.910,-1.3337,-1.144,9.9046
2026-03-14 09:15:19.920,-1.3067,-1.2663,9.7507
2026-03-14 09:15:19.930,-1.2076,-0.9448,9.6417
2026-03-14 09:15:19.940,-1.3551,-1.241,9.8339
2026-03-14 09:15:19.950,-0.9795,-0.9976,9.8
2026-03-14 09:15:19.960,-0.8393,-0.6278,
2026-03-14 09:15:19.970,-0.5052,,9.5241
2026-03-14 09:15:19.980,-0.4957,-0.2679,9.4969
2026-03-14 09:15:19.990,0.0821,0.211,9.4049
2026-03-14 09:15:20.000,0.097,,10.1573
2026-03-14 09:15:20.010,0.3871,0.6545,10.0987
2026-03-14 09:15:20.020,0.361,0.6898,10.2931
2026-03-14 09:15:20.030,0.547,0.7262,10.237
2026-03-14 09:15:20.040,0.7583,0.6547,10.1205
2026-03-14 09:15:20.050,1.141,0.9252,9.9865
2026-03-14 09:15:20.060,1.073,0.9383,10.1733
2026-03-14 09:15:20.070,1.3295,1.2933,9.7083
2026-03-14 09:15:20.080,1.363,1.4004,9.7342
2026-03-14 09:15:20.090,1.5089,0.9425,9.7106
2026-03-14 09:15:20.100,1.4788,1.1499,10.0822
2026-03-14 09:15:20.110,1.3639,1.0289,10.007
2026-03-14 09:15:20.120,1.5868,0.5128,10.1589
2026-03-14 09:15:20.130,1.6345,0.4866,9.7883
2026-03-14 09:15:20.140,1.3638,0.1253,9.3387
2026-03-14 09:15:20.150,1.1034,0.6305,9.3746
2026-03-14 09:15:20.160,0.8701,0.0361,9.2046
2026-03-14 09:15:20.170,1.0149,0.038,9.2011
2026-03-14 09:15:20.180,0.9975,-0.1109,9.611
2026-03-14 09:15:20.190,1.2771,-0.0466,9.6329
2026-03-14 09:15:20.200,0.9054,0.0424,9.6803
2026-03-14 09:15:20.210,0.5688,-0.3724,9.9554
2026-03-14 09:15:20.220,0.3869,0.0469,10.1759
2026-03-14 09:15:20.230,0.2947,0.2754,9.359
2026-03-14 09:15:20.240,0.5076,0.2278,9.8242
2026-03-14 09:15:20.250,0.1059,0.105,9.7997
2026-03-14 09:15:20.260,0.2976,0.1723,9.5157
2026-03-14 09:15:20.270,0.0359,0.3194,10.0725
2026-03-14 09:15:20.280,-0.1371,0.1673,10.1567
2026-03-14 09:15:20.290,-0.2594,0.3558,10.0052
2026-03-14 09:15:20.300,-0.4127,0.2774,9.9371
2026-03-14 09:15:20.310,-0.5289,0.005,10.2741
2026-03-14 09:15:20.320,-0.7207,0.3144,9.9746
2026-03-14 09:15:20.330,-0.8234,-0.217,
2026-03-14 09:15:20.340,-1.0851,-0.0711,9.4311
2026-03-14 09:15:20.350,-1.2621,-0.288,9.827
2026-03-14 09:15:20.360,-1.1679,-0.5239,9.6823
2026-03-14 09:15:20.370,-1.3201,-0.5378,9.6997
2026-03-14 09:15:20.380,-1.4015,-0.6562,10.0467
2026-03-14 09:15:20.390,-1.3585,-0.8373,10.0933
2026-03-14 09:15:20.400,-1.7004,-0.699,9.6959
2026-03-14 09:15:20.410,-1.6549,-1.1803,9.7243
2026-03-14 09:15:20.420,-1.3558,-1.0978,9.3515
2026-03-14 09:15:20.430,-1.0617,-1.546,9.2244
2026-03-14 09:15:20.440,-1.2491,-1.3056,9.2177
2026-03-14 09:15:20.450,-1.0991,-1.5953,9.6023
2026-03-14 09:15:20.460,-0.9653,-0.8494,9.7931
2026-03-14 09:15:20.470,-1.0465,-0.8462,9.4844
2026-03-14 09:15:20.480,-0.8886,-0.8786,9.8541
2026-03-14 09:15:20.490,-0.7213,-0.5214,9.9827
2026-03-14 09:15:20.500,-0.3857,-0.2518,9.7313
2026-03-14 09:15:20.510,-0.1603,-0.1387,9.4802
2026-03-14 09:15:20.520,-0.1193,0.152,9.376
2026-03-14 09:15:20.530,0.2195,0.3883,9.9081
2026-03-14 09:15:20.540,0.3493,0.371,9.9969
2026-03-14 09:15:20.550,0.5674,0.6206,9.8098
2026-03-14 09:15:20.560,0.6883,0.819,10.3468
2026-03-14 09:15:20.570,0.8158,0.7638,10.3353
2026-03-14 09:15:20.580,1.0047,0.8609,10.0714
2026-03-14 09:15:20.590,,0.8964,9.979
2026-03-14 09:15:20.600,1.2369,1.072,9.9493
2026-03-14 09:15:20.610,1.6286,1.019,10.003
2026-03-14 09:15:20.620,1.3402,0.7605,9.7575
2026-03-14 09:15:20.630,1.4042,0.6752,9.8336
2026-03-14 09:15:20.640,1.3963,0.8289,9.4959
2026-03-14 09:15:20.650,1.3219,0.5041,10.0755
2026-03-14 09:15:20.660,1.3797,0.8629,10.1913
2026-03-14 09:15:20.670,1.4638,0.356,9.8179
2026-03-14 09:15:20.680,1.1026,0.3012,9.7798
2026-03-14 09:15:20.690,0.9485,-0.016,9.4611
2026-03-14 09:15:20.700,1.1231,-0.2196,9.1719
2026-03-14 09:15:20.710,0.8268,0.1691,9.2762
2026-03-14 09:15:20.720,0.7003,0.0581,9.4032
2026-03-14 09:15:20.730,0.83,0.053,9.6349
2026-03-14 09:15:20.740,0.6033,0.2961,9.6933
2026-03-14 09:15:20.750,0.6553,0.2473,9.7802
2026-03-14 09:15:20.760,0.3946,-0.2191,10.1417
2026-03-14 09:15:20.770,0.1445,0.1394,9.9769
2026-03-14 09:15:20.780,0.3586,-0.0,9.3785
2026-03-14 09:15:20.790,0.3528,0.076,9.7267
2026-03-14 09:15:20.800,-0.0504,0.2754,9.8602
2026-03-14 09:15:20.810,-0.2806,0.1877,9.9582
2026-03-14 09:15:20.820,-0.416,0.1789,9.9049
2026-03-14 09:15:20.830,-0.5179,0.2497,10.0928
2026-03-14 09:15:20.840,-0.8987,0.1288,10.3324
2026-03-14 09:15:20.850,-1.0605,,10.2385
2026-03-14 09:15:20.860,-0.7507,0.1643,9.9902
2026-03-14 09:15:20.870,-1.1598,0.1595,10.0813
2026-03-14 09:15:20.880,-1.2386,-0.6561,9.3998
2026-03-14 09:15:20.890,-1.2585,-0.4179,9.4285
2026-03-14 09:15:20.900,-1.2961,-0.6659,9.4944
2026-03-14 09:15:20.910,-1.1631,-0.8692,9.8117
2026-03-14 09:15:20.920,-1.4059,-0.9054,9.9968
2026-03-14 09:15:20.930,-1.6958,-1.2365,10.0991
2026-03-14 09:15:20.940,-1.4035,-1.3576,9.7648
2026-03-14 09:15:20.950,-1.5553,-1.1833,9.8822
2026-03-14 09:15:20.960,-1.5915,-1.4999,9.4488
2026-03-14 09:15:20.970,-1.3886,-1.2948,9.1935
2026-03-14 09:15:20.980,-1.0905,-1.3146,9.1938
2026-03-14 09:15:20.990,-1.2388,-1.0325,9.6745
2026-03-14 09:15:21.000,-0.9547,-0.9737,9.7153
2026-03-14 09:15:21.010,-0.9434,-0.6112,9.8579
2026-03-14 09:15:21.020,-0.6791,-0.622,10.1701
2026-03-14 09:15:21.030,-0.4139,-0.224,10.3711
2026-03-14 09:15:21.040,-0.2216,-0.0262,9.9705
2026-03-14 09:15:21.050,-0.0324,0.1396,9.688
2026-03-14 09:15:21.060,0.4772,0.5266,9.7067
2026-03-14 09:15:21.070,0.3847,0.578,10.1491
2026-03-14 09:15:21.080,0.4755,0.7877,10.0734
2026-03-14 09:15:21.090,0.6782,0.8421,10.2324
2026-03-14 09:15:21.100,0.877,0.9808,9.9999
2026-03-14 09:15:21.110,0.907,0.6486,10.4823
2026-03-14 09:15:21.120,1.1762,1.0188,10.3532
2026-03-14 09:15:21.130,1.101,1.238,10.0593
2026-03-14 09:15:21.140,1.1335,1.116,10.0615
2026-03-14 09:15:21.150,1.0712,0.7953,9.8799
2026-03-14 09:15:21.160,1.3808,0.7069,9.2843
2026-03-14 09:15:21.170,1.6684,0.6016,9.8391
2026-03-14 09:15:21.180,1.3063,0.5073,9.779
2026-03-14 09:15:21.190,1.1367,0.1956,9.8924
2026-03-14 09:15:21.200,1.0056,0.0813,9.718
2026-03-14 09:15:21.210,1.2633,0.0568,9.8319
2026-03-14 09:15:21.220,0.9391,-0.1458,9.7497
2026-03-14 09:15:21.230,1.0639,0.0645,9.7457
2026-03-14 09:15:21.240,0.9775,-0.1246,9.5887
2026-03-14 09:15:21.250,0.859,-0.0385,9.3124
2026-03-14 09:15:21.260,0.7624,0.3354,9.6178
2026-03-14 09:15:21.270,0.5295,0.123,9.3548
2026-03-14 09:15:21.280,,-0.073,9.894
2026-03-14 09:15:21.290,0.5619,0.0103,9.8576
2026-03-14 09:15:21.300,0.3369,0.3823,10.1082
2026-03-14 09:15:21.310,0.1799,0.2368,9.8708
2026-03-14 09:15:21.320,0.2035,0.2572,10.1637
2026-03-14 09:15:21.330,,,9.7044
2026-03-14 09:15:21.340,-0.007,0.1015,9.5446
2026-03-14 09:15:21.350,-0.4022,0.2737,10.0133
2026-03-14 09:15:21.360,-0.5181,0.0923,10.0069
2026-03-14 09:15:21.370,-0.7088,0.0828,10.2321
2026-03-14 09:15:21.380,-0.9318,-0.005,10.3069
2026-03-14 09:15:21.390,-0.8654,-0.1238,10.4912
2026-03-14 09:15:21.400,-0.9169,-0.1938,10.0437
2026-03-14 09:15:21.410,-1.1095,-0.5846,9.7965
2026-03-14 09:15:21.420,-1.2926,-0.5605,9.8246
2026-03-14 09:15:21.430,-1.269,-0.5143,9.9051
2026-03-14 09:15:21.440,-1.5635,-0.8263,10.0855
2026-03-14 09:15:21.450,-1.5071,-0.9147,9.852
2026-03-14 09:15:21.460,-1.4516,-0.7682,9.3283
2026-03-14 09:15:21.470,-1.6112,-1.2335,9.7428
2026-03-14 09:15:21.480,-1.5743,-1.3988,9.8418
2026-03-14 09:15:21.490,-1.4351,-1.3699,9.7321
2026-03-14 09:15:21.500,-1.3793,-1.2371,9.4114
2026-03-14 09:15:21.510,-1.2401,-0.9087,9.3199
2026-03-14 09:15:21.520,-1.267,-0.9547,9.7857
2026-03-14 09:15:21.530,-1.1132,-0.5931,9.1818
2026-03-14 09:15:21.540,-0.5091,-0.7667,9.2001
2026-03-14 09:15:21.550,-0.4681,-0.468,10.0251
2026-03-14 09:15:21.560,-0.2476,-0.1352,9.884
2026-03-14 09:15:21.570,-0.1584,-0.1212,10.3761
2026-03-14 09:15:21.580,-0.0076,0.2421,9.9878
2026-03-14 09:15:21.590,0.4967,0.4893,10.0118
2026-03-14 09:15:21.600,0.2572,0.7205,9.6335
2026-03-14 09:15:21.610,0.6917,0.7818,10.0117
2026-03-14 09:15:21.620,0.9496,0.7554,9.9093
2026-03-14 09:15:21.630,0.8602,1.0951,9.7823
2026-03-14 09:15:21.640,1.2982,0.8329,10.2332
2026-03-14 09:15:21.650,1.3284,1.108,10.5215
2026-03-14 09:15:21.660,1.4105,0.9299,10.3384
2026-03-14 09:15:21.670,1.2896,1.2033,10.255
2026-03-14 09:15:21.680,1.3658,0.8307,9.885
2026-03-14 09:15:21.690,1.3074,0.5146,9.8098
2026-03-14 09:15:21.700,1.5419,0.3626,9.6931
2026-03-14 09:15:21.710,1.1432,0.5296,9.5233
2026-03-14 09:15:21.720,1.3223,0.5298,9.1684
2026-03-14 09:15:21.730,1.4187,0.393,9.7549
2026-03-14 09:15:21.740,1.0062,0.216,9.9266
2026-03-14 09:15:21.750,1.2619,0.093,9.6816
2026-03-14 09:15:21.760,0.7591,-0.2695,9.5176
2026-03-14 09:15:21.770,0.798,0.0481,9.5833
2026-03-14 09:15:21.780,0.6213,-0.0283,9.3973
2026-03-14 09:15:21.790,0.7063,-0.0038,9.3737
2026-03-14 09:15:21.800,0.6037,-0.1127,9.3618
2026-03-14 09:15:21.810,0.2677,0.0468,9.7418
2026-03-14 09:15:21.820,0.3547,0.1454,9.6377
2026-03-14 09:15:21.830,0.1841,0.3501,10.2199
2026-03-14 09:15:21.840,-0.2114,0.2158,10.0919
2026-03-14 09:15:21.850,0.1815,0.2621,10.4088
2026-03-14 09:15:21.860,-0.194,0.467,9.5192
2026-03-14 09:15:21.870,-0.3339,0.2754,9.9119
2026-03-14 09:15:21.880,-0.4688,0.1692,10.0027
2026-03-14 09:15:21.890,-0.8556,0.2473,9.6594
2026-03-14 09:15:21.900,-0.837,0.1636,9.9863
2026-03-14 09:15:21.910,-0.6849,0.0649,10.2226
2026-03-14 09:15:21.920,-1.0186,-0.0671,9.852
2026-03-14 09:15:21.930,-1.1601,-0.4794,10.3332
2026-03-14 09:15:21.940,-1.1897,-0.5488,10.1447
2026-03-14 09:15:21.950,-1.4993,-0.3561,9.9104
2026-03-14 09:15:21.960,-1.5173,-0.7408,9.4863
2026-03-14 09:15:21.970,-1.3685,-1.1954,9.9142
2026-03-14 09:15:21.980,-1.6003,-1.0881,9.4703
2026-03-14 09:15:21.990,-1.4343,-0.9274,9.4195
2026-03-14 09:15:22.000,-1.4385,-1.382,9.8433
2026-03-14 09:15:22.010,-1.5081,-1.2205,10.0052
2026-03-14 09:15:22.020,-1.3568,-1.3916,9.7382
2026-03-14 09:15:22.030,-1.2563,-1.1047,9.7851
2026-03-14 09:15:22.040,-1.3103,-0.9369,9.7435
2026-03-14 09:15:22.050,-1.1652,-0.8581,9.4265
2026-03-14 09:15:22.060,-1.1346,-0.8337,9.3881
2026-03-14 09:15:22.070,-0.9212,-0.5522,9.0611
2026-03-14 09:15:22.080,-0.4621,-0.6255,9.4946
2026-03-14 09:15:22.090,-0.0046,-0.351,10.0838
2026-03-14 09:15:22.100,-0.212,0.0781,10.2843
2026-03-14 09:15:22.110,0.2599,0.0602,10.0374
2026-03-14 09:15:22.120,0.3651,0.4517,10.3973
2026-03-14 09:15:22.130,0.1761,0.8259,10.2268
2026-03-14 09:15:22.140,0.5872,0.8165,9.9518
2026-03-14 09:15:22.150,,0.8472,9.9424
2026-03-14 09:15:22.160,0.9564,0.8912,9.9041
2026-03-14 09:15:22.170,0.9372,,9.7413
2026-03-14 09:15:22.180,1.3195,1.0777,9.8968
2026-03-14 09:15:22.190,1.4258,0.7761,10.2266
2026-03-14 09:15:22.200,1.3698,0.9742,10.2264
2026-03-14 09:15:22.210,1.561,0.6854,9.8301
2026-03-14 09:15:22.220,1.1986,0.3572,9.6716
2026-03-14 09:15:22.230,1.4033,0.384,9.7977
2026-03-14 09:15:22.240,1.3955,0.4917,9.6807
2026-03-14 09:15:22.250,1.28,0.5359,9.5171
2026-03-14 09:15:22.260,1.1882,0.2075,9.3962
2026-03-14 09:15:22.270,1.0654,-0.0747,9.3584
2026-03-14 09:15:22.280,1.0634,0.1319,9.3183
2026-03-14 09:15:22.290,0.9842,0.0055,9.7468
2026-03-14 09:15:22.300,0.9956,-0.0955,9.5459
2026-03-14 09:15:22.310,,-0.001,9.7852
2026-03-14 09:15:22.320,0.7223,-0.3192,9.4182
2026-03-14 09:15:22.330,0.487,0.114,9.432
2026-03-14 09:15:22.340,0.3836,-0.0358,9.5421
2026-03-14 09:15:22.350,0.4872,0.2027,9.7411
2026-03-14 09:15:22.360,-0.0345,0.1335,9.3524
2026-03-14 09:15:22.370,-0.2186,0.3343,10.0768
2026-03-14 09:15:22.380,-0.0798,-0.0111,10.0525
2026-03-14 09:15:22.390,-0.4127,0.3231,10.1845
2026-03-14 09:15:22.400,-0.3651,0.1667,9.8063
2026-03-14 09:15:22.410,-0.4862,0.2464,10.0436
2026-03-14 09:15:22.420,-0.719,0.2541,9.9377
2026-03-14 09:15:22.430,-0.578,0.0706,9.8384
2026-03-14 09:15:22.440,-0.9457,0.0559,9.7366
2026-03-14 09:15:22.450,-0.9248,-0.0949,9.752
2026-03-14 09:15:22.460,-1.0773,-0.0975,10.0263
2026-03-14 09:15:22.470,-1.2436,-0.5176,10.0717
2026-03-14 09:15:22.480,-0.828,-0.8215,10.1538
2026-03-14 09:15:22.490,-1.4548,-0.7482,9.7918
2026-03-14 09:15:22.500,-1.5714,-0.7568,9.2883
2026-03-14 09:15:22.510,-1.6979,-1.3289,9.3356
2026-03-14 09:15:22.520,-1.3965,-1.1759,9.045
2026-03-14 09:15:22.530,-1.5508,-1.1528,9.3773
2026-03-14 09:15:22.540,-1.6484,-1.2247,9.3328
2026-03-14 09:15:22.550,-1.4117,-1.0005,9.4215
2026-03-14 09:15:22.560,-1.3064,-1.0717,9.5942
2026-03-14 09:15:22.570,-1.2397,-0.6379,9.8822
2026-03-14 09:15:22.580,-0.9877,-0.8506,9.5207
2026-03-14 09:15:22.590,-0.6669,-0.565,9.6966
2026-03-14 09:15:22.600,-0.8072,-0.4999,9.7579
2026-03-14 09:15:22.610,-0.1805,-0.1027,9.7298
2026-03-14 09:15:22.620,-0.3795,0.0724,9.5683
2026-03-14 09:15:22.630,-0.0071,0.0723,9.7907
2026-03-14 09:15:22.640,0.267,0.3504,9.8567
2026-03-14 09:15:22.650,0.4963,0.5453,
2026-03-14 09:15:22.660,0.5078,0.7182,10.2642
2026-03-14 09:15:22.670,0.5551,0.9921,10.1468
2026-03-14 09:15:22.680,0.8427,,
2026-03-14 09:15:22.690,1.2184,1.0511,9.7754
2026-03-14 09:15:22.700,1.1506,0.9241,9.8695
2026-03-14 09:15:22.710,0.9888,0.9969,9.6294
2026-03-14 09:15:22.720,1.6917,0.9415,9.5968
2026-03-14 09:15:22.730,1.4793,0.6249,9.4818
2026-03-14 09:15:22.740,1.6146,1.2525,10.0066
2026-03-14 09:15:22.750,1.0848,0.5916,10.1532
2026-03-14 09:15:22.760,1.4878,0.3555,10.0433
2026-03-14 09:15:22.770,1.383,0.1615,9.593
2026-03-14 09:15:22.780,1.2365,0.31,9.7456
2026-03-14 09:15:22.790,0.9277,-0.0618,8.7966
2026-03-14 09:15:22.800,1.0215,0.3868,9.3254
2026-03-14 09:15:22.810,0.9136,0.0241,9.4845
2026-03-14 09:15:22.820,0.7131,0.0792,9.3432
2026-03-14 09:15:22.830,0.7194,-0.1831,9.7292
2026-03-14 09:15:22.840,0.7142,0.0003,10.3314
2026-03-14 09:15:22.850,0.5051,-0.0204,9.7248
2026-03-14 09:15:22.860,0.5203,0.0971,9.5832
2026-03-14 09:15:22.870,0.3656,0.0474,9.474
2026-03-14 09:15:22.880,0.3285,0.2167,9.6147
2026-03-14 09:15:22.890,0.0234,0.5294,9.5381
2026-03-14 09:15:22.900,-0.0475,0.0216,9.6895
2026-03-14 09:15:22.910,-0.1637,0.2599,9.8622
2026-03-14 09:15:22.920,-0.1831,0.3662,10.0946
2026-03-14 09:15:22.930,-0.5168,0.2632,10.1823
2026-03-14 09:15:22.940,-0.7388,0.1206,10.4691
2026-03-14 09:15:22.950,-0.7936,0.0953,9.772
2026-03-14 09:15:22.960,-0.6749,0.0165,9.8631
2026-03-14 09:15:22.970,-0.9677,0.093,9.3915
2026-03-14 09:15:22.980,-1.0827,-0.0646,9.71
2026-03-14 09:15:22.990,-1.2371,-0.0903,9.8272
2026-03-14 09:15:23.000,-1.4287,-0.3296,9.9434
2026-03-14 09:15:23.010,-1.3173,-0.7265,9.9361
2026-03-14 09:15:23.020,-1.8045,-0.9567,9.6925
2026-03-14 09:15:23.030,-1.552,,10.3394
2026-03-14 09:15:23.040,-1.3406,-1.3033,9.916
2026-03-14 09:15:23.050,-1.5964,-1.1682,9.6187
2026-03-14 09:15:23.060,-1.3514,-1.1122,9.5354
2026-03-14 09:15:23.070,-1.3272,-0.9679,9.4272
2026-03-14 09:15:23.080,-1.6507,-1.1523,9.5364
2026-03-14 09:15:23.090,-1.1572,-0.9734,9.5592
2026-03-14 09:15:23.100,-1.0722,-0.6419,9.575
2026-03-14 09:15:23.110,-0.7685,-0.6987,9.7681
2026-03-14 09:15:23.120,-0.6452,-0.7789,10.0273
2026-03-14 09:15:23.130,-0.4265,-0.2064,9.8575
2026-03-14 09:15:23.140,-0.2279,-0.3914,9.7495
2026-03-14 09:15:23.150,0.1368,0.3314,9.8897
2026-03-14 09:15:23.160,0.3456,0.2411,9.3921
2026-03-14 09:15:23.170,0.47,0.2541,9.6926
2026-03-14 09:15:23.180,0.4591,0.7357,9.9601
2026-03-14 09:15:23.190,0.5492,0.8889,10.1254
2026-03-14 09:15:23.200,0.8847,0.9409,10.1855
2026-03-14 09:15:23.210,0.9634,0.948,10.4383
2026-03-14 09:15:23.220,1.2545,0.536,10.0959
2026-03-14 09:15:23.230,1.1276,0.7933,9.8238
2026-03-14 09:15:23.240,1.2304,0.8628,9.6421
2026-03-14 09:15:23.250,1.3569,0.8976,9.0726
2026-03-14 09:15:23.260,1.4935,0.7592,9.5646
2026-03-14 09:15:23.270,1.4029,0.6337,9.8791
2026-03-14 09:15:23.280,1.1366,0.5527,9.3905
2026-03-14 09:15:23.290,1.222,0.3156,9.9059
2026-03-14 09:15:23.300,1.379,0.4623,9.9112
2026-03-14 09:15:23.310,1.2929,0.1577,9.7585
2026-03-14 09:15:23.320,1.0757,,9.5063
2026-03-14 09:15:23.330,0.921,0.0579,9.5873
2026-03-14 09:15:23.340,0.9935,-0.0697,9.3296
2026-03-14 09:15:23.350,0.8689,-0.145,9.384
2026-03-14 09:15:23.360,0.4732,0.0127,9.3154
2026-03-14 09:15:23.370,0.4516,-0.2348,9.4556
2026-03-14 09:15:23.380,0.7303,0.1311,9.94
2026-03-14 09:15:23.390,0.5058,-0.0502,10.1173
2026-03-14 09:15:23.400,0.5144,-0.2248,9.7746
2026-03-14 09:15:23.410,0.2951,-0.0868,9.7694
2026-03-14 09:15:23.420,0.0795,0.3111,9.533
2026-03-14 09:15:23.430,0.0419,0.1917,9.4888
2026-03-14 09:15:23.440,-0.1132,0.1909,9.9029
2026-03-14 09:15:23.450,-0.4493,0.2562,9.7282
2026-03-14 09:15:23.460,-0.3133,0.0776,9.7489
2026-03-14 09:15:23.470,-0.9602,0.3358,10.3022
2026-03-14 09:15:23.480,-0.6559,0.058,10.1929
2026-03-14 09:15:23.490,-0.8489,0.0127,10.4778
2026-03-14 09:15:23.500,-1.0061,0.0106,10.3041
2026-03-14 09:15:23.510,-0.8088,-0.1656,9.9884
2026-03-14 09:15:23.520,-1.1991,-0.3141,9.7169
2026-03-14 09:15:23.530,-1.4781,-0.6981,9.64
2026-03-14 09:15:23.540,-1.4299,-0.7691,9.9936
2026-03-14 09:15:23.550,-1.219,-0.6125,9.8417
2026-03-14 09:15:23.560,-1.3331,-0.8473,9.9691
2026-03-14 09:15:23.570,-1.6535,-0.9403,9.8548
2026-03-14 09:15:23.580,-1.4597,-1.4638,9.6616
2026-03-14 09:15:23.590,-1.4201,-1.3777,9.4978
2026-03-14 09:15:23.600,-1.3255,-1.3985,9.3655
2026-03-14 09:15:23.610,-1.3081,-1.3323,9.3994
2026-03-14 09:15:23.620,-1.349,-0.955,8.8437
2026-03-14 09:15:23.630,-1.0225,-1.049,9.7848
2026-03-14 09:15:23.640,-0.6225,-0.6874,9.7008
2026-03-14 09:15:23.650,-0.4146,-0.7219,9.7496
2026-03-14 09:15:23.660,-0.2651,-0.6192,9.94
2026-03-14 09:15:23.670,-0.3392,-0.0662,10.409
2026-03-14 09:15:23.680,0.0588,0.2067,9.9103
2026-03-14 09:15:23.690,0.1771,0.2724,9.5997
2026-03-14 09:15:23.700,0.2445,0.6321,9.8804
2026-03-14 09:15:23.710,0.5083,0.9034,9.8538
2026-03-14 09:15:23.720,0.462,0.8841,9.9648
2026-03-14 09:15:23.730,0.9902,1.0589,10.3482
2026-03-14 09:15:23.740,0.7285,1.1369,9.8601
2026-03-14 09:15:23.750,1.162,0.8113,10.0871
2026-03-14 09:15:23.760,1.3649,0.8593,10.6248
2026-03-14 09:15:23.770,1.5423,0.8048,10.1801
2026-03-14 09:15:23.780,1.4498,1.0287,
2026-03-14 09:15:23.790,1.5392,0.8074,9.1095
2026-03-14 09:15:23.800,1.4398,0.689,9.7448
2026-03-14 09:15:23.810,1.3321,0.6376,9.4647
2026-03-14 09:15:23.820,1.3075,0.5398,9.6805
2026-03-14 09:15:23.830,1.2262,0.065,9.8369
2026-03-14 09:15:23.840,1.1013,0.5044,9.6729
2026-03-14 09:15:23.850,0.977,0.1187,
2026-03-14 09:15:23.860,0.9927,0.1564,9.2873
2026-03-14 09:15:23.870,0.9786,-0.2801,9.6394
2026-03-14 09:15:23.880,1.1886,-0.0005,9.5563
2026-03-14 09:15:23.890,1.0265,-0.2709,9.1927
2026-03-14 09:15:23.900,0.478,-0.1353,9.5833
2026-03-14 09:15:23.910,0.7475,-0.0201,9.576
2026-03-14 09:15:23.920,0.6253,0.1902,10.1041
2026-03-14 09:15:23.930,0.537,0.0918,9.8927
2026-03-14 09:15:23.940,0.1769,0.2995,9.6705
2026-03-14 09:15:23.950,0.037,0.2632,10.2166
2026-03-14 09:15:23.960,0.05,0.0646,9.9457
2026-03-14 09:15:23.970,-0.1903,0.485,9.482
2026-03-14 09:15:23.980,-0.5016,0.2803,9.8119
2026-03-14 09:15:23.990,-0.6541,0.1599,10.2503
2026-03-14 09:15:24.000,-0.7903,0.1611,9.8464
2026-03-14 09:15:24.010,-0.39,0.0365,10.4802
2026-03-14 09:15:24.020,-1.0196,0.2489,10.4829
2026-03-14 09:15:24.030,-0.9003,-0.2088,10.2416
2026-03-14 09:15:24.040,-1.2956,-0.3928,9.7553
2026-03-14 09:15:24.050,-1.1617,-0.4037,9.7169
2026-03-14 09:15:24.060,-1.5172,-0.5816,9.698
2026-03-14 09:15:24.070,-1.2558,-0.7614,9.8214
2026-03-14 09:15:24.080,-1.2205,-1.0572,10.2802
2026-03-14 09:15:24.090,-1.4783,-1.2048,9.7822
2026-03-14 09:15:24.100,-1.4481,-1.1451,9.7144
2026-03-14 09:15:24.110,-1.4089,-1.2609,9.7466
2026-03-14 09:15:24.120,-1.3935,-1.5821,9.812
2026-03-14 09:15:24.130,-1.5504,-1.1485,9.5017
2026-03-14 09:15:24.140,-1.1733,-1.2044,9.7699
2026-03-14 09:15:24.150,-1.174,-0.9668,9.4619
2026-03-14 09:15:24.160,-1.2016,-0.8637,9.4372
2026-03-14 09:15:24.170,-0.8738,-0.8308,9.6871
2026-03-14 09:15:24.180,-0.7305,-0.3445,9.6473
2026-03-14 09:15:24.190,-0.4141,-0.2669,9.6752
2026-03-14 09:15:24.200,0.0859,-0.2045,10.2724
2026-03-14 09:15:24.210,-0.0417,0.3312,10.0056
2026-03-14 09:15:24.220,0.1333,0.5824,10.3156
2026-03-14 09:15:24.230,0.4401,0.8014,9.6456
2026-03-14 09:15:24.240,0.4904,0.5883,9.5841
2026-03-14 09:15:24.250,0.7831,1.0193,9.4553
2026-03-14 09:15:24.260,0.7265,1.1178,9.8976
2026-03-14 09:15:24.270,0.824,,9.9095
2026-03-14 09:15:24.280,1.0127,0.8543,9.9451
2026-03-14 09:15:24.290,1.468,0.9366,10.2463
2026-03-14 09:15:24.300,1.3834,1.0904,10.2513
2026-03-14 09:15:24.310,1.279,0.8379,10.1198
2026-03-14 09:15:24.320,1.489,0.6593,10.1088
2026-03-14 09:15:24.330,1.2111,0.6426,9.5636
2026-03-14 09:15:24.340,1.2381,0.7713,9.4387
2026-03-14 09:15:24.350,1.0992,0.4221,9.1333
2026-03-14 09:15:24.360,1.2969,0.302,9.5086
2026-03-14 09:15:24.370,1.3375,0.0986,10.1748
2026-03-14 09:15:24.380,1.1571,-0.2482,9.998
2026-03-14 09:15:24.390,1.1579,-0.1224,9.4971
2026-03-14 09:15:24.400,0.965,-0.0261,9.8501
2026-03-14 09:15:24.410,0.6203,-0.1174,9.543
2026-03-14 09:15:24.420,0.6673,0.1044,9.3716
2026-03-14 09:15:24.430,0.5701,0.0381,9.0785
2026-03-14 09:15:24.440,0.3674,0.0624,9.8264
2026-03-14 09:15:24.450,0.3208,0.1179,9.6256
2026-03-14 09:15:24.460,0.2881,0.2912,9.6745
2026-03-14 09:15:24.470,0.0616,-0.0939,9.8988
2026-03-14 09:15:24.480,-0.2235,0.579,10.2313
2026-03-14 09:15:24.490,-0.23,0.2038,10.1966
2026-03-14 09:15:24.500,-0.3403,0.2564,10.1288
2026-03-14 09:15:24.510,-0.5237,0.2651,10.2221
2026-03-14 09:15:24.520,-0.4584,-0.0784,9.6468
2026-03-14 09:15:24.530,-0.7942,0.1263,9.7821
2026-03-14 09:15:24.540,-0.7453,-0.1195,9.8414
2026-03-14 09:15:24.550,-1.0629,0.1625,10.2444
2026-03-14 09:15:24.560,-1.0399,-0.3787,10.2202
2026-03-14 09:15:24.570,-1.3239,-0.3925,10.0254
2026-03-14 09:15:24.580,-1.2416,-0.6105,9.7634
2026-03-14 09:15:24.590,-1.4174,-0.6481,9.8783
2026-03-14 09:15:24.600,-1.293,-0.9904,9.625
2026-03-14 09:15:24.610,-1.6032,-1.2085,9.6052
2026-03-14 09:15:24.620,-1.5604,-1.1857,9.3793
2026-03-14 09:15:24.630,-1.5508,-1.2757,9.7016
2026-03-14 09:15:24.640,-1.6816,-1.3742,9.561
2026-03-14 09:15:24.650,-1.6585,-1.0597,9.8112
2026-03-14 09:15:24.660,-1.5356,-1.1843,10.0423
2026-03-14 09:15:24.670,-1.4238,-0.7848,9.4669
2026-03-14 09:15:24.680,-0.937,-0.7761,9.6235
2026-03-14 09:15:24.690,-0.7362,-0.9142,9.4382
2026-03-14 09:15:24.700,-0.59,-0.6786,9.3645
2026-03-14 09:15:24.710,-0.6869,-0.321,9.8395
2026-03-14 09:15:24.720,-0.0719,-0.2542,9.6534
2026-03-14 09:15:24.730,-0.1408,0.4141,10.2933
2026-03-14 09:15:24.740,0.3613,0.2281,10.0105
2026-03-14 09:15:24.750,0.3642,0.4704,10.2184
2026-03-14 09:15:24.760,0.5707,0.8296,9.8912
2026-03-14 09:15:24.770,0.5252,0.8369,10.2532
2026-03-14 09:15:24.780,0.4585,0.9024,9.8855
2026-03-14 09:15:24.790,1.0773,1.1113,9.9791
2026-03-14 09:15:24.800,0.9953,1.0949,9.7439
2026-03-14 09:15:24.810,1.0343,0.6414,10.0879
2026-03-14 09:15:24.820,1.3023,0.8725,9.8508
2026-03-14 09:15:24.830,1.5626,1.037,10.2192
2026-03-14 09:15:24.840,1.4157,1.0672,9.9493
2026-03-14 09:15:24.850,1.3719,0.7985,10.0037
2026-03-14 09:15:24.860,1.222,0.2984,9.6385
2026-03-14 09:15:24.870,1.5009,0.1154,9.3649
2026-03-14 09:15:24.880,1.2895,0.1856,9.4426
2026-03-14 09:15:24.890,1.2365,0.153,9.4559
2026-03-14 09:15:24.900,1.54,0.1804,9.6744
2026-03-14 09:15:24.910,0.9603,0.0273,9.5511
2026-03-14 09:15:24.920,1.0952,-0.0096,9.5309
2026-03-14 09:15:24.930,0.926,-0.1924,9.6156
2026-03-14 09:15:24.940,0.7677,0.0344,9.884
2026-03-14 09:15:24.950,0.4514,0.1091,9.4812
2026-03-14 09:15:24.960,0.6376,0.162,9.0272
2026-03-14 09:15:24.970,0.4156,0.0372,9.66
2026-03-14 09:15:24.980,0.1899,0.0693,9.429
2026-03-14 09:15:24.990,0.0249,0.2445,9.4844
2026-03-14 09:15:25.000,-0.0136,0.3683,9.9963
2026-03-14 09:15:25.010,-0.0613,0.2183,10.0173
2026-03-14 09:15:25.020,-0.3768,0.082,10.2911
2026-03-14 09:15:25.030,-0.4855,-0.0554,10.1814
2026-03-14 09:15:25.040,-0.4573,0.2926,9.824
2026-03-14 09:15:25.050,-0.6556,0.2919,9.6668
2026-03-14 09:15:25.060,-0.6185,0.1064,10.0386
2026-03-14 09:15:25.070,-0.9391,0.1788,9.5143
2026-03-14 09:15:25.080,-0.4969,-0.3536,9.6803
2026-03-14 09:15:25.090,-1.0645,-0.2453,10.1227
2026-03-14 09:15:25.100,-1.1535,-0.5877,10.0754
2026-03-14 09:15:25.110,-1.7385,-0.9463,9.9758
2026-03-14 09:15:25.120,-1.2694,-0.6574,10.1906
2026-03-14 09:15:25.130,-1.5898,-0.8104,9.8556
2026-03-14 09:15:25.140,-2.0751,-0.6256,9.7488
2026-03-14 09:15:25.150,-1.5725,-1.1594,9.5647
2026-03-14 09:15:25.160,-1.4733,-1.1587,9.217
2026-03-14 09:15:25.170,-1.1355,-1.3761,9.4161
2026-03-14 09:15:25.180,-1.373,-0.954,9.6231
2026-03-14 09:15:25.190,-1.3393,-0.9935,9.4957
2026-03-14 09:15:25.200,-1.2413,-0.8611,9.7629
2026-03-14 09:15:25.210,-0.9173,-0.7264,9.8951
2026-03-14 09:15:25.220,-0.7119,-1.1987,9.6412
2026-03-14 09:15:25.230,-0.7966,-0.4321,9.6454
2026-03-14 09:15:25.240,-0.6492,-0.0479,9.6514
2026-03-14 09:15:25.250,-0.5433,0.0124,9.369
2026-03-14 09:15:25.260,0.0144,0.1866,9.7858
2026-03-14 09:15:25.270,0.3033,0.2238,9.9583
2026-03-14 09:15:25.280,0.4269,0.8089,10.3349
2026-03-14 09:15:25.290,0.829,0.9435,9.8677
2026-03-14 09:15:25.300,0.6375,0.7547,10.6016
2026-03-14 09:15:25.310,1.0562,0.9189,10.3665
2026-03-14 09:15:25.320,1.0305,1.0724,9.8861
2026-03-14 09:15:25.330,1.2367,0.8018,9.655
2026-03-14 09:15:25.340,1.0828,1.2314,9.9568
2026-03-14 09:15:25.350,1.3441,0.9073,9.403
2026-03-14 09:15:25.360,1.0733,0.8727,9.883
2026-03-14 09:15:25.370,1.6748,0.708,10.0832
2026-03-14 09:15:25.380,1.4047,0.6257,10.0686
2026-03-14 09:15:25.390,1.3562,0.51,10.0672
2026-03-14 09:15:25.400,1.2487,0.5867,9.5529
2026-03-14 09:15:25.410,1.2587,0.1689,9.4227
2026-03-14 09:15:25.420,1.187,0.2343,9.3478
2026-03-14 09:15:25.430,1.1171,0.1695,9.5974
2026-03-14 09:15:25.440,0.9575,-0.045,9.2972
2026-03-14 09:15:25.450,1.1893,-0.1544,9.503
2026-03-14 09:15:25.460,0.8719,-0.1825,9.9413
2026-03-14 09:15:25.470,0.736,0.1226,9.785
2026-03-14 09:15:25.480,0.5924,0.0354,9.5337
2026-03-14 09:15:25.490,0.7721,-0.0143,10.0154
2026-03-14 09:15:25.500,0.3692,0.2387,9.6563
2026-03-14 09:15:25.510,0.3392,0.1434,9.8442
2026-03-14 09:15:25.520,0.2118,0.3085,9.6245
2026-03-14 09:15:25.530,0.054,0.3824,9.6808
2026-03-14 09:15:25.540,-0.2207,0.444,9.8398
2026-03-14 09:15:25.550,-0.2598,0.2093,10.1096
2026-03-14 09:15:25.560,-0.4236,0.3967,9.9841
2026-03-14 09:15:25.570,-0.6378,0.2647,10.458
2026-03-14 09:15:25.580,-0.7673,0.1003,10.0043
2026-03-14 09:15:25.590,-0.7921,0.2177,10.0663
2026-03-14 09:15:25.600,-0.9593,-0.2384,9.524
2026-03-14 09:15:25.610,-1.0981,,9.9254
2026-03-14 09:15:25.620,-1.0846,-0.1924,9.4217
2026-03-14 09:15:25.630,-1.2544,-0.4591,9.841
2026-03-14 09:15:25.640,-1.5628,-0.6384,9.9646
2026-03-14 09:15:25.650,-1.6241,-0.8906,10.1507
2026-03-14 09:15:25.660,-1.4454,-0.8899,10.2783
2026-03-14 09:15:25.670,-1.5934,-1.0859,10.0425
2026-03-14 09:15:25.680,-1.3602,-1.1033,9.6433
2026-03-14 09:15:25.690,-1.6445,-1.288,9.6928
2026-03-14 09:15:25.700,-1.3534,-1.2141,9.4865
2026-03-14 09:15:25.710,-1.2162,-1.2576,9.6333
2026-03-14 09:15:25.720,-1.4313,-1.052,9.4527
2026-03-14 09:15:25.730,-1.0382,-1.043,9.8915
2026-03-14 09:15:25.740,-0.6765,-0.8395,9.6101
2026-03-14 09:15:25.750,-0.8236,-0.6801,9.5877
2026-03-14 09:15:25.760,-0.4795,-0.3958,9.4983
2026-03-14 09:15:25.770,-0.4588,-0.1846,9.9413
2026-03-14 09:15:25.780,-0.3334,-0.4385,9.4944
2026-03-14 09:15:25.790,-0.0673,0.1037,9.6872
2026-03-14 09:15:25.800,0.2991,0.5114,9.4904
2026-03-14 09:15:25.810,0.4769,0.577,9.7446
2026-03-14 09:15:25.820,0.7019,0.667,10.0717
2026-03-14 09:15:25.830,,0.7981,9.835
2026-03-14 09:15:25.840,0.9699,0.9632,10.3262
2026-03-14 09:15:25.850,1.0161,1.1633,10.2781
2026-03-14 09:15:25.860,1.1602,1.1801,10.2292
2026-03-14 09:15:25.870,1.3006,0.8901,9.7498
2026-03-14 09:15:25.880,1.2436,0.922,9.7004
2026-03-14 09:15:25.890,,0.8136,9.5818
2026-03-14 09:15:25.900,1.237,0.7114,9.7941
2026-03-14 09:15:25.910,1.2173,0.5074,9.9487
2026-03-14 09:15:25.920,1.4405,0.4903,10.1141
2026-03-14 09:15:25.930,1.0517,0.2472,9.9267
2026-03-14 09:15:25.940,1.1352,0.2998,9.7457
2026-03-14 09:15:25.950,0.8898,0.2031,9.9584
2026-03-14 09:15:25.960,0.9659,0.0437,9.7025
2026-03-14 09:15:25.970,0.9771,-0.1595,8.96
2026-03-14 09:15:25.980,0.9354,-0.0661,9.5427
2026-03-14 09:15:25.990,0.6521,0.1387,9.1306
2026-03-14 09:15:26.000,0.6479,0.0092,10.0357
2026-03-14 09:15:26.010,0.319,-0.1269,9.472
2026-03-14 09:15:26.020,0.75,0.2226,9.7987
2026-03-14 09:15:26.030,0.5423,0.5171,9.7187
2026-03-14 09:15:26.040,0.2306,0.2523,9.8027
2026-03-14 09:15:26.050,0.0702,0.4556,9.8249
2026-03-14 09:15:26.060,0.0647,0.3246,9.7968
2026-03-14 09:15:26.070,-0.143,0.0126,9.9832
2026-03-14 09:15:26.080,-0.2485,0.2525,9.8808
2026-03-14 09:15:26.090,-0.6721,0.4391,10.1763
2026-03-14 09:15:26.100,-0.6935,0.195,10.0922
2026-03-14 09:15:26.110,-0.792,0.421,10.4795
2026-03-14 09:15:26.120,-0.887,-0.0566,10.653
2026-03-14 09:15:26.130,-1.1223,-0.1667,10.025
2026-03-14 09:15:26.140,-1.2224,0.024,9.7776
2026-03-14 09:15:26.150,-1.4384,-0.3461,9.667
2026-03-14 09:15:26.160,,-0.7311,9.5617
2026-03-14 09:15:26.170,-1.3983,-0.7586,9.4125
2026-03-14 09:15:26.180,-1.4778,-1.0957,9.6526
2026-03-14 09:15:26.190,-1.2643,-1.0639,10.0064
2026-03-14 09:15:26.200,-1.2655,-1.0753,9.9559
2026-03-14 09:15:26.210,-1.5386,-0.8784,9.9055
2026-03-14 09:15:26.220,-1.6374,-1.3474,9.663
2026-03-14 09:15:26.230,-1.5352,-1.3439,9.3844
2026-03-14 09:15:26.240,-1.3214,-1.285,9.4142
2026-03-14 09:15:26.250,-1.198,-1.3132,9.2805
2026-03-14 09:15:26.260,-0.988,-1.085,9.6027
2026-03-14 09:15:26.270,-0.9193,-0.9957,9.6736
2026-03-14 09:15:26.280,-0.5278,-0.8307,9.868
2026-03-14 09:15:26.290,-0.2969,,10.0989
2026-03-14 09:15:26.300,-0.3291,-0.1078,10.1792
2026-03-14 09:15:26.310,-0.2094,0.0226,10.0185
2026-03-14 09:15:26.320,-0.0303,0.1694,
2026-03-14 09:15:26.330,0.3933,0.4901,9.6693
2026-03-14 09:15:26.340,0.7947,0.7868,9.6105
2026-03-14 09:15:26.350,0.7936,0.3754,9.8662
2026-03-14 09:15:26.360,0.8958,0.976,9.9754
2026-03-14 09:15:26.370,1.0698,0.8506,10.389
2026-03-14 09:15:26.380,0.9037,1.0839,10.2958
2026-03-14 09:15:26.390,1.2492,1.3139,10.7227
2026-03-14 09:15:26.400,1.4293,1.1233,10.0359
2026-03-14 09:15:26.410,1.3838,0.9327,9.9249
2026-03-14 09:15:26.420,1.392,0.7378,9.7181
2026-03-14 09:15:26.430,1.3181,0.7072,9.4178
2026-03-14 09:15:26.440,1.2934,0.6661,9.4259
2026-03-14 09:15:26.450,1.4424,0.5931,9.4848
2026-03-14 09:15:26.460,1.296,-0.0115,9.6594
2026-03-14 09:15:26.470,1.2785,-0.0325,9.8681
2026-03-14 09:15:26.480,1.2076,0.2387,9.3976
2026-03-14 09:15:26.490,1.1213,-0.067,9.9767
2026-03-14 09:15:26.500,0.7953,-0.0473,
2026-03-14 09:15:26.510,1.0031,0.0162,9.2576
2026-03-14 09:15:26.520,0.8499,-0.0216,9.6549
2026-03-14 09:15:26.530,0.5797,-0.0856,9.0286
2026-03-14 09:15:26.540,0.3923,-0.0105,9.3936
2026-03-14 09:15:26.550,0.4126,0.1338,10.335
2026-03-14 09:15:26.560,0.363,0.1953,10.0579
2026-03-14 09:15:26.570,0.2437,0.0665,9.927
2026-03-14 09:15:26.580,-0.1008,0.1972,10.0639
2026-03-14 09:15:26.590,-0.0212,0.4751,9.8721
2026-03-14 09:15:26.600,-0.1406,0.3064,9.7216
2026-03-14 09:15:26.610,-0.4257,0.2842,9.1819
2026-03-14 09:15:26.620,-0.6257,0.0207,9.6752
2026-03-14 09:15:26.630,-0.4139,0.2577,9.6188
2026-03-14 09:15:26.640,-0.6893,0.2302,10.2806
2026-03-14 09:15:26.650,-0.8767,0.1102,10.2492
2026-03-14 09:15:26.660,-0.8541,-0.2002,10.1564
2026-03-14 09:15:26.670,-1.2537,-0.3292,10.1459
2026-03-14 09:15:26.680,-1.2545,-0.4165,10.0546
2026-03-14 09:15:26.690,-1.3412,-0.821,9.687
2026-03-14 09:15:26.700,-1.5983,-0.758,9.5639
2026-03-14 09:15:26.710,-1.5763,-1.1328,9.2915
2026-03-14 09:15:26.720,-1.3717,-1.1761,9.4322
2026-03-14 09:15:26.730,-1.6969,-0.8968,9.6193
2026-03-14 09:15:26.740,-1.689,-1.3599,9.9622
2026-03-14 09:15:26.750,-1.3958,-1.423,9.8909
2026-03-14 09:15:26.760,-1.3929,-1.2774,9.829
2026-03-14 09:15:26.770,-0.9858,-1.2728,9.2977
2026-03-14 09:15:26.780,-1.0693,-0.8372,9.1784
2026-03-14 09:15:26.790,-1.0134,-0.7041,9.1397
2026-03-14 09:15:26.800,-0.7728,-0.4805,9.5655
2026-03-14 09:15:26.810,-0.4357,-0.3549,9.4713
2026-03-14 09:15:26.820,-0.3569,-0.1552,9.6216
2026-03-14 09:15:26.830,-0.3328,-0.2215,10.165
2026-03-14 09:15:26.840,0.1411,0.3663,10.2037
2026-03-14 09:15:26.850,0.4424,0.3133,9.9808
2026-03-14 09:15:26.860,0.5241,0.3881,10.2184
2026-03-14 09:15:26.870,0.8069,0.8123,10.0916
2026-03-14 09:15:26.880,0.8641,0.9337,9.8056
2026-03-14 09:15:26.890,0.9453,0.8971,9.5435
2026-03-14 09:15:26.900,1.0603,0.9534,9.9813
2026-03-14 09:15:26.910,1.207,0.9145,10.0601
2026-03-14 09:15:26.920,1.2967,1.1629,10.1119
2026-03-14 09:15:26.930,1.0576,0.9495,10.0668
2026-03-14 09:15:26.940,1.3695,0.8003,10.214
2026-03-14 09:15:26.950,1.1118,0.7203,10.3595
2026-03-14 09:15:26.960,1.3519,0.5803,9.9449
2026-03-14 09:15:26.970,1.7121,0.3555,9.7214
2026-03-14 09:15:26.980,1.476,0.6227,9.3639
2026-03-14 09:15:26.990,1.3373,0.2031,9.7471
2026-03-14 09:15:27.000,1.0554,0.1051,9.6173
2026-03-14 09:15:27.010,1.4032,0.1496,9.6767
2026-03-14 09:15:27.020,1.1049,0.0176,10.1875
2026-03-14 09:15:27.030,0.8061,-0.0111,9.4963
2026-03-14 09:15:27.040,0.9967,-0.0468,9.8994
2026-03-14 09:15:27.050,0.3584,-0.2744,9.3681
2026-03-14 09:15:27.060,0.4609,0.1089,9.4525
2026-03-14 09:15:27.070,0.3667,0.0351,9.2767
2026-03-14 09:15:27.080,0.4141,-0.0591,9.9408
2026-03-14 09:15:27.090,0.4125,0.2478,9.7321
2026-03-14 09:15:27.100,0.2247,0.4769,9.6964
2026-03-14 09:15:27.110,0.0996,0.2954,10.1553
2026-03-14 09:15:27.120,0.1093,0.2297,10.2451
2026-03-14 09:15:27.130,-0.0526,0.2551,10.0902
2026-03-14 09:15:27.140,-0.2731,0.3977,9.7841
2026-03-14 09:15:27.150,-0.5556,-0.0375,9.6015
2026-03-14 09:15:27.160,-0.6511,0.1004,9.7936
2026-03-14 09:15:27.170,-0.8793,0.1262,10.2718
2026-03-14 09:15:27.180,-0.9259,-0.2031,9.7728
2026-03-14 09:15:27.190,-1.1952,-0.1018,10.1012
2026-03-14 09:15:27.200,-1.2495,-0.588,10.4812
2026-03-14 09:15:27.210,-1.6178,-0.6104,10.34
2026-03-14 09:15:27.220,-1.4162,-0.6755,9.6936
2026-03-14 09:15:27.230,-1.5547,-0.9366,9.5153
2026-03-14 09:15:27.240,-1.3232,-0.9925,9.364
2026-03-14 09:15:27.250,-1.6314,-0.8815,9.118
2026-03-14 09:15:27.260,-1.4701,-1.2249,9.0663
2026-03-14 09:15:27.270,-1.4002,-1.1544,9.5514
2026-03-14 09:15:27.280,-1.5978,-1.3139,9.9198
2026-03-14 09:15:27.290,-1.3536,-1.2341,9.5523
2026-03-14 09:15:27.300,-1.0581,-1.0053,9.8912
2026-03-14 09:15:27.310,-1.2458,-1.1734,9.6775
2026-03-14 09:15:27.320,-0.7295,-0.8909,9.4686
2026-03-14 09:15:27.330,-0.669,-0.5546,9.5799
2026-03-14 09:15:27.340,-0.4863,-0.4404,9.2263
2026-03-14 09:15:27.350,-0.312,-0.1612,9.9441
2026-03-14 09:15:27.360,-0.262,0.0023,10.0876
2026-03-14 09:15:27.370,0.1121,-0.0203,10.1059
2026-03-14 09:15:27.380,0.392,0.301,10.1878
2026-03-14 09:15:27.390,0.3524,0.9326,10.1762
2026-03-14 09:15:27.400,0.758,0.8518,10.0591
2026-03-14 09:15:27.410,0.6438,0.9775,10.0361
2026-03-14 09:15:27.420,1.1135,0.9008,9.7764
2026-03-14 09:15:27.430,1.0115,1.2533,9.6015
2026-03-14 09:15:27.440,1.2371,1.1602,9.4685
2026-03-14 09:15:27.450,1.3667,0.8419,9.8001
2026-03-14 09:15:27.460,1.2859,1.0882,10.2554
2026-03-14 09:15:27.470,1.1989,1.06,10.1169
2026-03-14 09:15:27.480,1.2327,0.8676,9.9978
2026-03-14 09:15:27.490,1.3427,0.4052,9.877
2026-03-14 09:15:27.500,1.1671,0.3533,9.342
2026-03-14 09:15:27.510,1.1619,0.1429,9.4787
2026-03-14 09:15:27.520,1.3377,0.1908,9.6609
2026-03-14 09:15:27.530,1.2606,0.122,8.951
2026-03-14 09:15:27.540,1.1124,0.1554,9.2616
2026-03-14 09:15:27.550,1.0749,0.0332,9.6662
2026-03-14 09:15:27.560,0.8726,0.0415,9.3255
2026-03-14 09:15:27.570,1.0567,0.1221,9.974
2026-03-14 09:15:27.580,0.6743,-0.1133,9.7547
2026-03-14 09:15:27.590,0.6619,0.1687,10.2581
2026-03-14 09:15:27.600,0.4289,0.2075,9.2627
2026-03-14 09:15:27.610,0.4517,0.1341,9.1478
2026-03-14 09:15:27.620,-0.0741,0.4472,9.8088
2026-03-14 09:15:27.630,0.2254,0.106,10.228
2026-03-14 09:15:27.640,-0.1622,0.1229,10.1526
2026-03-14 09:15:27.650,-0.0759,0.331,10.2097
2026-03-14 09:15:27.660,-0.2933,0.4508,10.6176
2026-03-14 09:15:27.670,-0.375,0.3102,10.4263
2026-03-14 09:15:27.680,-0.7223,0.4954,9.9651
2026-03-14 09:15:27.690,-0.6909,0.1854,9.7327
2026-03-14 09:15:27.700,-0.7121,0.0815,10.0547
2026-03-14 09:15:27.710,-0.873,-0.1917,9.7875
2026-03-14 09:15:27.720,-1.0951,-0.1685,9.4497
2026-03-14 09:15:27.730,-1.222,,9.7197
2026-03-14 09:15:27.740,-1.2915,-0.758,10.0837
2026-03-14 09:15:27.750,-1.4502,-0.8941,10.1847
2026-03-14 09:15:27.760,-1.2581,-1.1168,9.8162
2026-03-14 09:15:27.770,-1.434,-1.1545,9.6611
2026-03-14 09:15:27.780,-1.5378,-1.1881,9.5282
2026-03-14 09:15:27.790,-1.2765,-1.3081,9.4701
2026-03-14 09:15:27.800,-1.6742,-1.1315,9.7461
2026-03-14 09:15:27.810,-1.5786,-1.2634,9.4569
2026-03-14 09:15:27.820,-1.2136,,9.7969
2026-03-14 09:15:27.830,-1.1904,-0.9646,9.9753
2026-03-14 09:15:27.840,-0.9818,-1.126,9.8807
2026-03-14 09:15:27.850,-0.5861,-0.5629,9.6523
2026-03-14 09:15:27.860,-0.5685,-0.3328,9.7064
2026-03-14 09:15:27.870,-0.4233,,9.8789
2026-03-14 09:15:27.880,-0.1121,-0.2117,9.5854
2026-03-14 09:15:27.890,0.0156,0.0982,9.5944
2026-03-14 09:15:27.900,0.1029,0.5121,10.0747
2026-03-14 09:15:27.910,0.5406,0.5676,9.9376
2026-03-14 09:15:27.920,0.2762,0.9614,
2026-03-14 09:15:27.930,0.9233,0.8707,10.23
2026-03-14 09:15:27.940,1.1026,1.0198,10.2728
2026-03-14 09:15:27.950,0.9501,1.1933,10.3744
2026-03-14 09:15:27.960,1.3866,0.7666,10.3437
2026-03-14 09:15:27.970,,1.0421,9.9236
2026-03-14 09:15:27.980,1.2076,0.9415,9.8846
2026-03-14 09:15:27.990,1.4773,0.9312,9.4638
2026-03-14 09:15:28.000,1.5848,0.7902,9.7056
2026-03-14 09:15:28.010,1.5088,0.6553,10.1402
2026-03-14 09:15:28.020,1.4485,0.4567,9.9136
2026-03-14 09:15:28.030,1.4889,0.3686,10.3118
2026-03-14 09:15:28.040,1.2304,0.1939,9.4772
2026-03-14 09:15:28.050,1.3433,0.1173,9.6798
2026-03-14 09:15:28.060,1.017,0.1504,9.3403
2026-03-14 09:15:28.070,0.9218,0.1838,9.4421
2026-03-14 09:15:28.080,0.9969,-0.0911,9.7239
2026-03-14 09:15:28.090,0.6707,-0.1244,9.5726
2026-03-14 09:15:28.100,0.8362,-0.0439,9.6859
2026-03-14 09:15:28.110,0.7181,-0.0744,10.0654
2026-03-14 09:15:28.120,0.4389,-0.083,10.2528
2026-03-14 09:15:28.130,0.3006,-0.3207,9.8273
2026-03-14 09:15:28.140,0.3661,-0.0957,10.0675
2026-03-14 09:15:28.150,0.0959,0.2186,9.7963
2026-03-14 09:15:28.160,-0.1926,0.3852,9.27
2026-03-14 09:15:28.170,-0.1784,0.4629,9.8527
2026-03-14 09:15:28.180,-0.0645,0.3986,9.9882
2026-03-14 09:15:28.190,-0.2169,0.1024,9.6815
2026-03-14 09:15:28.200,-0.5151,0.2736,10.1633
2026-03-14 09:15:28.210,-0.5201,-0.0234,10.3954
2026-03-14 09:15:28.220,-0.7644,0.2539,10.3959
2026-03-14 09:15:28.230,-1.0432,-0.4759,9.9849
2026-03-14 09:15:28.240,-1.1253,-0.255,9.7771
2026-03-14 09:15:28.250,-1.2379,-0.2245,9.7841
2026-03-14 09:15:28.260,-1.2912,-0.3685,10.1341
2026-03-14 09:15:28.270,-1.4371,-0.7745,9.6448
2026-03-14 09:15:28.280,-1.3296,-0.774,9.5424
2026-03-14 09:15:28.290,-1.5098,-0.9959,9.9097
2026-03-14 09:15:28.300,-1.5435,-0.9721,9.9662
2026-03-14 09:15:28.310,-1.3564,-1.217,9.7097
2026-03-14 09:15:28.320,-1.4229,-1.0772,9.6609
2026-03-14 09:15:28.330,-1.4671,-1.3645,9.3223
2026-03-14 09:15:28.340,-1.4496,-1.1959,9.1839
2026-03-14 09:15:28.350,-1.0398,-1.0,9.5258
2026-03-14 09:15:28.360,-0.9597,-0.8499,9.3567
2026-03-14 09:15:28.370,-1.0572,-0.867,9.6235
2026-03-14 09:15:28.380,-0.5192,-0.6582,9.9124
2026-03-14 09:15:28.390,-0.3588,-0.2697,9.9673
2026-03-14 09:15:28.400,-0.5309,-0.1147,9.5813
2026-03-14 09:15:28.410,-0.1095,-0.0874,9.8868
2026-03-14 09:15:28.420,-0.1035,0.1043,9.8693
2026-03-14 09:15:28.430,0.1381,0.572,9.8311
2026-03-14 09:15:28.440,0.4045,0.2761,9.9079
2026-03-14 09:15:28.450,1.1266,0.6777,10.3362
2026-03-14 09:15:28.460,0.8614,1.0418,10.1176
2026-03-14 09:15:28.470,1.1035,1.0593,10.408
2026-03-14 09:15:28.480,1.0647,1.2741,10.7458
2026-03-14 09:15:28.490,1.1945,0.9691,9.9748
2026-03-14 09:15:28.500,1.2591,1.0389,10.2442
2026-03-14 09:15:28.510,1.4578,0.8537,9.7485
2026-03-14 09:15:28.520,1.1784,0.5044,9.5298
2026-03-14 09:15:28.530,1.2242,0.6271,9.5
2026-03-14 09:15:28.540,1.272,0.9745,9.6341
2026-03-14 09:15:28.550,1.3395,0.6523,10.2078
2026-03-14 09:15:28.560,1.4052,0.329,10.0529
2026-03-14 09:15:28.570,1.1534,0.0923,9.7426
2026-03-14 09:15:28.580,1.093,0.3835,10.1365
2026-03-14 09:15:28.590,1.0446,-0.0381,9.6342
2026-03-14 09:15:28.600,1.0816,0.0358,9.5154
2026-03-14 09:15:28.610,0.7384,0.0504,9.4343
2026-03-14 09:15:28.620,0.536,0.0585,9.4367
2026-03-14 09:15:28.630,0.4449,-0.1423,9.6791
2026-03-14 09:15:28.640,0.5033,-0.0823,9.5115
2026-03-14 09:15:28.650,,0.2342,9.9423
2026-03-14 09:15:28.660,0.4486,0.2859,10.2703
2026-03-14 09:15:28.670,0.2869,0.3843,10.0389
2026-03-14 09:15:28.680,0.0805,0.27,9.8242
2026-03-14 09:15:28.690,-0.096,0.5196,9.652
2026-03-14 09:15:28.700,-0.1954,0.513,9.7231
2026-03-14 09:15:28.710,-0.4396,0.2221,9.8877
2026-03-14 09:15:28.720,-0.4711,0.3273,9.9249
2026-03-14 09:15:28.730,-0.4867,0.1414,10.5052
2026-03-14 09:15:28.740,-0.9093,0.1642,10.484
2026-03-14 09:15:28.750,-0.7872,0.0058,10.201
2026-03-14 09:15:28.760,-0.8674,-0.3652,10.0513
2026-03-14 09:15:28.770,-1.229,-0.1991,10.2914
2026-03-14 09:15:28.780,-1.0373,-0.2877,9.8034
2026-03-14 09:15:28.790,-1.0876,-0.4587,9.5762
2026-03-14 09:15:28.800,-1.6437,-0.4917,9.3153
2026-03-14 09:15:28.810,-1.3971,-1.0417,9.7087
2026-03-14 09:15:28.820,-1.5603,-1.2204,9.8929
2026-03-14 09:15:28.830,-1.7308,-1.2114,9.7309
2026-03-14 09:15:28.840,-1.439,-1.1866,9.666
2026-03-14 09:15:28.850,-1.2439,-1.0562,9.6909
2026-03-14 09:15:28.860,-1.3214,-1.0789,
2026-03-14 09:15:28.870,-1.4742,-1.1316,9.2116
2026-03-14 09:15:28.880,-1.1255,-0.9632,9.2781
2026-03-14 09:15:28.890,-1.1347,-1.2275,9.309
2026-03-14 09:15:28.900,-0.9964,-0.7819,9.3513
2026-03-14 09:15:28.910,-0.5738,-0.3902,9.8144
2026-03-14 09:15:28.920,-0.4986,-0.4205,10.1106
2026-03-14 09:15:28.930,-0.3042,-0.0533,10.33
2026-03-14 09:15:28.940,-0.1731,-0.0217,9.9534
2026-03-14 09:15:28.950,0.0603,0.191,9.8405
2026-03-14 09:15:28.960,0.4008,0.4928,9.7251
2026-03-14 09:15:28.970,0.6996,0.8248,9.7734
2026-03-14 09:15:28.980,0.6649,0.775,9.7154
2026-03-14 09:15:28.990,1.0694,0.9263,10.0515
2026-03-14 09:15:29.000,0.8197,0.6115,10.4413
2026-03-14 09:15:29.010,0.927,1.0094,9.9094
2026-03-14 09:15:29.020,1.306,0.9974,10.5282
2026-03-14 09:15:29.030,1.3796,1.017,10.3455
2026-03-14 09:15:29.040,1.0616,0.9479,9.9444
2026-03-14 09:15:29.050,1.2359,0.7854,9.7202
2026-03-14 09:15:29.060,1.4677,0.599,9.452
2026-03-14 09:15:29.070,1.2013,0.5081,9.6173
2026-03-14 09:15:29.080,1.1631,0.3402,9.5096
2026-03-14 09:15:29.090,1.3943,0.2196,9.7683
2026-03-14 09:15:29.100,1.034,0.3326,9.5245
2026-03-14 09:15:29.110,1.1873,-0.0334,10.3678
2026-03-14 09:15:29.120,1.2998,-0.2065,9.8993
2026-03-14 09:15:29.130,0.9076,-0.1189,9.281
2026-03-14 09:15:29.140,0.9754,-0.4165,9.7016
2026-03-14 09:15:29.150,0.4399,-0.2497,9.2126
2026-03-14 09:15:29.160,0.5521,0.1072,9.5691
2026-03-14 09:15:29.170,0.6086,-0.0303,9.4251
2026-03-14 09:15:29.180,0.3503,-0.0142,9.9359
2026-03-14 09:15:29.190,0.1421,0.2542,10.0098
2026-03-14 09:15:29.200,0.2356,0.447,9.9548
2026-03-14 09:15:29.210,0.0055,0.3598,10.2841
2026-03-14 09:15:29.220,-0.0511,0.0868,10.0962
2026-03-14 09:15:29.230,-0.0695,0.2541,10.0126
2026-03-14 09:15:29.240,-0.2434,0.3066,9.8921
2026-03-14 09:15:29.250,-0.3408,0.2234,9.3979
2026-03-14 09:15:29.260,-0.7364,0.4646,9.9014
2026-03-14 09:15:29.270,-0.6549,0.2701,
2026-03-14 09:15:29.280,-0.7745,0.0747,10.0627
2026-03-14 09:15:29.290,-0.8631,-0.1549,10.5204
2026-03-14 09:15:29.300,-1.001,-0.3309,10.1923
2026-03-14 09:15:29.310,-1.2809,-0.5683,10.0079
2026-03-14 09:15:29.320,-1.1005,-0.9706,10.1063
2026-03-14 09:15:29.330,-1.4042,-0.3642,9.7201
2026-03-14 09:15:29.340,-1.4864,-1.0117,9.494
2026-03-14 09:15:29.350,-1.2008,-1.0088,9.4557
2026-03-14 09:15:29.360,-1.4493,-1.0358,9.3959
2026-03-14 09:15:29.370,-1.5498,-1.2935,9.7422
2026-03-14 09:15:29.380,-1.5755,-0.9857,9.906
2026-03-14 09:15:29.390,-1.4247,-1.3658,9.7656
2026-03-14 09:15:29.400,-1.2385,-1.1562,9.5433
2026-03-14 09:15:29.410,-1.4332,-1.1345,9.5677
2026-03-14 09:15:29.420,-0.9312,-0.7532,9.2271
2026-03-14 09:15:29.430,-0.8574,-0.8191,9.2501
2026-03-14 09:15:29.440,-0.586,-0.3666,9.3437
2026-03-14 09:15:29.450,-0.4007,-0.1845,9.7354
2026-03-14 09:15:29.460,,-0.1206,9.9361
2026-03-14 09:15:29.470,-0.0567,-0.0552,10.0873
2026-03-14 09:15:29.480,0.1895,0.267,10.2489
2026-03-14 09:15:29.490,0.6363,0.5246,10.0466
2026-03-14 09:15:29.500,0.7532,0.5677,9.9749
2026-03-14 09:15:29.510,0.5935,0.9466,9.8062
2026-03-14 09:15:29.520,0.9496,0.7256,9.7335
2026-03-14 09:15:29.530,0.936,1.2753,9.9034
2026-03-14 09:15:29.540,1.0359,1.055,10.2033
2026-03-14 09:15:29.550,1.4685,1.221,9.9573
2026-03-14 09:15:29.560,1.3984,1.1614,10.1817
2026-03-14 09:15:29.570,1.5887,0.8988,9.8024
2026-03-14 09:15:29.580,1.3848,0.6748,9.963
2026-03-14 09:15:29.590,1.4385,0.7287,9.7439
2026-03-14 09:15:29.600,1.3885,0.6594,9.65
2026-03-14 09:15:29.610,1.4728,0.3212,9.7255
2026-03-14 09:15:29.620,1.2028,0.4132,9.6104
2026-03-14 09:15:29.630,1.3447,-0.0989,9.7221
2026-03-14 09:15:29.640,0.889,0.0508,9.5351
2026-03-14 09:15:29.650,1.0397,-0.0141,9.8407
2026-03-14 09:15:29.660,0.8939,-0.0103,9.9558
2026-03-14 09:15:29.670,0.7847,0.0859,9.4532
2026-03-14 09:15:29.680,0.584,0.1627,9.6762
2026-03-14 09:15:29.690,0.8415,0.0522,9.787
2026-03-14 09:15:29.700,0.5841,-0.0325,9.5514
2026-03-14 09:15:29.710,0.6078,0.3447,9.8165
2026-03-14 09:15:29.720,0.4133,0.0114,9.5148
2026-03-14 09:15:29.730,0.2629,0.1714,9.9882
2026-03-14 09:15:29.740,-0.0753,0.0376,10.2567
2026-03-14 09:15:29.750,0.0416,0.5212,10.2165
2026-03-14 09:15:29.760,-0.4772,0.3214,10.5807
2026-03-14 09:15:29.770,-0.3501,0.0331,9.9129
2026-03-14 09:15:29.780,-0.5669,0.194,10.403
2026-03-14 09:15:29.790,-0.6279,0.3879,9.5959
2026-03-14 09:15:29.800,-0.8766,0.0663,
2026-03-14 09:15:29.810,-0.8597,-0.1421,10.2028
2026-03-14 09:15:29.820,-1.1908,-0.2042,9.991
2026-03-14 09:15:29.830,-0.8093,-0.1991,10.0739
2026-03-14 09:15:29.840,-1.4316,-0.7413,10.2575
2026-03-14 09:15:29.850,,-0.6252,9.9902
2026-03-14 09:15:29.860,-1.5504,-0.5199,9.76
2026-03-14 09:15:29.870,-1.511,-0.951,9.8432
2026-03-14 09:15:29.880,-1.7806,-1.2422,8.8464
2026-03-14 09:15:29.890,-1.3074,-1.1034,9.5401
2026-03-14 09:15:29.900,-1.4634,-1.1137,9.3553
2026-03-14 09:15:29.910,-1.4055,-1.2789,9.4387
2026-03-14 09:15:29.920,-1.3565,-1.2244,9.8604
2026-03-14 09:15:29.930,-1.1767,-1.0077,9.5913
2026-03-14 09:15:29.940,-1.1821,-1.0918,10.0842
2026-03-14 09:15:29.950,-0.8625,-0.7107,9.9437
2026-03-14 09:15:29.960,-0.851,-0.9331,9.5724
2026-03-14 09:15:29.970,-0.5897,-0.3313,9.6431
2026-03-14 09:15:29.980,,-0.4132,9.7445
2026-03-14 09:15:29.990,,-0.0749,9.4586
2026-03-14 09:15:30.000,-0.2076,-0.0689,9.985
2026-03-14 09:15:30.010,0.5109,0.2549,9.8456
2026-03-14 09:15:30.020,0.4372,0.6469,10.3969
2026-03-14 09:15:30.030,0.6843,0.773,10.4188
2026-03-14 09:15:30.040,0.9417,0.9676,10.0609
2026-03-14 09:15:30.050,1.1935,1.116,10.1475
2026-03-14 09:15:30.060,0.8276,0.9203,10.2057
2026-03-14 09:15:30.070,1.0819,1.1602,10.0406
2026-03-14 09:15:30.080,1.0571,1.275,9.8721
2026-03-14 09:15:30.090,1.2456,0.8082,10.0541
2026-03-14 09:15:30.100,1.5705,0.7286,10.0042
2026-03-14 09:15:30.110,1.6465,0.9125,10.1032
2026-03-14 09:15:30.120,0.8949,0.6556,10.0273
2026-03-14 09:15:30.130,1.4055,0.628,9.6803
2026-03-14 09:15:30.140,1.5369,0.4995,9.1813
2026-03-14 09:15:30.150,1.3848,0.3333,9.5678
2026-03-14 09:15:30.160,1.2035,0.0352,9.2669
2026-03-14 09:15:30.170,1.1073,-0.1172,9.2331
2026-03-14 09:15:30.180,0.956,-0.1057,9.6169
2026-03-14 09:15:30.190,0.7873,0.0469,9.3956
2026-03-14 09:15:30.200,0.7142,-0.2341,9.5891
2026-03-14 09:15:30.210,0.8577,0.0174,10.1015
2026-03-14 09:15:30.220,0.5455,0.0034,9.7743
2026-03-14 09:15:30.230,0.5245,-0.1016,9.9824
2026-03-14 09:15:30.240,0.5866,0.0254,9.5175
2026-03-14 09:15:30.250,0.1601,-0.0294,9.6837
2026-03-14 09:15:30.260,0.078,0.1147,9.6158
2026-03-14 09:15:30.270,-0.0079,0.5024,9.991
2026-03-14 09:15:30.280,0.0171,0.5169,9.9488
2026-03-14 09:15:30.290,-0.4232,0.0428,10.0523
2026-03-14 09:15:30.300,-0.1674,0.3397,10.5285
2026-03-14 09:15:30.310,-0.3826,0.202,10.1935
2026-03-14 09:15:30.320,-0.6512,0.3778,9.7731
2026-03-14 09:15:30.330,-0.651,-0.0774,9.5593
2026-03-14 09:15:30.340,-0.9529,-0.4978,9.7342
2026-03-14 09:15:30.350,-0.844,-0.1331,9.6371
2026-03-14 09:15:30.360,-1.3017,-0.1443,9.9469
2026-03-14 09:15:30.370,-1.2332,-0.5678,9.7894
2026-03-14 09:15:30.380,-1.3589,-0.9882,10.0625
2026-03-14 09:15:30.390,-1.5821,-0.7973,10.1106
2026-03-14 09:15:30.400,-1.5661,-0.7227,9.8589
2026-03-14 09:15:30.410,-1.2723,-1.1595,9.1557
2026-03-14 09:15:30.420,-1.5952,-1.2383,9.4056
2026-03-14 09:15:30.430,-1.3372,-1.4849,9.015
2026-03-14 09:15:30.440,-1.3074,-0.9769,9.5233
2026-03-14 09:15:30.450,-1.4072,-1.1022,9.4634
2026-03-14 09:15:30.460,-1.3859,-0.9899,9.4598
2026-03-14 09:15:30.470,-0.9482,-0.9613,10.078
2026-03-14 09:15:30.480,-1.0375,-0.9519,9.9958
2026-03-14 09:15:30.490,-0.6385,-0.5608,9.7248
2026-03-14 09:15:30.500,-0.4279,-0.7099,9.3587
2026-03-14 09:15:30.510,-0.3112,-0.2145,9.705
2026-03-14 09:15:30.520,-0.0013,,9.5049
2026-03-14 09:15:30.530,-0.0562,,9.3144
2026-03-14 09:15:30.540,0.2492,0.5025,9.7097
2026-03-14 09:15:30.550,0.3195,0.5898,
2026-03-14 09:15:30.560,0.6897,0.8514,10.3282
2026-03-14 09:15:30.570,0.9734,1.1029,10.5818
2026-03-14 09:15:30.580,1.2401,1.1406,10.1596
2026-03-14 09:15:30.590,1.1571,1.0596,10.4325
2026-03-14 09:15:30.600,1.3307,1.0513,9.7339
2026-03-14 09:15:30.610,,0.9951,9.8623
2026-03-14 09:15:30.620,1.0848,0.866,9.8712
2026-03-14 09:15:30.630,1.4104,0.821,9.5167
2026-03-14 09:15:30.640,1.416,0.8789,10.0472
2026-03-14 09:15:30.650,1.4231,0.739,9.7164
2026-03-14 09:15:30.660,1.4111,0.1971,10.0322
2026-03-14 09:15:30.670,1.3729,0.2389,9.88
2026-03-14 09:15:30.680,1.0965,0.2279,9.5792
2026-03-14 09:15:30.690,1.2327,0.1309,9.4363
2026-03-14 09:15:30.700,1.1572,-0.0544,9.2341
2026-03-14 09:15:30.710,0.9498,-0.1141,9.4345
2026-03-14 09:15:30.720,1.0774,0.1043,9.5644
2026-03-14 09:15:30.730,0.7329,-0.1233,9.357
2026-03-14 09:15:30.740,0.723,0.0119,10.0976
2026-03-14 09:15:30.750,0.3294,-0.0859,10.013
2026-03-14 09:15:30.760,0.7592,0.2775,10.0203
2026-03-14 09:15:30.770,0.4382,0.0101,9.9692
2026-03-14 09:15:30.780,-0.0356,0.1129,9.8542
2026-03-14 09:15:30.790,-0.0887,0.2626,9.5793
2026-03-14 09:15:30.800,0.015,0.2233,9.4974
2026-03-14 09:15:30.810,-0.0447,0.2076,10.2148
2026-03-14 09:15:30.820,-0.0883,0.4712,10.4005
2026-03-14 09:15:30.830,-0.4048,0.1375,10.2437
2026-03-14 09:15:30.840,-0.6219,0.2486,10.1615
2026-03-14 09:15:30.850,-0.7225,-0.0066,9.7554
2026-03-14 09:15:30.860,-0.8242,-0.0317,10.2603
2026-03-14 09:15:30.870,-0.9529,-0.1617,9.7926
2026-03-14 09:15:30.880,-1.0648,-0.0759,9.9716
2026-03-14 09:15:30.890,-1.4418,-0.3814,9.5234
2026-03-14 09:15:30.900,-1.2428,-0.3571,9.8182
2026-03-14 09:15:30.910,-1.4926,-0.7548,9.9431
2026-03-14 09:15:30.920,-1.3687,-0.9956,9.954
2026-03-14 09:15:30.930,-1.6317,-1.2294,10.0603
2026-03-14 09:15:30.940,-1.7579,,9.7793
2026-03-14 09:15:30.950,-1.3625,-1.4248,9.6723
2026-03-14 09:15:30.960,-1.5464,-1.1523,9.5468
2026-03-14 09:15:30.970,-1.3579,-0.9238,9.251
2026-03-14 09:15:30.980,-1.0367,-0.9247,9.2947
2026-03-14 09:15:30.990,-1.167,-1.0857,9.2376
2026-03-14 09:15:31.000,-0.9059,-0.8319,9.5017
2026-03-14 09:15:31.010,-0.7516,-0.6367,9.519
2026-03-14 09:15:31.020,-0.6703,-0.8537,9.6911
2026-03-14 09:15:31.030,-0.337,-0.4222,10.0454
2026-03-14 09:15:31.040,0.0707,-0.0785,9.7517
2026-03-14 09:15:31.050,0.1285,-0.0551,10.0017
2026-03-14 09:15:31.060,0.1776,0.2566,9.6635
2026-03-14 09:15:31.070,0.5943,0.3646,9.8713
2026-03-14 09:15:31.080,0.8106,0.7243,9.9292
2026-03-14 09:15:31.090,1.0605,0.7553,9.7974
2026-03-14 09:15:31.100,0.8199,0.7071,10.3861
2026-03-14 09:15:31.110,1.1515,0.8127,10.2291
2026-03-14 09:15:31.120,1.4598,1.1027,10.0396
2026-03-14 09:15:31.130,1.2116,1.2155,9.7327
2026-03-14 09:15:31.140,1.5815,0.8562,10.045
2026-03-14 09:15:31.150,1.4025,1.0102,9.8935
2026-03-14 09:15:31.160,1.2851,0.8524,9.2457
2026-03-14 09:15:31.170,1.3415,0.6857,9.3747
2026-03-14 09:15:31.180,1.4186,,10.074
2026-03-14 09:15:31.190,1.4418,0.3616,9.7043
2026-03-14 09:15:31.200,1.3066,0.2774,9.7723
2026-03-14 09:15:31.210,1.0528,0.1357,10.1171
2026-03-14 09:15:31.220,1.0655,-0.0921,
2026-03-14 09:15:31.230,0.971,0.2356,9.811
2026-03-14 09:15:31.240,1.0979,-0.08,9.3953
2026-03-14 09:15:31.250,0.7648,-0.0758,9.6724
2026-03-14 09:15:31.260,0.8319,-0.0438,9.4803
2026-03-14 09:15:31.270,0.5646,-0.1601,9.5854
2026-03-14 09:15:31.280,0.5799,-0.0199,9.6454
2026-03-14 09:15:31.290,0.4694,0.0563,10.437
2026-03-14 09:15:31.300,0.4038,0.1501,10.1998
2026-03-14 09:15:31.310,0.3183,-0.0199,10.1983
2026-03-14 09:15:31.320,-0.0032,0.19,9.8354
2026-03-14 09:15:31.330,-0.0324,0.1627,9.5271
2026-03-14 09:15:31.340,-0.3123,0.1861,9.8599
2026-03-14 09:15:31.350,-0.3816,0.1467,9.8845
2026-03-14 09:15:31.360,-0.5036,-0.1134,9.928
2026-03-14 09:15:31.370,-0.5776,0.1477,9.8509
2026-03-14 09:15:31.380,-0.8576,0.0793,10.4621
2026-03-14 09:15:31.390,-0.9709,0.2154,10.2021
2026-03-14 09:15:31.400,-1.113,-0.2523,9.8583
2026-03-14 09:15:31.410,-1.3209,-0.2113,9.6429
2026-03-14 09:15:31.420,-1.1162,-0.2808,9.8981
2026-03-14 09:15:31.430,-1.4595,-0.6213,9.5839
2026-03-14 09:15:31.440,-1.3785,-0.8031,9.7608
2026-03-14 09:15:31.450,-1.2438,-1.0417,9.7745
2026-03-14 09:15:31.460,-1.4452,-1.2377,9.9451
2026-03-14 09:15:31.470,-1.5673,-0.9815,9.6948
2026-03-14 09:15:31.480,-1.5713,-1.2248,9.8534
2026-03-14 09:15:31.490,-1.4084,-0.9661,9.851
2026-03-14 09:15:31.500,-1.116,-1.2152,9.4127
2026-03-14 09:15:31.510,-0.8994,-1.0502,9.3061
2026-03-14 09:15:31.520,-1.3626,-1.0718,9.4874
2026-03-14 09:15:31.530,-1.0456,-0.8188,9.4768
2026-03-14 09:15:31.540,-1.005,,9.5211
2026-03-14 09:15:31.550,-0.6695,-0.1131,9.6298
2026-03-14 09:15:31.560,-0.2386,-0.1421,10.1857
2026-03-14 09:15:31.570,-0.0163,0.1166,9.9383
2026-03-14 09:15:31.580,0.0113,0.1823,10.3764
2026-03-14 09:15:31.590,0.3687,0.6542,10.1326
2026-03-14 09:15:31.600,0.5409,0.6518,10.0806
2026-03-14 09:15:31.610,0.8969,0.839,9.6152
2026-03-14 09:15:31.620,0.7583,1.0904,9.6627
2026-03-14 09:15:31.630,0.9292,0.8703,9.8012
2026-03-14 09:15:31.640,1.2032,0.8787,10.1805
2026-03-14 09:15:31.650,1.1857,1.0319,10.1712
2026-03-14 09:15:31.660,1.3238,0.9466,9.9414
2026-03-14 09:15:31.670,1.5391,0.8888,10.322
2026-03-14 09:15:31.680,1.5478,0.8967,9.7068
2026-03-14 09:15:31.690,1.5576,0.676,9.7921
2026-03-14 09:15:31.700,1.3965,0.3254,9.965
2026-03-14 09:15:31.710,1.31,0.2893,9.6151
2026-03-14 09:15:31.720,1.2759,0.4521,9.7244
2026-03-14 09:15:31.730,1.3738,0.0427,9.1888
2026-03-14 09:15:31.740,1.1257,0.028,9.4216
2026-03-14 09:15:31.750,1.1326,0.0037,9.502
2026-03-14 09:15:31.760,0.9547,-0.0253,9.5848
2026-03-14 09:15:31.770,0.8037,-0.0739,9.7035
2026-03-14 09:15:31.780,0.989,0.2682,9.5701
2026-03-14 09:15:31.790,0.673,-0.0871,9.1644
2026-03-14 09:15:31.800,0.3876,-0.0844,9.281
2026-03-14 09:15:31.810,0.4989,-0.0098,9.726
2026-03-14 09:15:31.820,0.3633,0.1978,9.6618
2026-03-14 09:15:31.830,0.3129,-0.0279,9.9662
2026-03-14 09:15:31.840,,0.6162,10.2234
2026-03-14 09:15:31.850,0.0034,0.2531,10.0054
2026-03-14 09:15:31.860,-0.1226,0.2811,10.1563
2026-03-14 09:15:31.870,-0.4867,0.325,9.9247
2026-03-14 09:15:31.880,-0.5489,0.1499,9.83
2026-03-14 09:15:31.890,-0.4144,0.1616,9.8555
2026-03-14 09:15:31.900,-0.4044,0.0597,9.8967
2026-03-14 09:15:31.910,-0.9566,-0.2397,9.6882
2026-03-14 09:15:31.920,-0.8371,-0.2912,10.3928
2026-03-14 09:15:31.930,-1.0272,-0.2062,10.163
2026-03-14 09:15:31.940,-1.1691,-0.2319,10.4642
2026-03-14 09:15:31.950,-1.4034,-0.6939,10.041
2026-03-14 09:15:31.960,-1.3967,-0.9515,9.709
2026-03-14 09:15:31.970,-1.1876,-0.8259,9.558
2026-03-14 09:15:31.980,-1.5941,-1.0135,9.7216
2026-03-14 09:15:31.990,-1.7584,-1.2103,9.1297
2026-03-14 09:15:32.000,-1.162,-1.0557,9.7087
2026-03-14 09:15:32.010,-1.7972,-1.2533,9.83
2026-03-14 09:15:32.020,-1.3485,-1.2064,9.7926
2026-03-14 09:15:32.030,-1.4186,-1.1992,9.4194
2026-03-14 09:15:32.040,-1.0181,-0.8453,9.6528
2026-03-14 09:15:32.050,-1.1461,-1.0367,9.8258
2026-03-14 09:15:32.060,-0.7481,-0.6186,9.1977
2026-03-14 09:15:32.070,-0.5563,-0.4573,9.3387
2026-03-14 09:15:32.080,-0.1311,-0.283,9.3401
2026-03-14 09:15:32.090,-0.1534,-0.2402,10.0637
2026-03-14 09:15:32.100,0.1499,-0.056,10.0128
2026-03-14 09:15:32.110,0.1434,0.3067,10.1754
2026-03-14 09:15:32.120,0.0898,0.6819,10.2607
2026-03-14 09:15:32.130,0.2562,0.9804,10.0896
2026-03-14 09:15:32.140,0.62,0.8712,10.101
2026-03-14 09:15:32.150,0.6617,0.9246,10.1026
2026-03-14 09:15:32.160,1.1142,1.0394,9.9824
2026-03-14 09:15:32.170,0.9765,1.1457,9.7728
2026-03-14 09:15:32.180,1.2277,0.9872,9.8175
2026-03-14 09:15:32.190,1.3831,0.8974,10.2321
2026-03-14 09:15:32.200,1.0675,0.9448,9.9647
2026-03-14 09:15:32.210,1.537,0.8958,10.2525
2026-03-14 09:15:32.220,1.3003,0.6769,10.0789
2026-03-14 09:15:32.230,1.1434,0.53,9.3096
2026-03-14 09:15:32.240,1.1963,0.5539,9.2394
2026-03-14 09:15:32.250,0.9728,0.0171,8.924
2026-03-14 09:15:32.260,1.4556,0.2425,9.3488
2026-03-14 09:15:32.270,1.0732,0.3246,9.462
2026-03-14 09:15:32.280,1.036,-0.0452,9.7262
2026-03-14 09:15:32.290,1.1218,0.2024,9.683
2026-03-14 09:15:32.300,0.5973,-0.1997,9.6384
2026-03-14 09:15:32.310,0.793,0.0061,9.9807
2026-03-14 09:15:32.320,0.7869,0.1114,9.4244
2026-03-14 09:15:32.330,0.4154,-0.1229,9.5229
2026-03-14 09:15:32.340,0.311,0.0367,9.8566
2026-03-14 09:15:32.350,0.391,0.2508,9.5507
2026-03-14 09:15:32.360,-0.0167,0.212,9.7695
2026-03-14 09:15:32.370,0.0746,0.4712,10.0024
2026-03-14 09:15:32.380,0.0117,0.1632,9.8865
2026-03-14 09:15:32.390,-0.1831,0.5943,10.0335
2026-03-14 09:15:32.400,-0.0239,-0.0808,10.0473
2026-03-14 09:15:32.410,-0.5011,0.3675,9.9553
2026-03-14 09:15:32.420,-0.7627,0.215,10.2811
2026-03-14 09:15:32.430,-0.9169,0.187,9.729
2026-03-14 09:15:32.440,-0.6581,0.1169,10.0008
2026-03-14 09:15:32.450,-1.141,-0.0369,10.2001
2026-03-14 09:15:32.460,-1.1004,-0.3564,9.8196
2026-03-14 09:15:32.470,-1.1211,-0.393,10.3803
2026-03-14 09:15:32.480,-1.0598,-0.6495,9.8876
2026-03-14 09:15:32.490,-1.4507,-0.7049,9.7437
2026-03-14 09:15:32.500,-1.8022,-0.8612,9.7992
2026-03-14 09:15:32.510,-1.3776,-1.1001,9.5559
2026-03-14 09:15:32.520,-1.5553,-1.1294,9.1615
2026-03-14 09:15:32.530,-1.3883,-1.2621,9.321
2026-03-14 09:15:32.540,-1.303,-1.3116,9.7141
2026-03-14 09:15:32.550,-1.23,-1.2757,9.4472
2026-03-14 09:15:32.560,-1.2396,-1.1821,9.6234
2026-03-14 09:15:32.570,-1.3624,-1.0803,9.5305
2026-03-14 09:15:32.580,-0.8026,-0.9078,9.7484
2026-03-14 09:15:32.590,-0.7632,-0.7097,9.4968
2026-03-14 09:15:32.600,,-0.7769,9.1978
2026-03-14 09:15:32.610,-0.5834,,9.7524
2026-03-14 09:15:32.620,0.1714,-0.0735,9.4555
2026-03-14 09:15:32.630,-0.0675,0.3645,10.1595
2026-03-14 09:15:32.640,0.406,0.4884,10.3091
2026-03-14 09:15:32.650,0.2857,0.7507,9.9045
2026-03-14 09:15:32.660,0.0913,0.7312,10.7098
2026-03-14 09:15:32.670,0.7437,0.8937,10.1123
2026-03-14 09:15:32.680,1.247,1.0235,10.1338
2026-03-14 09:15:32.690,1.2391,0.8641,9.8017
2026-03-14 09:15:32.700,1.1849,1.1784,9.313
2026-03-14 09:15:32.710,1.1978,0.8249,9.6753
2026-03-14 09:15:32.720,1.1945,0.9905,9.549
2026-03-14 09:15:32.730,1.3459,0.8174,9.6898
2026-03-14 09:15:32.740,1.6904,0.9212,10.1619
2026-03-14 09:15:32.750,1.2628,0.8275,10.3317
2026-03-14 09:15:32.760,1.3779,0.3943,9.9223
2026-03-14 09:15:32.770,1.4327,0.4649,9.8477
2026-03-14 09:15:32.780,1.1973,0.3343,9.4119
2026-03-14 09:15:32.790,1.1192,0.1785,9.4149
2026-03-14 09:15:32.800,1.437,0.1314,9.2428
2026-03-14 09:15:32.810,0.7426,-0.128,9.278
2026-03-14 09:15:32.820,1.1865,-0.2651,9.9502
2026-03-14 09:15:32.830,0.8893,-0.0099,9.5273
2026-03-14 09:15:32.840,0.7571,0.0443,10.115
2026-03-14 09:15:32.850,0.4519,-0.2543,9.6229
2026-03-14 09:15:32.860,0.5746,-0.1757,9.9728
2026-03-14 09:15:32.870,0.6221,-0.0257,9.8898
2026-03-14 09:15:32.880,0.4814,0.0727,
2026-03-14 09:15:32.890,0.0072,0.2091,9.4157
2026-03-14 09:15:32.900,-0.0262,0.2165,9.9407
2026-03-14 09:15:32.910,0.0173,0.4028,10.2471
2026-03-14 09:15:32.920,-0.4116,0.4607,10.2799
2026-03-14 09:15:32.930,-0.4203,0.2113,10.2562
2026-03-14 09:15:32.940,-0.4027,0.4885,10.1978
2026-03-14 09:15:32.950,-0.7333,0.0145,10.0793
2026-03-14 09:15:32.960,-0.8242,0.0513,10.1444
2026-03-14 09:15:32.970,-1.1855,0.016,9.6191
2026-03-14 09:15:32.980,-0.9641,-0.3335,9.7172
2026-03-14 09:15:32.990,-1.4314,-0.3311,10.0449
2026-03-14 09:15:33.000,-0.9999,-0.4678,9.5043
2026-03-14 09:15:33.010,-1.1352,-0.8062,9.8194
2026-03-14 09:15:33.020,-1.4911,-0.7303,9.7739
2026-03-14 09:15:33.030,-1.6361,-1.0951,10.3621
2026-03-14 09:15:33.040,-1.7874,-1.0575,9.2677
2026-03-14 09:15:33.050,,-1.0963,9.2455
2026-03-14 09:15:33.060,-1.356,-1.2785,9.0237
2026-03-14 09:15:33.070,-1.1914,-1.2217,9.5537
2026-03-14 09:15:33.080,-1.0638,-0.9092,9.5008
2026-03-14 09:15:33.090,-1.1208,,9.6744
2026-03-14 09:15:33.100,-0.9166,-1.1906,9.5048
2026-03-14 09:15:33.110,-0.963,-0.8628,9.7842
2026-03-14 09:15:33.120,-0.4689,-0.2726,9.9806
2026-03-14 09:15:33.130,-0.4995,-0.3797,9.9943
2026-03-14 09:15:33.140,0.1164,0.1911,9.7326
2026-03-14 09:15:33.150,-0.0211,0.013,9.6659
2026-03-14 09:15:33.160,0.3305,0.6573,9.8187
2026-03-14 09:15:33.170,0.2607,0.4715,9.7403
2026-03-14 09:15:33.180,0.361,0.6677,10.2227
2026-03-14 09:15:33.190,0.6455,0.7556,10.1109
2026-03-14 09:15:33.200,0.9658,0.6648,10.1153
2026-03-14 09:15:33.210,0.6428,1.0051,10.7114
2026-03-14 09:15:33.220,1.3046,1.0416,10.3016
2026-03-14 09:15:33.230,1.0849,0.9572,10.2803
2026-03-14 09:15:33.240,1.5162,0.8363,10.08
2026-03-14 09:15:33.250,1.6231,1.0103,9.7538
2026-03-14 09:15:33.260,1.4641,0.6319,9.5906
2026-03-14 09:15:33.270,1.4242,0.5645,9.9217
2026-03-14 09:15:33.280,1.2981,0.5693,9.7158
2026-03-14 09:15:33.290,1.5491,0.1253,9.9662
2026-03-14 09:15:33.300,1.3981,0.2818,10.2122
2026-03-14 09:15:33.310,1.0676,0.2058,9.8224
2026-03-14 09:15:33.320,0.9525,0.3816,9.4503
2026-03-14 09:15:33.330,0.9438,0.235,9.5318
2026-03-14 09:15:33.340,,-0.1803,9.0351
2026-03-14 09:15:33.350,1.024,0.1669,9.4082
2026-03-14 09:15:33.360,0.8602,-0.1109,9.5313
2026-03-14 09:15:33.370,0.8525,-0.0346,9.7171
2026-03-14 09:15:33.380,0.5781,0.1674,10.2232
2026-03-14 09:15:33.390,0.4065,-0.319,9.6071
2026-03-14 09:15:33.400,0.1415,0.1831,9.996
2026-03-14 09:15:33.410,0.2227,0.0161,9.4473
2026-03-14 09:15:33.420,0.009,0.2109,9.6999
2026-03-14 09:15:33.430,-0.1404,0.3132,9.7428
2026-03-14 09:15:33.440,-0.1067,0.2231,10.0029
2026-03-14 09:15:33.450,-0.2009,0.6079,9.6771
2026-03-14 09:15:33.460,-0.2539,0.1504,10.3104
2026-03-14 09:15:33.470,-0.5998,0.278,10.195
2026-03-14 09:15:33.480,-0.8258,0.0196,10.4335
2026-03-14 09:15:33.490,-0.454,-0.1449,10.4213
2026-03-14 09:15:33.500,-0.8634,-0.189,9.9483
2026-03-14 09:15:33.510,-1.0794,-0.2331,10.0899
2026-03-14 09:15:33.520,-1.0749,-0.5561,9.6701
2026-03-14 09:15:33.530,-1.5864,-0.5385,9.246
2026-03-14 09:15:33.540,-1.3351,-0.7231,9.7926
2026-03-14 09:15:33.550,-1.7128,-0.897,9.8953
2026-03-14 09:15:33.560,-1.4893,-1.0387,9.5799
2026-03-14 09:15:33.570,-1.2882,-1.2807,9.7889
2026-03-14 09:15:33.580,-1.2935,-1.3978,10.1674
2026-03-14 09:15:33.590,-1.3737,-1.0367,9.9945
2026-03-14 09:15:33.600,-1.3523,-1.4769,9.5891
2026-03-14 09:15:33.610,-1.0717,-1.0808,9.2953
2026-03-14 09:15:33.620,-1.1312,-0.9783,9.2077
2026-03-14 09:15:33.630,-1.0032,-0.8592,9.4804
2026-03-14 09:15:33.640,-0.8148,-0.5408,9.7592
2026-03-14 09:15:33.650,-0.6112,-0.7266,9.8567
2026-03-14 09:15:33.660,-0.5812,-0.2323,10.0006
2026-03-14 09:15:33.670,-0.5506,-0.1158,10.0203
2026-03-14 09:15:33.680,0.0587,0.161,10.2022
2026-03-14 09:15:33.690,0.4985,0.5082,9.9786
2026-03-14 09:15:33.700,,0.4513,9.5274
2026-03-14 09:15:33.710,0.4814,0.6607,10.2022
2026-03-14 09:15:33.720,1.0038,1.1009,10.2709
2026-03-14 09:15:33.730,0.8,0.9153,10.4385
2026-03-14 09:15:33.740,0.7675,1.2408,10.2186
2026-03-14 09:15:33.750,1.3888,0.7216,10.3628
2026-03-14 09:15:33.760,1.3971,1.0083,10.6505
2026-03-14 09:15:33.770,1.2309,0.7652,10.1075
2026-03-14 09:15:33.780,1.3711,0.8375,9.6175
2026-03-14 09:15:33.790,1.738,0.7174,9.2267
2026-03-14 09:15:33.800,1.2864,0.9211,9.2638
2026-03-14 09:15:33.810,1.4642,0.6562,9.312
2026-03-14 09:15:33.820,1.2206,0.3985,9.8141
2026-03-14 09:15:33.830,1.1719,-0.0127,9.7732
2026-03-14 09:15:33.840,,0.21,10.016
2026-03-14 09:15:33.850,1.0639,-0.0925,9.2698
2026-03-14 09:15:33.860,1.0346,0.2555,9.7035
2026-03-14 09:15:33.870,1.0051,-0.0889,9.6151
2026-03-14 09:15:33.880,0.9242,0.206,9.159
2026-03-14 09:15:33.890,1.033,-0.0161,9.8277
2026-03-14 09:15:33.900,0.6713,-0.0563,9.1617
2026-03-14 09:15:33.910,0.4359,0.0348,9.8922
2026-03-14 09:15:33.920,0.396,0.0436,10.0242
2026-03-14 09:15:33.930,0.1787,0.2081,9.8171
2026-03-14 09:15:33.940,0.1981,0.4735,9.9487
2026-03-14 09:15:33.950,0.2915,0.1934,10.1205
2026-03-14 09:15:33.960,0.06,0.0929,9.9282
2026-03-14 09:15:33.970,-0.0829,0.3887,9.5627
2026-03-14 09:15:33.980,-0.291,0.1629,9.8427
2026-03-14 09:15:33.990,-0.5483,0.361,10.0863
2026-03-14 09:15:34.000,-0.5246,0.2817,9.88
2026-03-14 09:15:34.010,-0.5948,0.0651,9.47
2026-03-14 09:15:34.020,-0.9869,0.0466,10.3888
2026-03-14 09:15:34.030,-0.9251,-0.0611,10.4575
2026-03-14 09:15:34.040,-1.1732,-0.3207,9.8091
2026-03-14 09:15:34.050,-1.3578,-0.7766,9.6653
2026-03-14 09:15:34.060,-1.3466,-0.4366,9.7223
2026-03-14 09:15:34.070,-1.32,-0.5348,9.2676
2026-03-14 09:15:34.080,-1.2953,-0.8062,9.3342
2026-03-14 09:15:34.090,-1.5114,-1.133,9.2369
2026-03-14 09:15:34.100,,-1.1278,9.4276
2026-03-14 09:15:34.110,-1.2035,-1.1399,9.5293
2026-03-14 09:15:34.120,-1.328,-1.4849,10.1052
2026-03-14 09:15:34.130,-1.2162,-1.3215,9.3066
2026-03-14 09:15:34.140,-0.9705,-1.094,9.8209
2026-03-14 09:15:34.150,-0.933,-1.0035,9.5293
2026-03-14 09:15:34.160,-1.07,-0.8198,9.322
2026-03-14 09:15:34.170,-0.7878,-0.8572,9.7927
2026-03-14 09:15:34.180,-0.684,-0.3495,9.6089
2026-03-14 09:15:34.190,-0.6191,-0.1168,10.2808
2026-03-14 09:15:34.200,-0.1376,-0.057,10.2267
2026-03-14 09:15:34.210,0.2141,0.3224,9.9787
2026-03-14 09:15:34.220,0.4233,0.5908,10.2479
2026-03-14 09:15:34.230,0.3635,0.6296,9.7794
2026-03-14 09:15:34.240,0.5614,0.6156,10.0477
2026-03-14 09:15:34.250,0.7906,1.1277,9.5859
2026-03-14 09:15:34.260,1.0674,1.0075,9.8381
2026-03-14 09:15:34.270,1.1457,1.0322,10.0965
2026-03-14 09:15:34.280,1.0671,1.0406,10.4931
2026-03-14 09:15:34.290,1.2751,0.9789,9.849
2026-03-14 09:15:34.300,1.2742,1.0092,9.9129
2026-03-14 09:15:34.310,1.6394,0.9123,10.2548
2026-03-14 09:15:34.320,1.2969,1.0359,9.6981
2026-03-14 09:15:34.330,1.2051,0.8793,9.6425
2026-03-14 09:15:34.340,1.4209,0.4951,9.2978
2026-03-14 09:15:34.350,1.3687,0.5132,9.5076
2026-03-14 09:15:34.360,1.4767,0.1844,9.824
2026-03-14 09:15:34.370,1.199,0.207,9.9557
2026-03-14 09:15:34.380,1.3575,0.0204,9.4509
2026-03-14 09:15:34.390,1.0954,-0.0603,9.6395
2026-03-14 09:15:34.400,0.6978,0.0205,9.5124
2026-03-14 09:15:34.410,0.7295,0.1108,9.9744
2026-03-14 09:15:34.420,0.8842,-0.0058,9.5288
2026-03-14 09:15:34.430,0.4059,-0.2227,9.471
2026-03-14 09:15:34.440,0.787,0.3057,9.6087
2026-03-14 09:15:34.450,0.3969,-0.0804,9.4416
2026-03-14 09:15:34.460,0.168,0.1006,10.0754
2026-03-14 09:15:34.470,-0.2605,0.2381,10.1587
2026-03-14 09:15:34.480,-0.0353,0.3342,10.1243
2026-03-14 09:15:34.490,-0.2897,0.433,10.143
2026-03-14 09:15:34.500,-0.112,0.2902,10.3909
2026-03-14 09:15:34.510,-0.2854,0.2222,9.5675
2026-03-14 09:15:34.520,-0.4626,0.2205,9.8779
2026-03-14 09:15:34.530,-0.6564,0.2332,9.4822
2026-03-14 09:15:34.540,-0.7334,-0.0171,9.6966
2026-03-14 09:15:34.550,-0.9755,-0.1782,9.9527
2026-03-14 09:15:34.560,-1.1516,-0.1627,9.9834
2026-03-14 09:15:34.570,-1.1666,-0.2993,9.9644
2026-03-14 09:15:34.580,-1.0145,-0.5851,9.9854
2026-03-14 09:15:34.590,-1.3767,-0.4994,9.9076
2026-03-14 09:15:34.600,-1.2982,-0.9626,9.452
2026-03-14 09:15:34.610,-1.5297,-0.9326,9.1826
2026-03-14 09:15:34.620,-1.4951,-1.1028,9.1424
2026-03-14 09:15:34.630,-1.6004,-1.0651,9.4473
2026-03-14 09:15:34.640,-1.6057,-1.1679,9.4726
2026-03-14 09:15:34.650,-1.6563,-1.2833,9.6954
2026-03-14 09:15:34.660,-1.3977,-1.1634,9.5757
2026-03-14 09:15:34.670,-0.9289,-1.0427,9.8866
2026-03-14 09:15:34.680,-0.8838,-1.0866,9.5323
2026-03-14 09:15:34.690,-0.9252,-0.6572,9.2561
2026-03-14 09:15:34.700,-0.7641,-0.4882,9.1911
2026-03-14 09:15:34.710,-0.437,-0.4456,9.6436
2026-03-14 09:15:34.720,-0.0284,-0.1729,9.7049
2026-03-14 09:15:34.730,0.0064,-0.1919,9.5137
2026-03-14 09:15:34.740,0.1441,0.3931,10.2583
2026-03-14 09:15:34.750,0.318,0.5049,10.27
2026-03-14 09:15:34.760,0.3514,,10.2333
2026-03-14 09:15:34.770,0.8013,0.7333,10.1329
2026-03-14 09:15:34.780,1.083,0.9104,9.926
2026-03-14 09:15:34.790,1.1397,1.1434,9.9181
2026-03-14 09:15:34.800,1.0384,1.1543,9.7525
2026-03-14 09:15:34.810,1.1492,0.9642,9.9684
2026-03-14 09:15:34.820,1.4955,1.2513,10.1246
2026-03-14 09:15:34.830,1.3343,1.0056,10.2121
2026-03-14 09:15:34.840,1.2292,0.8075,10.15
2026-03-14 09:15:34.850,1.2782,0.7635,10.0753
2026-03-14 09:15:34.860,1.3916,0.4778,10.0545
2026-03-14 09:15:34.870,1.4991,0.2757,9.8416
2026-03-14 09:15:34.880,1.0692,0.3309,9.5794
2026-03-14 09:15:34.890,1.0245,0.1711,9.4561
2026-03-14 09:15:34.900,0.7592,0.174,8.9044
2026-03-14 09:15:34.910,0.8593,,9.6093
2026-03-14 09:15:34.920,1.1515,0.0204,9.7569
2026-03-14 09:15:34.930,0.9203,-0.2913,10.0068
2026-03-14 09:15:34.940,0.5159,-0.0013,9.578
2026-03-14 09:15:34.950,0.7854,0.0135,9.7296
2026-03-14 09:15:34.960,0.3289,0.0418,9.1921
2026-03-14 09:15:34.970,0.0891,0.2101,9.7235
2026-03-14 09:15:34.980,0.1985,-0.1109,9.6392
2026-03-14 09:15:34.990,0.2495,0.204,9.6147
2026-03-14 09:15:35.000,0.0703,-0.0013,10.2207
2026-03-14 09:15:35.010,-0.1761,0.1343,10.361
2026-03-14 09:15:35.020,-0.2861,0.336,10.4131
2026-03-14 09:15:35.030,-0.5135,0.0592,10.3836
2026-03-14 09:15:35.040,-0.5774,0.0938,9.99
2026-03-14 09:15:35.050,-0.6868,0.1488,9.8258
2026-03-14 09:15:35.060,-0.7671,0.072,9.9631
2026-03-14 09:15:35.070,-0.9583,0.0103,10.158
2026-03-14 09:15:35.080,-0.9618,0.0652,9.3204
2026-03-14 09:15:35.090,-1.2657,-0.1143,9.8918
2026-03-14 09:15:35.100,-1.2238,-0.3075,10.0102
2026-03-14 09:15:35.110,-1.2132,-0.5112,9.9352
2026-03-14 09:15:35.120,-1.0585,-0.7429,9.8731
2026-03-14 09:15:35.130,-1.5941,-1.0879,10.0448
2026-03-14 09:15:35.140,-1.6277,-1.0454,9.7445
2026-03-14 09:15:35.150,-1.8309,-0.8635,9.354
2026-03-14 09:15:35.160,-1.1899,-1.3746,9.4787
2026-03-14 09:15:35.170,-1.4239,-1.0489,9.1043
2026-03-14 09:15:35.180,-1.3567,-1.4436,9.5666
2026-03-14 09:15:35.190,-1.2047,-0.9393,9.4618
2026-03-14 09:15:35.200,-0.89,-1.1087,9.6299
2026-03-14 09:15:35.210,-1.1114,-0.9547,9.8318
2026-03-14 09:15:35.220,-0.8211,-0.8131,9.7201
2026-03-14 09:15:35.230,-0.6705,-0.5444,9.9395
2026-03-14 09:15:35.240,-0.2352,-0.3526,9.5133
2026-03-14 09:15:35.250,-0.3007,0.0034,9.8386
2026-03-14 09:15:35.260,-0.1115,0.1783,9.8767
2026-03-14 09:15:35.270,0.3306,0.5782,10.1006
2026-03-14 09:15:35.280,0.4466,0.6371,10.2632
2026-03-14 09:15:35.290,0.5274,0.6942,9.9819
2026-03-14 09:15:35.300,1.0358,0.8679,10.0498
2026-03-14 09:15:35.310,0.849,1.0978,10.0704
2026-03-14 09:15:35.320,1.0426,1.1015,10.2132
2026-03-14 09:15:35.330,0.9497,0.7291,10.1278
2026-03-14 09:15:35.340,1.0202,1.0314,9.8692
2026-03-14 09:15:35.350,1.3265,1.1939,9.6071
2026-03-14 09:15:35.360,1.3967,0.9152,10.1117
2026-03-14 09:15:35.370,1.3596,1.2341,9.9282
2026-03-14 09:15:35.380,1.3615,0.7085,10.0764
2026-03-14 09:15:35.390,1.265,0.5153,9.7627
2026-03-14 09:15:35.400,1.5129,0.4404,9.6086
2026-03-14 09:15:35.410,1.1994,0.2585,9.7763
2026-03-14 09:15:35.420,1.1425,0.1997,9.3491
2026-03-14 09:15:35.430,1.0124,0.1202,9.6119
2026-03-14 09:15:35.440,0.979,-0.057,9.4256
2026-03-14 09:15:35.450,0.8533,-0.357,9.9206
2026-03-14 09:15:35.460,0.8708,-0.0347,9.6285
2026-03-14 09:15:35.470,0.821,0.1918,9.6747
2026-03-14 09:15:35.480,0.6411,,10.053
2026-03-14 09:15:35.490,0.6004,-0.1295,10.0686
2026-03-14 09:15:35.500,0.436,0.107,9.4868
2026-03-14 09:15:35.510,0.4146,0.0559,9.862
2026-03-14 09:15:35.520,0.0445,0.0893,9.4461
2026-03-14 09:15:35.530,0.1165,0.2471,9.7689
2026-03-14 09:15:35.540,0.0639,0.1729,9.7112
2026-03-14 09:15:35.550,-0.3644,0.261,9.9559
2026-03-14 09:15:35.560,-0.4499,0.4685,10.3234
2026-03-14 09:15:35.570,-0.3396,0.3252,10.7363
2026-03-14 09:15:35.580,-0.7361,0.3857,10.3784
2026-03-14 09:15:35.590,-0.6814,-0.3241,10.1752
2026-03-14 09:15:35.600,-0.8137,-0.0816,10.291
2026-03-14 09:15:35.610,-0.8716,-0.1295,9.6174
2026-03-14 09:15:35.620,-1.0674,-0.3854,9.7049
2026-03-14 09:15:35.630,-1.3654,-0.4025,9.9374
2026-03-14 09:15:35.640,-1.3441,-0.5165,9.6831
2026-03-14 09:15:35.650,-1.5206,-1.015,9.6952
2026-03-14 09:15:35.660,-1.432,-0.8719,10.0157
2026-03-14 09:15:35.670,-1.5795,-1.3508,10.0811
2026-03-14 09:15:35.680,-1.484,-1.0831,9.4671
2026-03-14 09:15:35.690,-1.4261,-1.0516,9.7448
2026-03-14 09:15:35.700,-1.1581,-1.287,9.237
2026-03-14 09:15:35.710,-1.3408,-1.157,9.5976
2026-03-14 09:15:35.720,-1.1281,-1.1642,9.4098
2026-03-14 09:15:35.730,-1.1432,-1.1293,9.4136
2026-03-14 09:15:35.740,-1.0941,-0.6628,10.3888
2026-03-14 09:15:35.750,-0.6892,-0.7802,9.8563
2026-03-14 09:15:35.760,-0.5887,-0.7719,9.8094
2026-03-14 09:15:35.770,-0.3068,0.0409,9.5524
2026-03-14 09:15:35.780,-0.2292,-0.0764,9.7768
2026-03-14 09:15:35.790,-0.0361,0.3302,9.8551
2026-03-14 09:15:35.800,0.4573,0.3626,9.4054
2026-03-14 09:15:35.810,0.4945,0.5969,10.1279
2026-03-14 09:15:35.820,0.4516,0.5369,10.036
2026-03-14 09:15:35.830,0.6873,1.1706,10.231
2026-03-14 09:15:35.840,0.9969,0.9764,10.3554
2026-03-14 09:15:35.850,1.2699,1.1201,10.3163
2026-03-14 09:15:35.860,1.2059,1.115,10.0974
2026-03-14 09:15:35.870,1.4845,,9.817
2026-03-14 09:15:35.880,1.5318,1.0129,9.633
2026-03-14 09:15:35.890,1.2942,0.9644,9.8396
2026-03-14 09:15:35.900,1.4462,0.5897,9.6376
2026-03-14 09:15:35.910,1.0289,0.2881,9.7725
2026-03-14 09:15:35.920,1.0582,0.4729,9.8553
2026-03-14 09:15:35.930,1.2786,,10.0981
2026-03-14 09:15:35.940,1.295,0.1977,9.9506
2026-03-14 09:15:35.950,1.0188,0.1284,9.6391
2026-03-14 09:15:35.960,0.9289,-0.0214,9.5403
2026-03-14 09:15:35.970,1.1866,-0.2006,9.2083
2026-03-14 09:15:35.980,0.813,-0.1301,9.6338
2026-03-14 09:15:35.990,0.6724,-0.1032,9.6609
2026-03-14 09:15:36.000,0.8766,0.1254,9.5429
2026-03-14 09:15:36.010,0.6887,0.173,9.7414
2026-03-14 09:15:36.020,0.6577,0.0304,9.9079
2026-03-14 09:15:36.030,0.3129,0.0019,10.0024
2026-03-14 09:15:36.040,0.1502,0.3225,9.7745
2026-03-14 09:15:36.050,-0.0724,0.1624,9.9375
2026-03-14 09:15:36.060,-0.3523,0.2687,9.4207
2026-03-14 09:15:36.070,,0.3344,9.504
2026-03-14 09:15:36.080,-0.0669,0.1448,9.6909
2026-03-14 09:15:36.090,-0.3281,0.1232,10.1767
2026-03-14 09:15:36.100,-0.6099,0.3575,10.6563
2026-03-14 09:15:36.110,-1.0781,0.3522,10.4098
2026-03-14 09:15:36.120,-0.6326,-0.1072,10.4062
2026-03-14 09:15:36.130,-1.0377,-0.371,9.9276
2026-03-14 09:15:36.140,-1.3254,-0.2417,9.7413
2026-03-14 09:15:36.150,-1.3652,-0.4275,9.5551
2026-03-14 09:15:36.160,-1.3759,-0.5223,9.5563
2026-03-14 09:15:36.170,-1.4952,-0.5803,9.7838
2026-03-14 09:15:36.180,-1.3975,-0.796,9.8031
2026-03-14 09:15:36.190,-1.7146,-0.9409,9.4522
2026-03-14 09:15:36.200,-1.7116,-1.3105,9.9365
2026-03-14 09:15:36.210,-1.5196,-1.1497,9.6574
2026-03-14 09:15:36.220,-1.1692,-1.0702,9.7732
2026-03-14 09:15:36.230,-1.1939,-1.2912,9.9003
2026-03-14 09:15:36.240,-1.2197,-1.1984,9.3351
2026-03-14 09:15:36.250,-1.1578,-0.9616,9.1635
2026-03-14 09:15:36.260,-0.9156,-1.0425,9.5396
2026-03-14 09:15:36.270,-0.6219,-1.1036,9.841
2026-03-14 09:15:36.280,-0.4799,-0.4224,9.8557
2026-03-14 09:15:36.290,-0.3526,-0.3735,9.8801
2026-03-14 09:15:36.300,-0.2796,-0.0016,9.8878
2026-03-14 09:15:36.310,-0.1053,-0.0575,10.2757
2026-03-14 09:15:36.320,0.1096,,9.9058
2026-03-14 09:15:36.330,0.2913,0.6074,9.524
2026-03-14 09:15:36.340,0.5903,0.7826,9.6906
2026-03-14 09:15:36.350,0.6513,0.8447,9.6308
2026-03-14 09:15:36.360,0.8755,0.9783,10.2569
2026-03-14 09:15:36.370,0.8214,1.08,10.2094
2026-03-14 09:15:36.380,0.994,1.0708,10.5739
2026-03-14 09:15:36.390,1.3493,1.1238,10.0885
2026-03-14 09:15:36.400,1.5839,0.9366,10.0804
2026-03-14 09:15:36.410,1.1099,0.5975,10.0107
2026-03-14 09:15:36.420,1.0808,0.8063,9.4751
2026-03-14 09:15:36.430,1.3797,0.682,9.7439
2026-03-14 09:15:36.440,1.3471,0.7553,9.616
2026-03-14 09:15:36.450,1.4526,0.3903,9.5438
2026-03-14 09:15:36.460,1.3872,0.4135,9.6803
2026-03-14 09:15:36.470,1.1235,0.2398,9.7747
2026-03-14 09:15:36.480,1.4927,0.1418,9.6344
2026-03-14 09:15:36.490,1.052,0.2033,9.5717
2026-03-14 09:15:36.500,1.0441,0.3337,9.4809
2026-03-14 09:15:36.510,0.7536,0.0269,9.347
2026-03-14 09:15:36.520,0.5537,-0.2799,9.3548
2026-03-14 09:15:36.530,0.6561,0.1349,9.1857
2026-03-14 09:15:36.540,0.6464,0.2455,9.6967
2026-03-14 09:15:36.550,0.4156,0.0036,9.6296
2026-03-14 09:15:36.560,0.1455,0.2329,9.9661
2026-03-14 09:15:36.570,0.0289,0.1251,9.7743
2026-03-14 09:15:36.580,0.0382,0.5273,10.0569
2026-03-14 09:15:36.590,-0.2846,0.3608,9.7421
2026-03-14 09:15:36.600,-0.0784,0.4272,9.9857
2026-03-14 09:15:36.610,-0.3283,0.1858,9.9756
2026-03-14 09:15:36.620,-0.4258,0.4003,9.6147
2026-03-14 09:15:36.630,-0.4897,0.4055,9.7873
2026-03-14 09:15:36.640,-0.7674,-0.0971,10.3063
2026-03-14 09:15:36.650,-0.9779,0.0022,10.317
2026-03-14 09:15:36.660,-1.3538,0.1552,10.2232
2026-03-14 09:15:36.670,-1.0462,-0.2917,9.7157
2026-03-14 09:15:36.680,-0.9147,-0.4202,9.5426
2026-03-14 09:15:36.690,-1.4518,-0.6365,9.1407
2026-03-14 09:15:36.700,-1.2241,-0.8562,9.7753
2026-03-14 09:15:36.710,-1.4944,-1.1352,9.6391
2026-03-14 09:15:36.720,-1.773,-0.9824,9.6931
2026-03-14 09:15:36.730,-1.4514,,9.6355
2026-03-14 09:15:36.740,-1.5116,-1.3701,10.2097
2026-03-14 09:15:36.750,-1.4492,-1.2736,9.9597
2026-03-14 09:15:36.760,-1.1405,-1.202,9.4709
2026-03-14 09:15:36.770,-1.1986,-1.0545,9.5779
2026-03-14 09:15:36.780,-0.8593,-0.9523,9.5725
2026-03-14 09:15:36.790,-0.9445,-1.0741,9.3273
2026-03-14 09:15:36.800,-0.9164,-0.517,9.2092
2026-03-14 09:15:36.810,-0.7061,-0.5425,9.8764
2026-03-14 09:15:36.820,-0.7064,-0.3158,10.1111
2026-03-14 09:15:36.830,-0.2709,0.1647,9.9729
2026-03-14 09:15:36.840,-0.1177,0.048,10.2027
2026-03-14 09:15:36.850,0.1639,0.4804,10.2832
2026-03-14 09:15:36.860,0.3032,0.563,10.0475
2026-03-14 09:15:36.870,0.5728,0.8736,9.9123
2026-03-14 09:15:36.880,0.7019,0.8944,9.532
2026-03-14 09:15:36.890,1.1939,0.9933,9.5987
2026-03-14 09:15:36.900,0.9863,1.1024,10.2485
2026-03-14 09:15:36.910,1.2674,0.8969,10.1941
2026-03-14 09:15:36.920,1.2162,1.0042,10.3436
2026-03-14 09:15:36.930,1.5053,0.5693,10.0729
2026-03-14 09:15:36.940,1.4822,0.867,10.6125
2026-03-14 09:15:36.950,1.4028,0.4846,9.874
2026-03-14 09:15:36.960,1.3315,0.8092,9.4395
2026-03-14 09:15:36.970,1.2785,0.3199,9.1314
2026-03-14 09:15:36.980,1.3146,0.358,9.4358
2026-03-14 09:15:36.990,1.2846,0.1932,8.9943
2026-03-14 09:15:37.000,1.0453,-0.1518,9.6654
2026-03-14 09:15:37.010,0.9932,0.152,9.6902
2026-03-14 09:15:37.020,1.0662,-0.2566,10.1185
2026-03-14 09:15:37.030,1.1731,-0.0358,9.5741
2026-03-14 09:15:37.040,0.8158,-0.2727,
2026-03-14 09:15:37.050,0.8914,-0.3015,9.5375
2026-03-14 09:15:37.060,0.5576,0.2397,9.1271
2026-03-14 09:15:37.070,0.5542,-0.1194,9.5356
2026-03-14 09:15:37.080,0.1625,,9.6821
2026-03-14 09:15:37.090,0.2374,-0.0683,9.7023
2026-03-14 09:15:37.100,0.1122,0.2879,10.2209
2026-03-14 09:15:37.110,-0.0234,0.2677,10.2963
2026-03-14 09:15:37.120,-0.1006,0.3626,10.1426
2026-03-14 09:15:37.130,-0.1437,0.6103,10.2794
2026-03-14 09:15:37.140,-0.6035,0.2247,9.9616
2026-03-14 09:15:37.150,-0.4517,0.2132,9.7563
2026-03-14 09:15:37.160,-0.7523,-0.08,9.5194
2026-03-14 09:15:37.170,-0.8146,0.1783,9.7707
2026-03-14 09:15:37.180,-0.8789,-0.1657,10.1869
2026-03-14 09:15:37.190,-0.9644,0.0441,10.1676
2026-03-14 09:15:37.200,-1.5672,-0.2356,9.8348
2026-03-14 09:15:37.210,-1.2223,-0.6332,10.2979
2026-03-14 09:15:37.220,-1.1117,-0.7671,9.6908
2026-03-14 09:15:37.230,-1.6907,-0.8964,9.6483
2026-03-14 09:15:37.240,-1.6516,-0.7004,9.4231
2026-03-14 09:15:37.250,-1.1196,-1.0634,9.3347
2026-03-14 09:15:37.260,-1.4275,-1.4063,9.4443
2026-03-14 09:15:37.270,-1.4424,-0.8954,9.5138
2026-03-14 09:15:37.280,-1.4437,,9.6196
2026-03-14 09:15:37.290,-1.2777,-1.1716,9.7895
2026-03-14 09:15:37.300,-1.4045,-1.3506,10.0394
2026-03-14 09:15:37.310,-1.0956,-1.114,9.9355
2026-03-14 09:15:37.320,-0.844,-0.7566,9.5506
2026-03-14 09:15:37.330,-0.961,-0.4324,9.5823
2026-03-14 09:15:37.340,-0.4151,-0.3192,
2026-03-14 09:15:37.350,-0.3503,-0.3112,9.4997
2026-03-14 09:15:37.360,-0.2965,0.2039,9.6598
2026-03-14 09:15:37.370,0.3542,0.4891,10.0346
2026-03-14 09:15:37.380,0.383,0.2458,10.2448
2026-03-14 09:15:37.390,0.6892,0.701,10.3525
2026-03-14 09:15:37.400,,0.7125,10.3557
2026-03-14 09:15:37.410,0.6668,1.0539,9.9773
2026-03-14 09:15:37.420,0.9552,0.9752,9.9936
2026-03-14 09:15:37.430,1.3613,1.0528,9.7069
2026-03-14 09:15:37.440,1.113,1.0803,9.8635
2026-03-14 09:15:37.450,1.411,1.3166,9.7102
2026-03-14 09:15:37.460,1.1413,1.1338,10.2083
2026-03-14 09:15:37.470,1.2979,0.8521,10.2024
2026-03-14 09:15:37.480,1.4382,0.7217,10.2037
2026-03-14 09:15:37.490,1.3084,0.5444,9.8489
2026-03-14 09:15:37.500,1.2859,0.5632,9.5292
2026-03-14 09:15:37.510,1.3866,0.1943,9.4258
2026-03-14 09:15:37.520,0.9522,0.5332,9.0409
2026-03-14 09:15:37.530,1.2615,0.3204,9.3983
2026-03-14 09:15:37.540,1.2269,0.1014,9.851
2026-03-14 09:15:37.550,0.9756,0.1825,9.1377
2026-03-14 09:15:37.560,1.0464,-0.2516,9.6791
2026-03-14 09:15:37.570,0.7874,-0.0999,9.647
2026-03-14 09:15:37.580,0.9342,-0.1385,10.1573
2026-03-14 09:15:37.590,0.579,0.0225,9.922
2026-03-14 09:15:37.600,0.4769,-0.1063,9.5773
2026-03-14 09:15:37.610,0.2413,0.0726,9.687
2026-03-14 09:15:37.620,0.1381,0.4472,9.5171
2026-03-14 09:15:37.630,0.0217,0.1484,9.9243
2026-03-14 09:15:37.640,-0.0327,0.2029,9.9866
2026-03-14 09:15:37.650,-0.0486,0.3712,10.0441
2026-03-14 09:15:37.660,-0.2357,0.4718,10.2
2026-03-14 09:15:37.670,-0.3434,0.1726,10.2394
2026-03-14 09:15:37.680,-0.3622,-0.1466,9.9434
2026-03-14 09:15:37.690,-0.7374,-0.0975,9.5709
2026-03-14 09:15:37.700,-0.9584,0.4432,9.6314
2026-03-14 09:15:37.710,-1.0238,-0.1032,9.4602
2026-03-14 09:15:37.720,,-0.1622,9.6847
2026-03-14 09:15:37.730,-1.1581,-0.3965,10.0875
2026-03-14 09:15:37.740,-1.4904,-0.3478,9.9664
2026-03-14 09:15:37.750,-1.1737,-0.6914,10.2987
2026-03-14 09:15:37.760,-1.468,-0.8861,9.8149
2026-03-14 09:15:37.770,-1.5893,-0.8089,9.7005
2026-03-14 09:15:37.780,-1.5735,-1.0911,9.5001
2026-03-14 09:15:37.790,-1.4773,-1.2642,9.3911
2026-03-14 09:15:37.800,-1.2871,-1.3246,9.192
2026-03-14 09:15:37.810,-1.2226,-1.3612,9.6917
2026-03-14 09:15:37.820,-1.5267,-1.2763,9.6455
2026-03-14 09:15:37.830,-0.9637,-1.0081,9.972
2026-03-14 09:15:37.840,-1.1328,-1.0883,9.6707
2026-03-14 09:15:37.850,-0.6666,-0.8185,10.146
2026-03-14 09:15:37.860,-0.5768,-0.5929,9.9531
2026-03-14 09:15:37.870,-0.4976,-0.3461,9.9486
2026-03-14 09:15:37.880,-0.1657,0.0764,9.3995
2026-03-14 09:15:37.890,-0.0744,0.0197,9.801
2026-03-14 09:15:37.900,0.1338,0.2949,9.8016
2026-03-14 09:15:37.910,0.6535,0.7224,9.92
2026-03-14 09:15:37.920,0.4906,0.6923,10.3375
2026-03-14 09:15:37.930,1.1418,0.7062,10.2244
2026-03-14 09:15:37.940,1.0322,1.1359,10.3718
2026-03-14 09:15:37.950,1.1438,0.7929,10.2926
2026-03-14 09:15:37.960,1.2384,1.1363,10.4507
2026-03-14 09:15:37.970,0.8753,1.2686,10.225
2026-03-14 09:15:37.980,1.2804,0.7923,9.9529
2026-03-14 09:15:37.990,1.4164,0.9581,9.9834
2026-03-14 09:15:38.000,1.4555,0.8588,10.2181
2026-03-14 09:15:38.010,1.3849,0.8504,10.1245
2026-03-14 09:15:38.020,1.4697,0.3338,10.1787
2026-03-14 09:15:38.030,1.353,0.4662,9.9174
2026-03-14 09:15:38.040,1.3081,0.4295,10.0291
2026-03-14 09:15:38.050,,0.1792,9.1922
2026-03-14 09:15:38.060,1.0093,-0.2196,9.2491
2026-03-14 09:15:38.070,0.7983,-0.0476,9.3852
2026-03-14 09:15:38.080,0.9469,0.1105,9.2368
2026-03-14 09:15:38.090,0.7574,-0.0884,9.9491
2026-03-14 09:15:38.100,0.4358,0.0188,9.5505
2026-03-14 09:15:38.110,0.7144,-0.0465,9.9251
2026-03-14 09:15:38.120,0.7666,0.0213,9.8727
2026-03-14 09:15:38.130,0.4205,0.2136,9.8396
2026-03-14 09:15:38.140,0.2259,0.3671,9.5386
2026-03-14 09:15:38.150,0.2658,0.146,9.7538
2026-03-14 09:15:38.160,-0.1078,0.1509,9.4048
2026-03-14 09:15:38.170,-0.1162,0.2986,9.4273
2026-03-14 09:15:38.180,-0.3288,0.4369,9.7284
2026-03-14 09:15:38.190,-0.3086,0.2101,10.1731
2026-03-14 09:15:38.200,-0.4132,0.1995,10.4104
2026-03-14 09:15:38.210,-0.7066,0.5271,10.0693
2026-03-14 09:15:38.220,-0.8434,-0.0334,10.0189
2026-03-14 09:15:38.230,-0.8826,0.3623,10.2084
2026-03-14 09:15:38.240,-1.2115,-0.1615,10.0258
2026-03-14 09:15:38.250,-1.565,-0.2789,9.584
2026-03-14 09:15:38.260,-0.9902,-0.5647,9.718
2026-03-14 09:15:38.270,-1.1767,-0.8809,10.0589
2026-03-14 09:15:38.280,-1.3573,-0.6941,9.9711
2026-03-14 09:15:38.290,-1.4012,-0.8414,10.0007
2026-03-14 09:15:38.300,-1.7361,-1.1301,10.239
2026-03-14 09:15:38.310,-1.4614,-1.3408,9.5769
2026-03-14 09:15:38.320,-1.4197,-1.3225,9.2487
2026-03-14 09:15:38.330,-1.2961,-1.3507,9.4072
2026-03-14 09:15:38.340,-1.2192,-1.398,
2026-03-14 09:15:38.350,-1.1438,-1.3804,9.387
2026-03-14 09:15:38.360,-0.8678,-0.5799,
2026-03-14 09:15:38.370,-0.6941,-0.8093,9.9391
2026-03-14 09:15:38.380,-0.7266,-0.3887,9.8309
2026-03-14 09:15:38.390,-0.6064,-0.3442,9.9716
2026-03-14 09:15:38.400,-0.4125,-0.2251,9.8694
2026-03-14 09:15:38.410,-0.1973,-0.0674,9.989
2026-03-14 09:15:38.420,-0.1147,0.1334,9.6812
2026-03-14 09:15:38.430,0.243,0.5432,9.8096
2026-03-14 09:15:38.440,0.4399,0.736,9.7783
2026-03-14 09:15:38.450,0.5007,0.8837,10.3228
2026-03-14 09:15:38.460,0.9263,0.8433,10.2287
2026-03-14 09:15:38.470,0.9476,0.9483,9.9549
2026-03-14 09:15:38.480,1.0179,1.0033,10.1949
2026-03-14 09:15:38.490,1.171,1.2166,
2026-03-14 09:15:38.500,1.1253,0.9897,10.2553
2026-03-14 09:15:38.510,1.3454,0.6848,9.9686
2026-03-14 09:15:38.520,1.3173,1.0101,9.6143
2026-03-14 09:15:38.530,1.3683,1.0211,9.8018
2026-03-14 09:15:38.540,1.4493,0.6025,10.1681
2026-03-14 09:15:38.550,1.2893,0.3547,10.0242
2026-03-14 09:15:38.560,1.2654,0.355,10.0937
2026-03-14 09:15:38.570,1.13,0.2286,9.946
2026-03-14 09:15:38.580,1.1821,0.4004,9.7482
2026-03-14 09:15:38.590,0.888,0.1899,9.3209
2026-03-14 09:15:38.600,0.9721,0.0665,9.3151
2026-03-14 09:15:38.610,0.9662,0.128,9.1419
2026-03-14 09:15:38.620,0.5553,0.0403,9.2327
2026-03-14 09:15:38.630,0.506,0.0485,9.3654
2026-03-14 09:15:38.640,0.7877,0.0739,9.6379
2026-03-14 09:15:38.650,0.3023,0.1436,10.1788
2026-03-14 09:15:38.660,-0.0618,0.0075,10.3665
2026-03-14 09:15:38.670,0.2301,0.1677,9.9273
2026-03-14 09:15:38.680,0.3536,0.0149,9.8437
2026-03-14 09:15:38.690,-0.1529,0.0537,9.8335
2026-03-14 09:15:38.700,-0.0386,0.0682,9.8148
2026-03-14 09:15:38.710,-0.293,0.5377,9.96
2026-03-14 09:15:38.720,-0.4109,0.4569,
2026-03-14 09:15:38.730,-0.4184,0.4476,9.8763
2026-03-14 09:15:38.740,-0.8303,0.1028,10.2349
2026-03-14 09:15:38.750,-0.9332,0.1304,10.2497
2026-03-14 09:15:38.760,-0.8245,-0.1159,10.2397
2026-03-14 09:15:38.770,-1.328,0.0271,10.044
2026-03-14 09:15:38.780,-1.2351,-0.6349,9.8475
2026-03-14 09:15:38.790,-1.0858,-0.4329,9.9103
2026-03-14 09:15:38.800,-1.0862,-0.8832,8.9616
2026-03-14 09:15:38.810,-1.5216,-0.8883,9.9167
2026-03-14 09:15:38.820,-1.1975,-0.7362,9.9014
2026-03-14 09:15:38.830,-1.3508,-1.0317,9.8391
2026-03-14 09:15:38.840,-1.5937,-1.2285,9.9139
2026-03-14 09:15:38.850,-1.3166,-1.2255,9.679
2026-03-14 09:15:38.860,-1.3657,-0.9819,9.8755
2026-03-14 09:15:38.870,-1.1965,-1.0167,9.6908
2026-03-14 09:15:38.880,-1.1898,-0.8374,9.3811
2026-03-14 09:15:38.890,-1.2946,-0.8969,9.5841
2026-03-14 09:15:38.900,-0.912,-0.7439,9.6263
2026-03-14 09:15:38.910,-0.7401,-0.2386,9.6886
2026-03-14 09:15:38.920,-0.4598,-0.3805,9.9627
2026-03-14 09:15:38.930,0.0499,-0.0456,9.9991
2026-03-14 09:15:38.940,-0.0573,-0.1515,9.996
2026-03-14 09:15:38.950,0.2399,0.3274,10.0224
2026-03-14 09:15:38.960,0.4149,0.5534,9.6804
2026-03-14 09:15:38.970,0.6926,0.4689,9.8472
2026-03-14 09:15:38.980,,0.8135,9.4362
2026-03-14 09:15:38.990,0.6926,0.8371,9.8699
2026-03-14 09:15:39.000,0.8747,0.9491,9.6386
2026-03-14 09:15:39.010,1.1394,1.04,10.0135
2026-03-14 09:15:39.020,1.054,0.8679,10.311
2026-03-14 09:15:39.030,1.2687,0.8835,10.2978
2026-03-14 09:15:39.040,1.3511,0.8158,9.9972
2026-03-14 09:15:39.050,1.4768,0.8138,9.5417
2026-03-14 09:15:39.060,1.4917,0.7321,9.5902
2026-03-14 09:15:39.070,1.2261,0.741,9.5869
2026-03-14 09:15:39.080,1.4746,0.6647,9.2206
2026-03-14 09:15:39.090,1.2972,0.4408,9.7713
2026-03-14 09:15:39.100,1.1419,0.0692,9.6007
2026-03-14 09:15:39.110,1.1871,0.2198,9.8598
2026-03-14 09:15:39.120,0.993,0.3565,9.7615
2026-03-14 09:15:39.130,0.9444,-0.1419,9.5568
2026-03-14 09:15:39.140,0.6951,-0.0263,9.6338
2026-03-14 09:15:39.150,0.7922,-0.1176,9.7346
2026-03-14 09:15:39.160,0.5693,-0.012,9.6273
2026-03-14 09:15:39.170,0.3803,0.1743,9.3878
2026-03-14 09:15:39.180,0.2463,0.018,9.7826
2026-03-14 09:15:39.190,0.4857,0.2456,9.9545
2026-03-14 09:15:39.200,0.0234,0.111,9.9657
2026-03-14 09:15:39.210,0.0661,0.3955,10.0008
2026-03-14 09:15:39.220,-0.1383,0.237,10.2208
2026-03-14 09:15:39.230,-0.1764,0.274,10.1413
2026-03-14 09:15:39.240,-0.3278,0.3212,9.9291
2026-03-14 09:15:39.250,-0.6789,0.39,9.5816
2026-03-14 09:15:39.260,-0.788,0.2223,9.6101
2026-03-14 09:15:39.270,-0.7664,0.0552,10.163
2026-03-14 09:15:39.280,-1.0954,0.1925,10.0404
2026-03-14 09:15:39.290,-1.0178,-0.1409,10.1042
2026-03-14 09:15:39.300,-1.2316,-0.1767,10.2753
2026-03-14 09:15:39.310,-1.3266,-0.6185,9.7305
2026-03-14 09:15:39.320,-1.1715,-0.3793,10.3058
2026-03-14 09:15:39.330,-1.2376,-0.9033,9.465
2026-03-14 09:15:39.340,-1.3818,-0.728,9.3073
2026-03-14 09:15:39.350,-1.5405,-1.1239,9.5406
2026-03-14 09:15:39.360,-1.5213,-1.2476,9.1915
2026-03-14 09:15:39.370,-1.2965,-1.1906,9.2194
2026-03-14 09:15:39.380,-1.6367,-1.385,9.9098
2026-03-14 09:15:39.390,-1.3745,-0.9575,9.7564
2026-03-14 09:15:39.400,-1.0768,-1.0629,9.803
2026-03-14 09:15:39.410,-0.9863,-0.9332,9.8467
2026-03-14 09:15:39.420,-0.8884,-0.8992,9.3488
2026-03-14 09:15:39.430,-1.0221,-0.6116,9.5461
2026-03-14 09:15:39.440,-0.6571,-0.6876,9.0679
2026-03-14 09:15:39.450,-0.4729,,9.4847
2026-03-14 09:15:39.460,-0.3673,-0.0508,9.8551
2026-03-14 09:15:39.470,-0.0221,-0.1305,10.4455
2026-03-14 09:15:39.480,0.2642,0.0345,10.1236
2026-03-14 09:15:39.490,0.3514,0.5612,10.0997
2026-03-14 09:15:39.500,0.7344,0.8889,10.0522
2026-03-14 09:15:39.510,0.8738,1.0141,9.9023
2026-03-14 09:15:39.520,0.7375,0.9842,9.5464
2026-03-14 09:15:39.530,1.0199,0.9726,9.6318
2026-03-14 09:15:39.540,1.0208,1.1528,9.8812
2026-03-14 09:15:39.550,1.2414,0.9941,10.3955
2026-03-14 09:15:39.560,1.4776,0.8393,10.2186
2026-03-14 09:15:39.570,1.1094,0.7076,10.1592
2026-03-14 09:15:39.580,1.2129,0.8427,10.0159
2026-03-14 09:15:39.590,1.2371,0.5784,10.21
2026-03-14 09:15:39.600,1.2176,0.3979,9.1703
2026-03-14 09:15:39.610,1.3948,0.6058,9.4785
2026-03-14 09:15:39.620,1.3388,0.3677,9.4621
2026-03-14 09:15:39.630,1.3483,0.1457,9.3766
2026-03-14 09:15:39.640,0.9753,0.0499,9.6819
2026-03-14 09:15:39.650,1.438,0.136,10.0637
2026-03-14 09:15:39.660,0.9993,0.0513,9.7735
2026-03-14 09:15:39.670,0.8267,0.2491,9.9467
2026-03-14 09:15:39.680,0.6684,0.2606,9.3488
2026-03-14 09:15:39.690,0.8939,0.0897,9.2504
2026-03-14 09:15:39.700,0.6312,0.0583,9.6776
2026-03-14 09:15:39.710,0.4063,0.1691,9.3355
2026-03-14 09:15:39.720,0.463,0.0475,9.4772
2026-03-14 09:15:39.730,0.0866,0.401,9.898
2026-03-14 09:15:39.740,0.1708,0.4403,10.0684
2026-03-14 09:15:39.750,-0.088,0.3216,10.0334
2026-03-14 09:15:39.760,-0.3733,0.211,9.9996
2026-03-14 09:15:39.770,-0.2832,0.1095,9.9809
2026-03-14 09:15:39.780,-0.8072,0.1225,9.9452
2026-03-14 09:15:39.790,-0.4905,0.3104,9.8216
2026-03-14 09:15:39.800,-0.8296,-0.2105,10.1446
2026-03-14 09:15:39.810,-0.8427,-0.3136,10.0258
2026-03-14 09:15:39.820,-1.1521,-0.3637,9.7491
2026-03-14 09:15:39.830,-1.1608,0.0681,9.9363
2026-03-14 09:15:39.840,-1.435,-0.1577,10.0115
2026-03-14 09:15:39.850,-1.2893,-0.8485,10.3106
2026-03-14 09:15:39.860,-1.4014,-1.1861,9.8226
2026-03-14 09:15:39.870,-1.5572,-1.1684,9.7149
2026-03-14 09:15:39.880,-1.4593,-0.9224,9.4843
2026-03-14 09:15:39.890,-1.5761,-1.367,9.6057
2026-03-14 09:15:39.900,-1.2629,-1.2071,9.5606
2026-03-14 09:15:39.910,-1.2226,-0.9595,9.7865
2026-03-14 09:15:39.920,-1.1557,-1.0944,9.6534
2026-03-14 09:15:39.930,-1.0191,-1.1948,9.8613
2026-03-14 09:15:39.940,-0.9451,-1.0467,9.7676
2026-03-14 09:15:39.950,-0.7978,-0.757,9.6947
2026-03-14 09:15:39.960,-0.8866,-0.6099,9.7006
2026-03-14 09:15:39.970,-0.2998,-0.5765,9.5119
2026-03-14 09:15:39.980,-0.3966,-0.0979,9.7356
2026-03-14 09:15:39.990,-0.1014,,9.8448
2026-03-14 09:15:40.000,-0.2233,0.084,9.6701
2026-03-14 09:15:40.010,0.4024,0.2418,10.1622
2026-03-14 09:15:40.020,0.3512,0.6099,10.2211
2026-03-14 09:15:40.030,0.6725,0.6931,10.1692
2026-03-14 09:15:40.040,,0.7502,10.0319
2026-03-14 09:15:40.050,1.1227,,10.1541
2026-03-14 09:15:40.060,1.2532,0.9018,10.0743
2026-03-14 09:15:40.070,1.4766,0.908,9.9115
2026-03-14 09:15:40.080,1.3519,0.9223,10.332
2026-03-14 09:15:40.090,1.4869,0.5931,10.2206
2026-03-14 09:15:40.100,1.2939,0.6973,
2026-03-14 09:15:40.110,1.4433,0.7019,10.0943
2026-03-14 09:15:40.120,1.5315,0.904,10.1491
2026-03-14 09:15:40.130,1.1458,0.364,9.4564
2026-03-14 09:15:40.140,1.5302,0.3803,9.9521
2026-03-14 09:15:40.150,1.0911,0.3976,9.2769
2026-03-14 09:15:40.160,1.2784,0.1765,9.2303
2026-03-14 09:15:40.170,1.028,0.0201,9.592
2026-03-14 09:15:40.180,0.8554,-0.4067,9.6208
2026-03-14 09:15:40.190,1.201,-0.046,9.7673
2026-03-14 09:15:40.200,0.7718,-0.2608,9.6983
2026-03-14 09:15:40.210,0.9279,-0.2645,
2026-03-14 09:15:40.220,0.596,0.4432,10.0096
2026-03-14 09:15:40.230,0.2921,-0.2484,9.7915
2026-03-14 09:15:40.240,0.1531,-0.0383,9.5379
2026-03-14 09:15:40.250,0.4149,,9.4287
2026-03-14 09:15:40.260,-0.0537,0.0473,9.8311
2026-03-14 09:15:40.270,,0.1657,9.7553
2026-03-14 09:15:40.280,0.0726,0.5917,9.8188
2026-03-14 09:15:40.290,-0.21,0.2471,10.098
2026-03-14 09:15:40.300,-0.5099,0.1331,10.366
2026-03-14 09:15:40.310,-0.5566,0.2856,10.2061
2026-03-14 09:15:40.320,-0.7964,-0.0727,9.8735
2026-03-14 09:15:40.330,-0.6285,0.0054,10.1047
2026-03-14 09:15:40.340,-1.3459,-0.154,9.9911
2026-03-14 09:15:40.350,-0.9715,-0.369,10.0873
2026-03-14 09:15:40.360,-1.2874,-0.6351,10.0337
2026-03-14 09:15:40.370,-1.428,-0.6074,9.7907
2026-03-14 09:15:40.380,-1.286,-0.6648,10.0916
2026-03-14 09:15:40.390,-1.2468,-0.847,10.0005
2026-03-14 09:15:40.400,-1.5,-1.0525,9.7863
2026-03-14 09:15:40.410,-1.4551,-0.7707,9.869
2026-03-14 09:15:40.420,-1.2493,-1.0607,9.6927
2026-03-14 09:15:40.430,-1.6009,-1.3179,9.3811
2026-03-14 09:15:40.440,-1.459,-1.2087,9.3673
2026-03-14 09:15:40.450,-1.3005,-0.974,9.4216
2026-03-14 09:15:40.460,-1.0302,-1.1015,9.855
2026-03-14 09:15:40.470,-0.8051,-0.9598,9.9951
2026-03-14 09:15:40.480,-0.9571,-0.7665,10.121
2026-03-14 09:15:40.490,-0.4771,-0.4666,9.9195
2026-03-14 09:15:40.500,-0.2986,-0.1362,9.3702
2026-03-14 09:15:40.510,-0.0894,-0.263,9.8471
2026-03-14 09:15:40.520,-0.0441,0.0148,9.6291
2026-03-14 09:15:40.530,-0.0507,0.2356,9.8183
2026-03-14 09:15:40.540,0.6291,0.4386,10.1151
2026-03-14 09:15:40.550,0.3284,0.5934,9.9798
2026-03-14 09:15:40.560,0.8615,0.793,10.4053
2026-03-14 09:15:40.570,0.8452,0.7467,10.1409
2026-03-14 09:15:40.580,1.1804,0.9841,10.0946
2026-03-14 09:15:40.590,1.2573,0.9801,9.718
2026-03-14 09:15:40.600,1.4145,1.0085,10.0073
2026-03-14 09:15:40.610,1.5913,0.8747,9.6571
2026-03-14 09:15:40.620,1.3095,1.0006,9.7639
2026-03-14 09:15:40.630,1.4343,0.8819,9.8751
2026-03-14 09:15:40.640,1.2631,0.6493,9.9838
2026-03-14 09:15:40.650,1.2791,0.8867,9.7308
2026-03-14 09:15:40.660,1.2733,0.0991,10.0623
2026-03-14 09:15:40.670,1.2365,0.4001,10.1714
2026-03-14 09:15:40.680,1.207,0.1801,9.6425
2026-03-14 09:15:40.690,0.9441,0.1324,9.9675
2026-03-14 09:15:40.700,0.8927,0.1285,9.3282
2026-03-14 09:15:40.710,0.9599,-0.294,9.3595
2026-03-14 09:15:40.720,0.9546,0.057,9.5335
2026-03-14 09:15:40.730,0.7777,-0.1603,9.6717
2026-03-14 09:15:40.740,0.9406,0.0543,10.2236
2026-03-14 09:15:40.750,0.6146,0.0937,9.9188
2026-03-14 09:15:40.760,0.1632,0.1745,10.0794
2026-03-14 09:15:40.770,0.3873,0.2883,10.2514
2026-03-14 09:15:40.780,0.3559,0.3249,9.668
2026-03-14 09:15:40.790,0.0199,0.0888,9.6721
2026-03-14 09:15:40.800,-0.1293,0.1058,9.9513
2026-03-14 09:15:40.810,-0.1958,0.4442,10.3087
2026-03-14 09:15:40.820,-0.3919,0.1745,10.1933
2026-03-14 09:15:40.830,-0.6427,0.3263,10.401
2026-03-14 09:15:40.840,-0.6602,0.0425,10.4045
2026-03-14 09:15:40.850,-0.8836,0.127,10.2002
2026-03-14 09:15:40.860,-0.8085,-0.0016,10.3638
2026-03-14 09:15:40.870,-1.1427,-0.101,10.1964
2026-03-14 09:15:40.880,-1.0647,-0.1145,9.5505
2026-03-14 09:15:40.890,-1.277,-0.4147,9.6526
2026-03-14 09:15:40.900,-1.236,-0.5674,9.8736
2026-03-14 09:15:40.910,-1.5854,-0.7881,9.5419
2026-03-14 09:15:40.920,-1.4561,-0.7046,9.7986
2026-03-14 09:15:40.930,-1.3801,-0.6257,9.815
2026-03-14 09:15:40.940,-1.8078,-1.1117,9.6774
2026-03-14 09:15:40.950,-1.4351,-1.2823,9.545
2026-03-14 09:15:40.960,-1.4176,-1.1571,9.6035
2026-03-14 09:15:40.970,-1.3003,-1.0371,9.4353
2026-03-14 09:15:40.980,-1.2896,-1.187,9.3427
2026-03-14 09:15:40.990,-1.2192,-1.0391,9.1077
2026-03-14 09:15:41.000,-0.9229,-0.6138,9.8179
2026-03-14 09:15:41.010,-0.8578,-0.9499,10.0557
2026-03-14 09:15:41.020,-0.5651,-0.5125,9.948
2026-03-14 09:15:41.030,-0.2818,-0.2219,10.374
2026-03-14 09:15:41.040,-0.2888,-0.1328,9.8861
2026-03-14 09:15:41.050,-0.1371,-0.099,9.411
2026-03-14 09:15:41.060,0.0942,0.5408,9.8396
2026-03-14 09:15:41.070,0.4371,0.4674,9.6222
2026-03-14 09:15:41.080,0.7027,0.8062,9.8606
2026-03-14 09:15:41.090,0.7869,1.0016,9.87
2026-03-14 09:15:41.100,0.8527,1.1931,10.4038
2026-03-14 09:15:41.110,1.152,1.1783,10.4926
2026-03-14 09:15:41.120,1.0462,1.2443,10.3797
2026-03-14 09:15:41.130,1.4887,0.9744,10.0788
2026-03-14 09:15:41.140,,0.6699,10.0281
2026-03-14 09:15:41.150,1.4628,1.0454,9.7798
2026-03-14 09:15:41.160,1.0595,,
2026-03-14 09:15:41.170,1.5546,0.5328,9.505
2026-03-14 09:15:41.180,1.3741,0.1577,9.5385
2026-03-14 09:15:41.190,1.3484,0.1282,9.5352
2026-03-14 09:15:41.200,1.3207,0.2193,9.8576
2026-03-14 09:15:41.210,1.1495,0.2685,9.7293
2026-03-14 09:15:41.220,1.0292,0.048,9.7144
2026-03-14 09:15:41.230,0.9468,0.0265,9.2226
2026-03-14 09:15:41.240,0.8087,-0.1065,9.3777
2026-03-14 09:15:41.250,0.7941,-0.0053,9.3034
2026-03-14 09:15:41.260,0.3062,0.2536,9.6368
2026-03-14 09:15:41.270,0.8082,-0.1883,9.8552
2026-03-14 09:15:41.280,0.8247,0.1292,10.0605
2026-03-14 09:15:41.290,0.4854,0.1424,9.9443
2026-03-14 09:15:41.300,0.1324,0.0936,10.0288
2026-03-14 09:15:41.310,0.286,0.1395,9.9669
2026-03-14 09:15:41.320,0.2896,0.5401,9.7276
2026-03-14 09:15:41.330,-0.2251,0.0142,9.5478
2026-03-14 09:15:41.340,-0.299,0.6839,9.6874
2026-03-14 09:15:41.350,-0.4084,0.2931,9.8521
2026-03-14 09:15:41.360,-0.5918,0.059,9.8922
2026-03-14 09:15:41.370,,0.0735,10.0378
2026-03-14 09:15:41.380,-0.9125,0.2764,10.1615
2026-03-14 09:15:41.390,-1.0122,0.0176,10.0335
2026-03-14 09:15:41.400,-1.0999,-0.1185,10.1684
2026-03-14 09:15:41.410,-1.3407,-0.2114,10.1682
2026-03-14 09:15:41.420,-1.4296,-0.4024,9.7861
2026-03-14 09:15:41.430,-1.0842,-0.8661,9.3678
2026-03-14 09:15:41.440,-1.3909,-0.8837,9.6394
2026-03-14 09:15:41.450,-1.4603,-0.9894,9.801
2026-03-14 09:15:41.460,-1.3567,-0.805,9.439
2026-03-14 09:15:41.470,-1.2993,-1.164,9.702
2026-03-14 09:15:41.480,-1.3826,-1.3223,9.8874
2026-03-14 09:15:41.490,-1.2382,-1.2535,9.7732
2026-03-14 09:15:41.500,-1.4528,-0.9641,9.7174
2026-03-14 09:15:41.510,-1.0564,-1.2202,9.4839
2026-03-14 09:15:41.520,-1.0865,-0.9858,9.4555
2026-03-14 09:15:41.530,-0.686,-0.6831,9.4132
2026-03-14 09:15:41.540,-0.7489,-0.6637,9.5585
2026-03-14 09:15:41.550,-0.381,-0.3607,9.9721
2026-03-14 09:15:41.560,-0.4899,-0.1915,9.7136
2026-03-14 09:15:41.570,-0.204,0.052,9.9625
2026-03-14 09:15:41.580,0.1357,0.1086,9.8122
2026-03-14 09:15:41.590,0.3384,0.4269,10.0095
2026-03-14 09:15:41.600,0.353,0.6434,9.8465
2026-03-14 09:15:41.610,0.989,0.5831,9.7608
2026-03-14 09:15:41.620,0.8364,1.0335,9.8431
2026-03-14 09:15:41.630,1.1121,1.2517,9.7573
2026-03-14 09:15:41.640,1.1501,1.036,10.1915
2026-03-14 09:15:41.650,1.2227,0.8554,10.3136
2026-03-14 09:15:41.660,1.0612,1.0143,9.9783
2026-03-14 09:15:41.670,1.2647,0.9483,9.9323
2026-03-14 09:15:41.680,1.1425,0.899,9.6476
2026-03-14 09:15:41.690,1.531,0.6218,9.4872
2026-03-14 09:15:41.700,1.4047,0.5462,9.6287
2026-03-14 09:15:41.710,,0.714,9.4783
2026-03-14 09:15:41.720,1.1241,0.3081,9.8089
2026-03-14 09:15:41.730,1.2253,0.4446,9.5719
2026-03-14 09:15:41.740,1.0492,-0.0017,9.7933
2026-03-14 09:15:41.750,1.154,-0.0147,9.7823
2026-03-14 09:15:41.760,1.0014,-0.1665,9.3025
2026-03-14 09:15:41.770,0.8508,0.0612,9.4446
2026-03-14 09:15:41.780,0.9793,0.1148,9.4706
2026-03-14 09:15:41.790,0.6785,0.0498,10.0787
2026-03-14 09:15:41.800,0.4909,-0.1005,9.4679
2026-03-14 09:15:41.810,0.4304,-0.0685,9.7544
2026-03-14 09:15:41.820,0.3113,0.0344,
2026-03-14 09:15:41.830,0.2475,0.1564,9.9975
2026-03-14 09:15:41.840,0.1474,0.1324,10.2958
2026-03-14 09:15:41.850,-0.0926,0.2812,10.077
2026-03-14 09:15:41.860,-0.1892,0.5164,10.2873
2026-03-14 09:15:41.870,-0.2564,0.138,9.8949
2026-03-14 09:15:41.880,-0.4964,0.1161,9.7404
2026-03-14 09:15:41.890,-0.6903,0.4545,9.9054
2026-03-14 09:15:41.900,-0.7556,0.2248,9.7438
2026-03-14 09:15:41.910,-0.7217,-0.0997,10.2293
2026-03-14 09:15:41.920,-1.2257,-0.201,10.3775
2026-03-14 09:15:41.930,-1.2437,-0.2352,10.0562
2026-03-14 09:15:41.940,-0.8962,-0.3195,9.9805
2026-03-14 09:15:41.950,-1.207,-0.6331,9.9398
2026-03-14 09:15:41.960,-1.3728,-0.9007,9.3615
2026-03-14 09:15:41.970,-1.2898,-0.7671,9.3173
2026-03-14 09:15:41.980,-1.4763,-1.1129,9.6509
2026-03-14 09:15:41.990,-1.4673,-1.2284,9.5895
2026-03-14 09:15:42.000,-1.8259,-1.1806,9.872
2026-03-14 09:15:42.010,-1.3624,-1.2859,9.8136
2026-03-14 09:15:42.020,-1.3101,-1.1538,9.8239
2026-03-14 09:15:42.030,-1.2297,-1.1312,9.7739
2026-03-14 09:15:42.040,-1.3062,-1.3619,9.5515
2026-03-14 09:15:42.050,-0.7702,-1.0121,9.4897
2026-03-14 09:15:42.060,-0.8574,-0.665,9.2454
2026-03-14 09:15:42.070,-0.7078,-0.4161,9.471
2026-03-14 09:15:42.080,-0.3937,-0.3017,9.5113
2026-03-14 09:15:42.090,-0.1294,-0.0979,9.9693
2026-03-14 09:15:42.100,-0.3008,0.033,9.6551
2026-03-14 09:15:42.110,0.1844,,10.3595
2026-03-14 09:15:42.120,0.4594,0.7504,10.1721
2026-03-14 09:15:42.130,0.3055,0.7759,9.9934
2026-03-14 09:15:42.140,0.7239,0.7796,9.6389
2026-03-14 09:15:42.150,0.6378,1.1503,9.7314
2026-03-14 09:15:42.160,1.0623,0.9398,10.0349
2026-03-14 09:15:42.170,1.4665,0.8857,9.9113
2026-03-14 09:15:42.180,1.3451,1.1179,10.0306
2026-03-14 09:15:42.190,1.4125,1.0354,10.0159
2026-03-14 09:15:42.200,1.334,1.1471,10.1457
2026-03-14 09:15:42.210,1.414,0.545,10.5329
2026-03-14 09:15:42.220,1.4169,0.913,9.948
2026-03-14 09:15:42.230,1.7477,0.7074,9.2214
2026-03-14 09:15:42.240,1.0404,0.3323,9.6949
2026-03-14 09:15:42.250,1.2284,0.499,9.5779
2026-03-14 09:15:42.260,1.2439,0.1329,9.7135
2026-03-14 09:15:42.270,1.3469,-0.0693,9.1214
2026-03-14 09:15:42.280,0.9684,0.094,9.6821
2026-03-14 09:15:42.290,,-0.0928,10.0363
2026-03-14 09:15:42.300,1.0973,-0.0667,9.9833
2026-03-14 09:15:42.310,0.7193,-0.0185,9.5626
2026-03-14 09:15:42.320,0.6391,-0.3673,9.3696
2026-03-14 09:15:42.330,0.1968,,9.8911
2026-03-14 09:15:42.340,0.5708,0.1066,9.715
2026-03-14 09:15:42.350,0.4764,0.294,
2026-03-14 09:15:42.360,0.0969,0.2674,9.7781
2026-03-14 09:15:42.370,0.1516,0.2421,10.0327
2026-03-14 09:15:42.380,-0.2593,0.3838,10.0633
2026-03-14 09:15:42.390,-0.0367,0.3234,10.2392
2026-03-14 09:15:42.400,-0.4524,0.2499,10.1793
2026-03-14 09:15:42.410,-0.5332,0.3496,9.7614
2026-03-14 09:15:42.420,-0.6521,0.2312,9.9423
2026-03-14 09:15:42.430,-0.7002,0.0828,10.0121
2026-03-14 09:15:42.440,-0.7857,0.1605,9.7098
2026-03-14 09:15:42.450,-0.933,-0.1285,10.1126
2026-03-14 09:15:42.460,-1.2675,-0.2689,10.1215
2026-03-14 09:15:42.470,-1.2995,-0.4281,9.9876
2026-03-14 09:15:42.480,-1.5006,-0.5948,10.1999
2026-03-14 09:15:42.490,-1.207,-0.8066,10.1622
2026-03-14 09:15:42.500,-1.7128,-1.1073,9.5656
2026-03-14 09:15:42.510,-1.5611,,9.453
2026-03-14 09:15:42.520,-1.513,-0.9364,9.3383
2026-03-14 09:15:42.530,-1.4218,-1.0834,
2026-03-14 09:15:42.540,-1.5677,-1.5006,9.5748
2026-03-14 09:15:42.550,-1.2044,-1.3537,9.6821
2026-03-14 09:15:42.560,-1.4258,-1.0947,9.964
2026-03-14 09:15:42.570,-1.2513,-0.994,9.9748
2026-03-14 09:15:42.580,-0.9617,-0.9227,9.6363
2026-03-14 09:15:42.590,-0.8054,-0.7463,9.7193
2026-03-14 09:15:42.600,-0.7481,-0.313,9.6537
2026-03-14 09:15:42.610,-0.454,-0.181,9.8047
2026-03-14 09:15:42.620,-0.153,0.0605,9.5832
2026-03-14 09:15:42.630,-0.2393,0.1602,9.8286
2026-03-14 09:15:42.640,0.2829,0.3564,9.7454
2026-03-14 09:15:42.650,0.4539,0.2648,10.3347
2026-03-14 09:15:42.660,,0.8815,10.252
2026-03-14 09:15:42.670,0.7077,0.9202,10.3009
2026-03-14 09:15:42.680,1.0881,1.1556,9.7432
2026-03-14 09:15:42.690,0.8253,1.0018,10.0192
2026-03-14 09:15:42.700,1.3176,0.754,9.9632
2026-03-14 09:15:42.710,1.1809,0.9659,9.7329
2026-03-14 09:15:42.720,1.5491,1.0483,9.354
2026-03-14 09:15:42.730,1.403,0.895,10.2171
2026-03-14 09:15:42.740,1.3724,0.6053,10.3885
2026-03-14 09:15:42.750,1.3236,0.7477,9.6629
2026-03-14 09:15:42.760,1.2051,0.4645,9.6202
2026-03-14 09:15:42.770,1.2515,0.1852,9.674
2026-03-14 09:15:42.780,1.152,0.3374,9.6001
2026-03-14 09:15:42.790,1.329,-0.0895,10.0679
2026-03-14 09:15:42.800,1.1713,-0.0475,9.3125
2026-03-14 09:15:42.810,0.9149,-0.135,9.2585
2026-03-14 09:15:42.820,0.9232,-0.0203,9.4863
2026-03-14 09:15:42.830,0.6153,-0.1458,9.5847
2026-03-14 09:15:42.840,0.562,0.224,9.4775
2026-03-14 09:15:42.850,0.7617,-0.0179,10.3099
2026-03-14 09:15:42.860,0.6026,0.0393,10.0284
2026-03-14 09:15:42.870,0.3536,0.1721,9.8575
2026-03-14 09:15:42.880,0.1181,0.2777,9.9009
2026-03-14 09:15:42.890,0.0278,0.3733,9.697
2026-03-14 09:15:42.900,-0.0397,-0.0706,10.0223
2026-03-14 09:15:42.910,0.0455,0.2067,10.0822
2026-03-14 09:15:42.920,-0.3197,0.133,10.0674
2026-03-14 09:15:42.930,-0.4532,0.1913,10.2736
2026-03-14 09:15:42.940,-0.4485,0.1561,10.1309
2026-03-14 09:15:42.950,-0.8717,0.2985,10.4952
2026-03-14 09:15:42.960,-0.8463,0.3249,10.2117
2026-03-14 09:15:42.970,-1.0574,-0.2247,10.0704
2026-03-14 09:15:42.980,-0.9513,-0.2893,9.5527
2026-03-14 09:15:42.990,-1.0822,-0.2311,9.4891
2026-03-14 09:15:43.000,-1.4297,-0.3801,9.8108
2026-03-14 09:15:43.010,-1.4787,-0.3591,9.9117
2026-03-14 09:15:43.020,,-0.7187,10.3307
2026-03-14 09:15:43.030,-1.7283,-0.9167,10.2387
2026-03-14 09:15:43.040,-1.4946,-1.0535,9.377
2026-03-14 09:15:43.050,-1.5621,-1.3337,9.4036
2026-03-14 09:15:43.060,-1.3644,-0.9221,9.5847
2026-03-14 09:15:43.070,-1.344,-1.1274,9.2349
2026-03-14 09:15:43.080,-1.09,-1.3185,9.3159
2026-03-14 09:15:43.090,-1.3107,-1.0072,9.5452
2026-03-14 09:15:43.100,-0.8632,-0.8454,9.9035
2026-03-14 09:15:43.110,-0.7166,,9.8467
2026-03-14 09:15:43.120,-0.7523,-0.6693,10.3012
2026-03-14 09:15:43.130,-0.6135,-0.2876,9.6005
2026-03-14 09:15:43.140,-0.3576,-0.0797,
2026-03-14 09:15:43.150,-0.0642,0.0173,10.0984
2026-03-14 09:15:43.160,0.0257,0.1477,9.5227
2026-03-14 09:15:43.170,0.3281,0.5619,9.8831
2026-03-14 09:15:43.180,0.4892,0.9309,10.0231
2026-03-14 09:15:43.190,0.8109,0.8331,10.3396
2026-03-14 09:15:43.200,0.8714,0.7517,10.3522
2026-03-14 09:15:43.210,0.8887,0.8882,10.2947
2026-03-14 09:15:43.220,1.0218,0.8275,10.107
2026-03-14 09:15:43.230,1.1221,1.2973,10.031
2026-03-14 09:15:43.240,1.0733,0.7831,9.6178
2026-03-14 09:15:43.250,1.407,1.192,9.7167
2026-03-14 09:15:43.260,1.5447,0.6973,9.5463
2026-03-14 09:15:43.270,1.3269,0.6434,9.8344
2026-03-14 09:15:43.280,1.4621,0.4357,9.755
2026-03-14 09:15:43.290,1.5234,,9.8502
2026-03-14 09:15:43.300,1.0228,0.296,10.0593
2026-03-14 09:15:43.310,1.1982,-0.144,9.4112
2026-03-14 09:15:43.320,1.2465,0.29,9.5331
2026-03-14 09:15:43.330,1.3014,,9.4305
2026-03-14 09:15:43.340,0.8572,0.2626,8.7934
2026-03-14 09:15:43.350,1.1036,-0.131,
2026-03-14 09:15:43.360,0.7219,-0.0572,9.6804
2026-03-14 09:15:43.370,0.5951,-0.002,9.8457
2026-03-14 09:15:43.380,0.5682,-0.1888,9.5492
2026-03-14 09:15:43.390,0.438,0.173,9.3494
2026-03-14 09:15:43.400,0.3523,-0.0538,10.3066
2026-03-14 09:15:43.410,0.3656,0.365,9.4905
2026-03-14 09:15:43.420,-0.2084,0.269,9.8441
2026-03-14 09:15:43.430,0.0441,0.464,9.6937
2026-03-14 09:15:43.440,-0.0577,0.3461,9.7963
2026-03-14 09:15:43.450,-0.5552,0.2755,10.2231
2026-03-14 09:15:43.460,-0.5384,0.2294,10.1169
2026-03-14 09:15:43.470,-0.6774,0.19,10.0164
2026-03-14 09:15:43.480,-0.6656,-0.0247,10.0649
2026-03-14 09:15:43.490,-0.9781,0.1268,10.0162
2026-03-14 09:15:43.500,-0.7575,0.0226,9.6206
2026-03-14 09:15:43.510,-0.9496,-0.3659,9.4819
2026-03-14 09:15:43.520,-1.1736,-0.3753,9.4832
2026-03-14 09:15:43.530,-1.2613,-0.6282,9.6619
2026-03-14 09:15:43.540,-1.2477,-0.7136,9.6696
2026-03-14 09:15:43.550,-1.65,-0.9491,9.6624
2026-03-14 09:15:43.560,-1.4435,-0.8967,9.8727
2026-03-14 09:15:43.570,-1.391,-0.9664,10.1351
2026-03-14 09:15:43.580,-1.7097,-0.9833,9.6462
2026-03-14 09:15:43.590,-1.4765,-1.4248,9.9491
2026-03-14 09:15:43.600,-1.5788,-1.0372,9.3341
2026-03-14 09:15:43.610,-1.3332,-0.7241,9.5869
2026-03-14 09:15:43.620,-0.961,-1.2774,9.2639
2026-03-14 09:15:43.630,-0.8794,-0.9306,9.8212
2026-03-14 09:15:43.640,-0.9019,-0.4927,9.5267
2026-03-14 09:15:43.650,-0.7039,-0.3778,9.4173
2026-03-14 09:15:43.660,-0.5272,-0.3361,9.8452
2026-03-14 09:15:43.670,-0.5084,-0.2958,9.8418
2026-03-14 09:15:43.680,0.185,0.1065,10.0852
2026-03-14 09:15:43.690,0.4254,0.3078,9.7192
2026-03-14 09:15:43.700,0.4129,0.362,9.7498
2026-03-14 09:15:43.710,0.7181,0.8208,9.7056
2026-03-14 09:15:43.720,0.835,0.826,9.9665
2026-03-14 09:15:43.730,1.3977,1.1048,10.2837
2026-03-14 09:15:43.740,1.0708,1.1623,10.4947
2026-03-14 09:15:43.750,1.2886,0.7487,10.3527
2026-03-14 09:15:43.760,1.1353,1.2823,10.589
2026-03-14 09:15:43.770,1.4843,0.9573,9.9952
2026-03-14 09:15:43.780,1.4395,0.8055,9.6462
2026-03-14 09:15:43.790,1.6451,0.5129,9.3584
2026-03-14 09:15:43.800,1.3382,0.6448,9.6036
2026-03-14 09:15:43.810,1.3115,0.5807,9.6574
2026-03-14 09:15:43.820,1.2939,0.3131,9.7892
2026-03-14 09:15:43.830,1.2838,0.4817,9.7981
2026-03-14 09:15:43.840,1.3463,0.1101,9.7861
2026-03-14 09:15:43.850,1.0066,0.3011,9.7852
2026-03-14 09:15:43.860,1.0369,-0.0895,9.7524
2026-03-14 09:15:43.870,0.7957,0.0689,9.599
2026-03-14 09:15:43.880,0.8165,-0.075,9.333
2026-03-14 09:15:43.890,0.6307,-0.1624,9.2374
2026-03-14 09:15:43.900,0.5723,-0.0109,9.2612
2026-03-14 09:15:43.910,0.5269,-0.3738,9.5721
2026-03-14 09:15:43.920,0.5451,0.0344,9.7793
2026-03-14 09:15:43.930,0.5372,0.3691,10.0376
2026-03-14 09:15:43.940,0.0023,-0.0592,10.3146
2026-03-14 09:15:43.950,-0.1371,0.3472,9.8425
2026-03-14 09:15:43.960,-0.1676,0.38,9.5596
2026-03-14 09:15:43.970,-0.4642,0.3228,9.4628
2026-03-14 09:15:43.980,-0.1983,0.2321,10.1272
2026-03-14 09:15:43.990,-0.486,0.3816,10.21
2026-03-14 09:15:44.000,-0.5335,0.0392,9.9606
2026-03-14 09:15:44.010,-1.0868,0.2457,9.9799
2026-03-14 09:15:44.020,-0.6592,-0.0786,10.0322
2026-03-14 09:15:44.030,-0.7646,-0.351,10.5498
2026-03-14 09:15:44.040,-0.9986,-0.1814,9.8179
2026-03-14 09:15:44.050,-1.2381,-0.4798,10.0358
2026-03-14 09:15:44.060,-1.3466,-0.7132,9.5857
2026-03-14 09:15:44.070,-1.4859,-1.0108,9.5782
2026-03-14 09:15:44.080,-1.2735,-0.7864,9.477
2026-03-14 09:15:44.090,-1.7205,-1.0691,9.3233
2026-03-14 09:15:44.100,-1.4472,-0.8781,9.478
2026-03-14 09:15:44.110,,-1.0643,9.6109
2026-03-14 09:15:44.120,-1.4852,-1.132,9.7765
2026-03-14 09:15:44.130,-1.2946,-1.073,9.9389
2026-03-14 09:15:44.140,-1.0849,-1.1001,9.5932
2026-03-14 09:15:44.150,-0.8903,-0.9962,9.4775
2026-03-14 09:15:44.160,-0.8004,-0.9004,9.1744
2026-03-14 09:15:44.170,-0.8175,-0.8522,9.4985
2026-03-14 09:15:44.180,-0.777,-0.3921,9.556
2026-03-14 09:15:44.190,-0.5873,-0.0031,9.6905
2026-03-14 09:15:44.200,0.0549,-0.1554,9.8934
2026-03-14 09:15:44.210,0.0141,0.0754,10.2961
2026-03-14 09:15:44.220,0.2004,0.4386,10.0508
2026-03-14 09:15:44.230,0.4132,0.7356,10.1583
2026-03-14 09:15:44.240,0.5721,0.7942,9.8238
2026-03-14 09:15:44.250,0.938,0.5527,10.0252
2026-03-14 09:15:44.260,0.5734,1.1777,9.895
2026-03-14 09:15:44.270,0.9437,1.1709,10.2116
2026-03-14 09:15:44.280,1.3268,1.4299,10.0047
2026-03-14 09:15:44.290,1.0306,1.0889,10.0646
2026-03-14 09:15:44.300,1.2816,0.7478,10.427
2026-03-14 09:15:44.310,1.4806,0.9582,9.9157
2026-03-14 09:15:44.320,1.4298,0.8131,9.7419
2026-03-14 09:15:44.330,1.6718,,9.6191
2026-03-14 09:15:44.340,1.3497,0.6,9.5908
2026-03-14 09:15:44.350,1.2624,0.3239,9.2777
2026-03-14 09:15:44.360,1.5324,0.1808,9.4722
2026-03-14 09:15:44.370,1.3356,0.217,9.8868
2026-03-14 09:15:44.380,0.9835,-0.0226,9.7397
2026-03-14 09:15:44.390,0.9863,0.1269,9.9981
2026-03-14 09:15:44.400,1.1678,-0.1584,9.8024
2026-03-14 09:15:44.410,0.7982,0.1479,9.5786
2026-03-14 09:15:44.420,0.5523,0.0793,9.3977
2026-03-14 09:15:44.430,0.5176,0.0381,9.5449
2026-03-14 09:15:44.440,0.5342,0.0037,9.479
2026-03-14 09:15:44.450,0.4741,-0.089,9.687
2026-03-14 09:15:44.460,0.3848,-0.0242,9.9568
2026-03-14 09:15:44.470,-0.1666,0.2343,10.1689
2026-03-14 09:15:44.480,-0.0518,0.3271,10.3773
2026-03-14 09:15:44.490,-0.3545,0.5412,10.193
2026-03-14 09:15:44.500,-0.3921,0.2724,9.9276
2026-03-14 09:15:44.510,-0.458,0.1132,9.9972
2026-03-14 09:15:44.520,-0.5846,0.2694,10.028
2026-03-14 09:15:44.530,-0.394,0.1953,9.9711
2026-03-14 09:15:44.540,-0.8806,0.4219,10.1321
2026-03-14 09:15:44.550,-1.2948,-0.0174,9.7438
2026-03-14 09:15:44.560,-0.8566,-0.2242,10.6295
2026-03-14 09:15:44.570,-1.156,-0.3981,10.1343
2026-03-14 09:15:44.580,-0.9904,-0.5812,10.2538
2026-03-14 09:15:44.590,-1.1387,-0.764,9.9899
2026-03-14 09:15:44.600,-1.3833,-0.9278,9.439
2026-03-14 09:15:44.610,-1.6809,-1.1344,9.2781
2026-03-14 09:15:44.620,-1.4393,-1.023,9.2322
2026-03-14 09:15:44.630,-1.0326,-1.2275,9.6209
2026-03-14 09:15:44.640,-1.4538,-1.1754,9.6665
2026-03-14 09:15:44.650,-1.5891,-0.9016,10.0109
2026-03-14 09:15:44.660,-1.3866,-1.2297,9.6549
2026-03-14 09:15:44.670,-0.8352,-0.9118,9.6975
2026-03-14 09:15:44.680,-0.9991,-0.9064,10.0846
2026-03-14 09:15:44.690,-0.6833,-0.8529,9.5263
2026-03-14 09:15:44.700,-0.739,-0.683,9.5628
2026-03-14 09:15:44.710,-0.5758,-0.3547,9.3866
2026-03-14 09:15:44.720,-0.2066,,9.8689
2026-03-14 09:15:44.730,-0.0526,-0.1394,9.9121
2026-03-14 09:15:44.740,-0.0145,0.2907,10.0994
2026-03-14 09:15:44.750,0.4199,0.5031,10.5295
2026-03-14 09:15:44.760,0.1896,0.5301,10.2883
2026-03-14 09:15:44.770,0.4393,0.9958,10.1695
2026-03-14 09:15:44.780,0.9263,0.784,9.8321
2026-03-14 09:15:44.790,1.1997,1.1615,9.9537
2026-03-14 09:15:44.800,0.9641,0.9238,9.8133
2026-03-14 09:15:44.810,1.088,0.9102,10.1545
2026-03-14 09:15:44.820,1.5368,1.1186,9.7581
2026-03-14 09:15:44.830,1.4041,0.8981,9.8943
2026-03-14 09:15:44.840,1.2876,0.6496,9.8477
2026-03-14 09:15:44.850,1.2548,0.8647,9.8965
2026-03-14 09:15:44.860,1.2614,0.4743,10.143
2026-03-14 09:15:44.870,1.2193,0.5602,9.6123
2026-03-14 09:15:44.880,1.3995,0.1755,9.7895
2026-03-14 09:15:44.890,1.2481,0.2163,9.3694
2026-03-14 09:15:44.900,1.0721,0.2575,9.3985
2026-03-14 09:15:44.910,1.3135,-0.0972,9.6075
2026-03-14 09:15:44.920,0.739,-0.2369,9.6088
2026-03-14 09:15:44.930,0.9886,-0.2843,10.1118
2026-03-14 09:15:44.940,0.7101,-0.0483,9.6723
2026-03-14 09:15:44.950,0.5585,-0.0362,9.7877
2026-03-14 09:15:44.960,0.4317,0.098,9.4129
2026-03-14 09:15:44.970,0.4773,0.0995,9.4866
2026-03-14 09:15:44.980,0.2252,-0.0266,9.9441
2026-03-14 09:15:44.990,0.2575,,9.7026
2026-03-14 09:15:45.000,-0.0663,0.3393,9.9677
2026-03-14 09:15:45.010,-0.2946,-0.0263,10.0099
2026-03-14 09:15:45.020,-0.1667,0.1712,10.2147
2026-03-14 09:15:45.030,-0.1255,-0.0584,10.4619
2026-03-14 09:15:45.040,-0.545,0.3815,9.9279
2026-03-14 09:15:45.050,-0.5869,0.1436,9.8795
2026-03-14 09:15:45.060,-0.7805,0.0209,9.6576
2026-03-14 09:15:45.070,-0.7608,-0.1609,9.9387
2026-03-14 09:15:45.080,-1.1006,-0.1647,9.3565
2026-03-14 09:15:45.090,-1.141,-0.1928,9.775
2026-03-14 09:15:45.100,-1.5881,-0.382,10.1006
2026-03-14 09:15:45.110,-1.2384,-0.853,10.2153
2026-03-14 09:15:45.120,-1.4435,-0.6434,10.0709
2026-03-14 09:15:45.130,-1.4592,-0.8736,10.1196
2026-03-14 09:15:45.140,-1.4767,-0.911,9.6919
2026-03-14 09:15:45.150,-1.5999,-1.0791,9.4805
2026-03-14 09:15:45.160,-1.761,-1.1336,8.9734
2026-03-14 09:15:45.170,-1.2929,-1.446,9.1318
2026-03-14 09:15:45.180,-1.3868,-1.152,9.5944
2026-03-14 09:15:45.190,-1.443,-0.9786,9.6578
2026-03-14 09:15:45.200,-1.407,-1.2378,9.6562
2026-03-14 09:15:45.210,-0.7732,-0.7825,9.7732
2026-03-14 09:15:45.220,-0.7808,-0.451,9.6777
2026-03-14 09:15:45.230,-0.7456,-0.6971,9.3657
2026-03-14 09:15:45.240,-0.2549,-0.4516,9.4766
2026-03-14 09:15:45.250,-0.1031,-0.2348,9.8292
2026-03-14 09:15:45.260,-0.3,-0.0973,9.8712
2026-03-14 09:15:45.270,,0.4269,9.9269
2026-03-14 09:15:45.280,0.4202,0.4957,10.0242
2026-03-14 09:15:45.290,0.4398,0.7175,10.5669
2026-03-14 09:15:45.300,0.6293,0.7729,10.0479
2026-03-14 09:15:45.310,0.7748,1.143,10.4038
2026-03-14 09:15:45.320,1.2579,1.0516,9.9393
2026-03-14 09:15:45.330,1.2,1.1715,10.1387
2026-03-14 09:15:45.340,1.4242,1.2798,10.0124
2026-03-14 09:15:45.350,1.3012,1.2608,9.6198
2026-03-14 09:15:45.360,1.1223,0.6544,9.5485
2026-03-14 09:15:45.370,1.131,0.7964,9.7817
2026-03-14 09:15:45.380,1.4272,0.682,9.8538
2026-03-14 09:15:45.390,1.5557,0.4979,9.92
2026-03-14 09:15:45.400,1.5845,0.2779,9.8745
2026-03-14 09:15:45.410,1.2632,0.1912,9.7391
2026-03-14 09:15:45.420,1.2801,0.1554,9.375
2026-03-14 09:15:45.430,1.0906,0.1261,9.185
2026-03-14 09:15:45.440,1.1926,0.0795,9.0668
2026-03-14 09:15:45.450,1.0589,-0.0721,9.4808
2026-03-14 09:15:45.460,0.7815,-0.0992,10.0357
2026-03-14 09:15:45.470,0.8996,-0.213,9.8585
2026-03-14 09:15:45.480,0.5257,-0.1325,9.8509
2026-03-14 09:15:45.490,0.3798,0.0652,9.9617
2026-03-14 09:15:45.500,0.1597,0.0222,9.8051
2026-03-14 09:15:45.510,0.3353,0.1448,9.8551
2026-03-14 09:15:45.520,0.0212,0.6154,9.234
2026-03-14 09:15:45.530,-0.241,0.0805,9.8837
2026-03-14 09:15:45.540,-0.1245,0.2052,9.8587
2026-03-14 09:15:45.550,-0.1508,0.3648,10.0843
2026-03-14 09:15:45.560,-0.4041,0.4373,10.4305
2026-03-14 09:15:45.570,-0.4302,0.3029,10.0704
2026-03-14 09:15:45.580,-0.7927,0.2574,10.353
2026-03-14 09:15:45.590,-0.7951,-0.0146,10.0396
2026-03-14 09:15:45.600,-0.7845,-0.3462,9.7912
2026-03-14 09:15:45.610,-1.0242,-0.3545,10.1688
2026-03-14 09:15:45.620,-1.2041,-0.1461,9.3764
2026-03-14 09:15:45.630,-1.326,-0.5827,9.7713
2026-03-14 09:15:45.640,-1.341,-0.6033,9.3238
2026-03-14 09:15:45.650,,-0.8208,9.8043
2026-03-14 09:15:45.660,-1.6161,-1.0265,10.2841
2026-03-14 09:15:45.670,-1.4762,-0.9006,9.8427
2026-03-14 09:15:45.680,-1.6441,-1.3955,9.6244
2026-03-14 09:15:45.690,-1.3387,-1.224,9.0002
2026-03-14 09:15:45.700,-1.3411,-1.2331,9.5237
2026-03-14 09:15:45.710,-1.3625,-1.039,9.5013
2026-03-14 09:15:45.720,-1.0718,-1.2233,9.2635
2026-03-14 09:15:45.730,-1.0061,-0.9083,9.7438
2026-03-14 09:15:45.740,-1.1977,-0.6013,9.7268
2026-03-14 09:15:45.750,-0.8709,-0.508,9.9784
2026-03-14 09:15:45.760,-0.5195,-0.2777,9.4114
2026-03-14 09:15:45.770,-0.1121,-0.3028,9.7631
2026-03-14 09:15:45.780,-0.0942,0.122,10.0756
2026-03-14 09:15:45.790,0.174,0.0196,9.7553
2026-03-14 09:15:45.800,0.3609,0.4929,9.8136
2026-03-14 09:15:45.810,0.7031,0.8065,9.8888
2026-03-14 09:15:45.820,0.671,0.8434,10.1893
2026-03-14 09:15:45.830,0.7314,0.9197,10.2308
2026-03-14 09:15:45.840,1.0017,0.7921,10.0773
2026-03-14 09:15:45.850,0.986,0.7908,10.1311
2026-03-14 09:15:45.860,1.4076,1.1306,10.0587
2026-03-14 09:15:45.870,1.2703,1.0427,10.4161
2026-03-14 09:15:45.880,1.2092,0.8868,10.1704
2026-03-14 09:15:45.890,1.3242,0.7379,9.6136
2026-03-14 09:15:45.900,1.6069,0.8294,9.9694
2026-03-14 09:15:45.910,1.2061,0.5962,9.8406
2026-03-14 09:15:45.920,1.4661,0.51,9.8909
2026-03-14 09:15:45.930,1.3439,0.2622,
2026-03-14 09:15:45.940,1.096,0.3069,9.8018
2026-03-14 09:15:45.950,1.2852,0.0874,9.4406
2026-03-14 09:15:45.960,1.0343,-0.0021,9.0298
2026-03-14 09:15:45.970,1.053,-0.2134,9.2865
2026-03-14 09:15:45.980,0.7321,-0.2433,9.2942
2026-03-14 09:15:45.990,0.7286,-0.1682,9.5782
2026-03-14 09:15:46.000,0.8063,-0.0152,9.7711
2026-03-14 09:15:46.010,0.622,0.2219,10.0578
2026-03-14 09:15:46.020,0.5657,0.0546,9.9264
2026-03-14 09:15:46.030,0.2736,0.1194,
2026-03-14 09:15:46.040,0.3838,0.1493,9.5898
2026-03-14 09:15:46.050,0.1776,0.3384,9.9715
2026-03-14 09:15:46.060,0.0517,0.5138,10.0299
2026-03-14 09:15:46.070,-0.2278,0.0344,9.8844
2026-03-14 09:15:46.080,-0.3723,0.1117,9.9259
2026-03-14 09:15:46.090,-0.44,0.2461,10.0728
2026-03-14 09:15:46.100,-0.6382,,10.4548
2026-03-14 09:15:46.110,-0.7342,0.413,10.0532
2026-03-14 09:15:46.120,-0.88,-0.0256,10.7541
2026-03-14 09:15:46.130,-1.0518,-0.237,9.9764
2026-03-14 09:15:46.140,-1.1203,0.0126,10.1267
2026-03-14 09:15:46.150,-1.0666,-0.6218,9.9195
2026-03-14 09:15:46.160,-1.1877,-0.611,9.3233
2026-03-14 09:15:46.170,-1.0915,-0.927,9.4646
2026-03-14 09:15:46.180,-1.3505,-0.9019,9.4547
2026-03-14 09:15:46.190,-1.4584,-0.863,9.5893
2026-03-14 09:15:46.200,-1.557,-1.0153,9.6577
2026-03-14 09:15:46.210,-1.3763,-0.9404,9.9438
2026-03-14 09:15:46.220,-1.5325,-1.1398,9.8967
2026-03-14 09:15:46.230,-1.3325,-1.0219,9.1346
2026-03-14 09:15:46.240,-1.2268,-1.137,9.3383
2026-03-14 09:15:46.250,-1.1322,-0.9991,9.3347
2026-03-14 09:15:46.260,-0.8157,-0.9422,
2026-03-14 09:15:46.270,-0.664,-0.9576,9.5119
2026-03-14 09:15:46.280,-0.8415,-0.498,10.2207
2026-03-14 09:15:46.290,-0.4662,-0.1647,9.7949
2026-03-14 09:15:46.300,-0.1675,-0.1458,10.2146
2026-03-14 09:15:46.310,0.1561,0.4129,9.7875
2026-03-14 09:15:46.320,0.2,0.3774,10.0323
2026-03-14 09:15:46.330,0.1351,0.5088,10.1119
2026-03-14 09:15:46.340,0.4036,0.7781,10.169
2026-03-14 09:15:46.350,0.568,0.9846,9.9375
2026-03-14 09:15:46.360,0.9647,1.2502,9.9794
2026-03-14 09:15:46.370,0.8249,0.9287,10.4985
2026-03-14 09:15:46.380,1.0367,0.988,10.0245
2026-03-14 09:15:46.390,1.4166,1.0901,10.1247
2026-03-14 09:15:46.400,1.1519,1.035,10.254
2026-03-14 09:15:46.410,1.3773,0.6914,10.0152
2026-03-14 09:15:46.420,1.451,0.6759,9.7159
2026-03-14 09:15:46.430,,0.6153,9.5422
2026-03-14 09:15:46.440,1.6618,0.6894,9.5102
2026-03-14 09:15:46.450,1.3651,0.5573,9.8033
2026-03-14 09:15:46.460,1.4824,,9.8869
2026-03-14 09:15:46.470,1.0082,-0.1637,9.3994
2026-03-14 09:15:46.480,1.0485,-0.0415,9.9883
2026-03-14 09:15:46.490,1.0036,-0.1359,
2026-03-14 09:15:46.500,1.2324,0.3797,9.857
2026-03-14 09:15:46.510,0.7019,-0.0867,9.2102
2026-03-14 09:15:46.520,0.4719,-0.0599,9.5398
2026-03-14 09:15:46.530,0.7134,-0.1418,9.404
2026-03-14 09:15:46.540,0.5972,0.0087,9.1559
2026-03-14 09:15:46.550,0.2498,0.1127,9.7335
2026-03-14 09:15:46.560,0.3739,0.2106,10.0653
2026-03-14 09:15:46.570,0.164,0.3385,10.2174
2026-03-14 09:15:46.580,-0.0337,0.4931,9.6307
2026-03-14 09:15:46.590,-0.1133,0.3778,10.0311
2026-03-14 09:15:46.600,-0.409,-0.0642,9.7629
2026-03-14 09:15:46.610,-0.3064,0.3087,10.1404
2026-03-14 09:15:46.620,-0.8105,0.6019,10.0214
2026-03-14 09:15:46.630,-0.595,0.2999,10.1121
2026-03-14 09:15:46.640,-0.8068,-0.0902,10.0111
2026-03-14 09:15:46.650,-1.0222,-0.0163,10.1049
2026-03-14 09:15:46.660,-0.813,-0.3933,10.4267
2026-03-14 09:15:46.670,-1.1462,-0.4245,10.0788
2026-03-14 09:15:46.680,-1.2994,-0.4146,9.8997
2026-03-14 09:15:46.690,-1.2584,-0.7081,9.8585
2026-03-14 09:15:46.700,-1.3416,-0.9475,9.3397
2026-03-14 09:15:46.710,-1.6179,-0.9144,9.4226
2026-03-14 09:15:46.720,-1.2185,-1.1507,9.3872
2026-03-14 09:15:46.730,-1.5744,-1.3459,9.7831
2026-03-14 09:15:46.740,-1.4353,-1.2341,9.8945
2026-03-14 09:15:46.750,-1.6843,-1.1983,9.6571
2026-03-14 09:15:46.760,-1.2965,-1.2442,9.7729
2026-03-14 09:15:46.770,-1.4111,-1.2022,9.434
2026-03-14 09:15:46.780,-1.1342,-1.1464,9.4126
2026-03-14 09:15:46.790,-0.8366,-1.1827,9.2229
2026-03-14 09:15:46.800,-0.7582,-0.7506,9.4735
2026-03-14 09:15:46.810,-0.4022,-0.6068,9.5702
2026-03-14 09:15:46.820,-0.2316,-0.1306,9.8778
2026-03-14 09:15:46.830,-0.1463,-0.0016,10.0461
2026-03-14 09:15:46.840,-0.1334,0.1936,10.2266
2026-03-14 09:15:46.850,0.3554,0.4327,10.4093
2026-03-14 09:15:46.860,0.4331,0.4757,9.569
2026-03-14 09:15:46.870,0.4876,0.704,9.7909
2026-03-14 09:15:46.880,0.99,1.0251,10.1832
2026-03-14 09:15:46.890,1.1482,1.1479,9.6062
2026-03-14 09:15:46.900,1.0025,0.9976,9.8627
2026-03-14 09:15:46.910,1.3147,0.7133,10.0741
2026-03-14 09:15:46.920,1.0514,0.7959,10.3261
2026-03-14 09:15:46.930,1.5343,1.0304,10.3916
2026-03-14 09:15:46.940,1.3654,0.9292,10.06
2026-03-14 09:15:46.950,1.5717,0.6087,10.2704
2026-03-14 09:15:46.960,1.1937,0.3462,9.7229
2026-03-14 09:15:46.970,1.3775,0.5501,9.3906
2026-03-14 09:15:46.980,1.2573,0.7387,9.3442
2026-03-14 09:15:46.990,1.3496,0.2073,9.3077
2026-03-14 09:15:47.000,1.0267,-0.0035,9.2317
2026-03-14 09:15:47.010,1.1669,0.0817,9.7269
2026-03-14 09:15:47.020,0.9852,0.198,9.9479
2026-03-14 09:15:47.030,1.0074,0.1143,9.4868
2026-03-14 09:15:47.040,0.6461,-0.133,9.8991
2026-03-14 09:15:47.050,0.5434,-0.3829,9.4297
2026-03-14 09:15:47.060,0.3178,-0.0586,9.4079
2026-03-14 09:15:47.070,0.4115,0.1587,9.7047
2026-03-14 09:15:47.080,0.4425,0.2182,9.5475
2026-03-14 09:15:47.090,0.0718,,9.915
2026-03-14 09:15:47.100,0.1616,0.3423,10.0259
2026-03-14 09:15:47.110,0.406,0.4213,10.0729
2026-03-14 09:15:47.120,-0.0444,0.3777,10.1586
2026-03-14 09:15:47.130,-0.3179,0.0702,10.051
2026-03-14 09:15:47.140,-0.2184,,10.1421
2026-03-14 09:15:47.150,-0.4925,0.5248,10.018
2026-03-14 09:15:47.160,-0.6088,-0.2826,9.8579
2026-03-14 09:15:47.170,-1.0289,0.1589,10.0473
2026-03-14 09:15:47.180,-0.8118,0.111,10.0369
2026-03-14 09:15:47.190,-1.2578,-0.1465,10.2685
2026-03-14 09:15:47.200,-1.4238,-0.3464,9.8034
2026-03-14 09:15:47.210,-1.2528,-0.4115,10.1453
2026-03-14 09:15:47.220,-1.5259,-0.593,10.0895
2026-03-14 09:15:47.230,-1.54,-1.0131,9.631
2026-03-14 09:15:47.240,-1.6048,-0.9599,9.191
2026-03-14 09:15:47.250,-1.4366,-1.0348,9.4044
2026-03-14 09:15:47.260,-1.5462,-1.312,8.9911
2026-03-14 09:15:47.270,-1.4015,-1.176,9.6094
2026-03-14 09:15:47.280,-1.2267,-1.2487,9.4545
2026-03-14 09:15:47.290,-1.1419,-1.4177,10.2677
2026-03-14 09:15:47.300,-1.018,-1.0782,9.9743
2026-03-14 09:15:47.310,-1.1344,-0.8956,9.5982
2026-03-14 09:15:47.320,-0.8009,-0.6856,9.3541
2026-03-14 09:15:47.330,-0.7508,-0.3952,9.3839
2026-03-14 09:15:47.340,-0.7348,-0.2374,9.5162
2026-03-14 09:15:47.350,-0.3412,-0.3186,9.4109
2026-03-14 09:15:47.360,-0.1315,0.0797,9.5913
2026-03-14 09:15:47.370,0.1967,0.4605,9.8269
2026-03-14 09:15:47.380,0.3438,0.6357,10.449
2026-03-14 09:15:47.390,0.6913,0.5322,10.6386
2026-03-14 09:15:47.400,0.5436,0.4851,9.8596
2026-03-14 09:15:47.410,0.7082,0.7906,10.1702
2026-03-14 09:15:47.420,1.1013,1.0881,10.0063
2026-03-14 09:15:47.430,0.9719,1.0293,10.0605
2026-03-14 09:15:47.440,1.2133,0.8718,10.284
2026-03-14 09:15:47.450,0.9757,1.1929,9.7671
2026-03-14 09:15:47.460,1.4554,0.9525,9.8089
2026-03-14 09:15:47.470,1.3439,0.8767,10.2625
2026-03-14 09:15:47.480,1.5348,0.8154,10.2381
2026-03-14 09:15:47.490,1.2412,0.5764,9.6324
2026-03-14 09:15:47.500,1.1511,0.4831,9.988
2026-03-14 09:15:47.510,1.1213,0.3058,9.5552
2026-03-14 09:15:47.520,1.2685,0.2188,9.1871
2026-03-14 09:15:47.530,1.0106,-0.1498,9.4557
2026-03-14 09:15:47.540,1.2103,-0.0643,9.6724
2026-03-14 09:15:47.550,0.8657,-0.1458,9.6948
2026-03-14 09:15:47.560,0.6226,0.0208,9.7757
2026-03-14 09:15:47.570,0.8551,-0.2343,9.61
2026-03-14 09:15:47.580,0.7056,-0.2201,9.8847
2026-03-14 09:15:47.590,0.5122,0.097,9.6409
2026-03-14 09:15:47.600,0.5051,-0.0345,9.5108
2026-03-14 09:15:47.610,0.5133,0.4113,9.3423
2026-03-14 09:15:47.620,0.2505,0.1909,9.7346
2026-03-14 09:15:47.630,0.0876,0.2969,10.0114
2026-03-14 09:15:47.640,-0.2986,0.3878,10.0193
2026-03-14 09:15:47.650,-0.3213,0.4183,10.2438
2026-03-14 09:15:47.660,-0.3141,0.1783,9.9501
2026-03-14 09:15:47.670,-0.6465,0.2338,10.049
2026-03-14 09:15:47.680,-0.6333,0.0542,10.1617
2026-03-14 09:15:47.690,-0.8067,0.0057,9.7334
2026-03-14 09:15:47.700,-0.82,0.1675,9.7938
2026-03-14 09:15:47.710,-1.1767,-0.0192,9.9655
2026-03-14 09:15:47.720,-0.9137,-0.3701,10.2127
2026-03-14 09:15:47.730,-1.1118,-0.3751,9.8659
2026-03-14 09:15:47.740,-1.2259,-0.2836,9.9746
2026-03-14 09:15:47.750,-1.449,-0.8839,10.0016
2026-03-14 09:15:47.760,-1.5115,-0.8058,10.1281
2026-03-14 09:15:47.770,-1.7539,-0.9867,9.7101
2026-03-14 09:15:47.780,-1.5392,-1.1781,9.4285
2026-03-14 09:15:47.790,-1.3818,-1.0236,9.0136
2026-03-14 09:15:47.800,-1.5791,-1.2059,9.3546
2026-03-14 09:15:47.810,-1.2727,-1.1622,9.1486
2026-03-14 09:15:47.820,-1.2108,-1.3171,9.6356
2026-03-14 09:15:47.830,-1.2937,-0.92,9.8242
2026-03-14 09:15:47.840,-1.2989,-0.8679,9.92
2026-03-14 09:15:47.850,-0.8729,-0.5897,9.8475
2026-03-14 09:15:47.860,-0.6992,-0.2577,9.8321
2026-03-14 09:15:47.870,0.061,-0.3546,9.3694
2026-03-14 09:15:47.880,-0.3511,-0.0917,9.2741
2026-03-14 09:15:47.890,-0.0305,0.1451,9.3977
2026-03-14 09:15:47.900,0.283,0.3707,9.549
2026-03-14 09:15:47.910,0.1841,0.7496,10.0214
2026-03-14 09:15:47.920,0.5428,0.5931,10.1535
2026-03-14 09:15:47.930,0.7652,0.9408,10.181
2026-03-14 09:15:47.940,0.7655,0.8809,10.1505
2026-03-14 09:15:47.950,0.9606,1.1993,10.1268
2026-03-14 09:15:47.960,1.3519,0.9699,10.1168
2026-03-14 09:15:47.970,1.1207,1.2257,10.0875
2026-03-14 09:15:47.980,1.4462,1.0793,9.9826
2026-03-14 09:15:47.990,1.2247,0.9471,9.8608
2026-03-14 09:15:48.000,1.511,0.6728,9.6464
2026-03-14 09:15:48.010,0.9946,0.4686,10.3474
2026-03-14 09:15:48.020,1.3882,0.4962,10.2051
2026-03-14 09:15:48.030,1.4528,0.4922,9.8455
2026-03-14 09:15:48.040,1.2598,0.5677,9.9257
2026-03-14 09:15:48.050,1.2253,-0.0709,9.6925
2026-03-14 09:15:48.060,1.0626,-0.1641,
2026-03-14 09:15:48.070,0.9703,-0.1668,9.0661
2026-03-14 09:15:48.080,1.2928,0.0284,9.2257
2026-03-14 09:15:48.090,0.6995,-0.1334,9.6409
2026-03-14 09:15:48.100,0.9521,-0.1898,9.7375
2026-03-14 09:15:48.110,0.5473,-0.3439,9.7556
2026-03-14 09:15:48.120,0.5036,0.0432,9.9803
2026-03-14 09:15:48.130,0.4687,0.1081,9.7203
2026-03-14 09:15:48.140,0.6049,0.2835,9.7007
2026-03-14 09:15:48.150,0.197,0.3472,9.3724
2026-03-14 09:15:48.160,-0.251,0.2289,9.6021
2026-03-14 09:15:48.170,-0.2095,0.1976,9.5411
2026-03-14 09:15:48.180,-0.1715,0.5901,9.9121
2026-03-14 09:15:48.190,-0.2387,0.1493,10.2543
2026-03-14 09:15:48.200,-0.7168,0.1369,10.6707
2026-03-14 09:15:48.210,-0.5636,0.3388,10.2111
2026-03-14 09:15:48.220,-1.0803,-0.0873,9.7931
2026-03-14 09:15:48.230,-0.9412,0.0129,10.1437
2026-03-14 09:15:48.240,-1.1117,-0.0387,9.6674
2026-03-14 09:15:48.250,-1.1315,-0.2095,9.8127
2026-03-14 09:15:48.260,-1.2162,-0.5623,9.3454
2026-03-14 09:15:48.270,-1.0894,-0.5148,9.6593
2026-03-14 09:15:48.280,-1.2262,-0.6313,9.8757
2026-03-14 09:15:48.290,-1.2809,-0.7552,9.9739
2026-03-14 09:15:48.300,-1.3884,-0.8998,9.8747
2026-03-14 09:15:48.310,-1.4646,-1.1369,9.8581
2026-03-14 09:15:48.320,-1.4161,-1.1642,9.4592
2026-03-14 09:15:48.330,-1.5559,-1.3378,9.2717
2026-03-14 09:15:48.340,-1.5439,-1.0026,9.0925
2026-03-14 09:15:48.350,-1.4274,-1.1515,9.2994
2026-03-14 09:15:48.360,-1.1961,-1.1973,9.4864
2026-03-14 09:15:48.370,-1.028,-0.7858,9.8376
2026-03-14 09:15:48.380,-0.7841,-0.5312,10.175
2026-03-14 09:15:48.390,-0.3076,-0.4209,9.4306
2026-03-14 09:15:48.400,-0.2193,-0.0868,10.0603
2026-03-14 09:15:48.410,0.1506,0.0691,10.0538
2026-03-14 09:15:48.420,0.0443,-0.1062,9.7949
2026-03-14 09:15:48.430,0.5125,0.8467,9.6662
2026-03-14 09:15:48.440,0.6441,0.8636,9.6207
2026-03-14 09:15:48.450,0.68,0.7183,9.8678
2026-03-14 09:15:48.460,0.9173,0.9334,10.1766
2026-03-14 09:15:48.470,0.7459,1.0418,10.3422
2026-03-14 09:15:48.480,1.2601,1.113,10.4193
2026-03-14 09:15:48.490,1.2061,1.0742,10.7728
2026-03-14 09:15:48.500,1.3884,0.9947,9.6769
2026-03-14 09:15:48.510,1.3509,0.9784,10.0315
2026-03-14 09:15:48.520,1.3235,0.7762,9.8243
2026-03-14 09:15:48.530,1.4248,0.6648,9.6179
2026-03-14 09:15:48.540,1.3566,0.6395,9.6117
2026-03-14 09:15:48.550,1.1258,0.579,9.8536
2026-03-14 09:15:48.560,1.6218,0.2633,10.2801
2026-03-14 09:15:48.570,1.209,0.3677,9.4874
2026-03-14 09:15:48.580,1.1299,0.3232,9.9567
2026-03-14 09:15:48.590,0.9122,0.1548,9.7252
2026-03-14 09:15:48.600,0.9791,0.1712,9.5639
2026-03-14 09:15:48.610,1.0658,-0.3279,9.5181
2026-03-14 09:15:48.620,1.0644,0.0542,9.4155
2026-03-14 09:15:48.630,0.6656,-0.0136,9.522
2026-03-14 09:15:48.640,0.8896,0.0491,9.849
2026-03-14 09:15:48.650,,-0.0022,9.7575
2026-03-14 09:15:48.660,0.5955,-0.0121,10.2285
2026-03-14 09:15:48.670,0.4005,0.3531,10.0898
2026-03-14 09:15:48.680,0.418,0.1805,9.9007
2026-03-14 09:15:48.690,-0.1882,0.0528,10.1418
2026-03-14 09:15:48.700,-0.0763,0.3437,9.7598
2026-03-14 09:15:48.710,-0.4556,0.5298,9.4679
2026-03-14 09:15:48.720,-0.505,0.2253,9.9143
2026-03-14 09:15:48.730,-0.5115,0.2882,9.4947
2026-03-14 09:15:48.740,-0.6645,0.0846,10.3233
2026-03-14 09:15:48.750,-0.8495,-0.0151,10.5094
2026-03-14 09:15:48.760,-1.079,-0.2293,10.3914
2026-03-14 09:15:48.770,-1.22,-0.2553,10.3545
2026-03-14 09:15:48.780,-1.3155,-0.0926,9.8338
2026-03-14 09:15:48.790,-1.3062,-0.6169,9.7351
2026-03-14 09:15:48.800,-1.3996,,9.2696
2026-03-14 09:15:48.810,-1.8144,-0.8488,9.4564
2026-03-14 09:15:48.820,-1.5378,-1.0763,
2026-03-14 09:15:48.830,-1.3481,-1.0089,9.8953
2026-03-14 09:15:48.840,-1.5432,-1.5016,9.6471
2026-03-14 09:15:48.850,-1.6822,,10.0419
2026-03-14 09:15:48.860,-1.1908,-1.2509,9.3412
2026-03-14 09:15:48.870,-1.1868,-1.3652,9.2241
2026-03-14 09:15:48.880,-0.9611,-0.9803,9.2681
2026-03-14 09:15:48.890,-1.1748,-0.9124,9.3055
2026-03-14 09:15:48.900,-1.0245,-0.7819,9.574
2026-03-14 09:15:48.910,-0.4955,-0.5987,9.8472
2026-03-14 09:15:48.920,-0.5133,-0.0472,9.9672
2026-03-14 09:15:48.930,-0.5239,-0.0763,9.7368
2026-03-14 09:15:48.940,-0.1503,0.0281,10.1938
2026-03-14 09:15:48.950,-0.1975,0.125,10.2172
2026-03-14 09:15:48.960,0.17,0.5469,9.9413
2026-03-14 09:15:48.970,0.4061,1.0176,9.5025
2026-03-14 09:15:48.980,0.8634,0.8557,9.9236
2026-03-14 09:15:48.990,0.6764,0.9064,9.6777
2026-03-14 09:15:49.000,0.9428,1.0783,10.1388
2026-03-14 09:15:49.010,0.9022,1.0027,10.3385
2026-03-14 09:15:49.020,1.354,0.9281,10.288
2026-03-14 09:15:49.030,1.173,0.8046,9.8449
2026-03-14 09:15:49.040,1.4678,0.9728,10.5447
2026-03-14 09:15:49.050,1.3624,0.986,9.9013
2026-03-14 09:15:49.060,1.4548,0.7542,9.4802
2026-03-14 09:15:49.070,1.3925,0.462,9.6951
2026-03-14 09:15:49.080,1.3128,0.5097,9.4499
2026-03-14 09:15:49.090,1.2415,0.2947,9.076
2026-03-14 09:15:49.100,1.661,0.1096,9.9057
2026-03-14 09:15:49.110,0.9729,-0.0151,10.0879
2026-03-14 09:15:49.120,1.1609,0.0798,9.5651
2026-03-14 09:15:49.130,0.972,-0.1408,9.8026
2026-03-14 09:15:49.140,0.8256,-0.3787,9.4864
2026-03-14 09:15:49.150,0.7445,-0.1532,9.5783
2026-03-14 09:15:49.160,0.8214,0.2241,9.1747
2026-03-14 09:15:49.170,0.3323,0.1029,9.5412
2026-03-14 09:15:49.180,0.3587,0.0069,9.3988
2026-03-14 09:15:49.190,0.3908,-0.0428,9.5324
2026-03-14 09:15:49.200,0.3873,0.2738,9.6917
2026-03-14 09:15:49.210,-0.1255,0.3194,9.8435
2026-03-14 09:15:49.220,-0.0066,0.2626,10.1536
2026-03-14 09:15:49.230,-0.0753,0.4551,10.0048
2026-03-14 09:15:49.240,-0.1154,0.6061,9.3715
2026-03-14 09:15:49.250,-0.3516,-0.0595,9.724
2026-03-14 09:15:49.260,-0.362,0.139,9.6158
2026-03-14 09:15:49.270,-0.7304,0.1521,9.8231
2026-03-14 09:15:49.280,-0.911,0.2019,10.3858
2026-03-14 09:15:49.290,-1.0621,-0.2499,10.1894
2026-03-14 09:15:49.300,-1.4316,-0.4251,
2026-03-14 09:15:49.310,-1.1749,-0.5193,10.2019
2026-03-14 09:15:49.320,-1.3544,-0.4671,10.0665
2026-03-14 09:15:49.330,-1.0547,-0.9567,9.7036
2026-03-14 09:15:49.340,-1.5352,,9.3781
2026-03-14 09:15:49.350,-1.3113,-1.0757,9.2382
2026-03-14 09:15:49.360,-1.4883,-1.2707,9.5899
2026-03-14 09:15:49.370,-1.3533,-1.3877,9.8507
2026-03-14 09:15:49.380,-1.4207,-1.3916,10.0992
2026-03-14 09:15:49.390,-1.1944,-1.2584,9.7282
2026-03-14 09:15:49.400,-1.091,-1.2397,9.701
2026-03-14 09:15:49.410,-1.2417,-0.8543,9.3411
2026-03-14 09:15:49.420,-0.9061,-0.8046,9.5284
2026-03-14 09:15:49.430,-0.6723,-0.6821,9.5062
2026-03-14 09:15:49.440,-0.5225,-0.4218,9.6626
2026-03-14 09:15:49.450,-0.1454,-0.0962,9.7212
2026-03-14 09:15:49.460,-0.2807,-0.0791,10.068
2026-03-14 09:15:49.470,0.0283,-0.1393,10.3067
2026-03-14 09:15:49.480,0.1449,0.3309,9.9045
2026-03-14 09:15:49.490,0.3569,0.4749,10.2403
2026-03-14 09:15:49.500,0.523,0.6734,10.1058
2026-03-14 09:15:49.510,0.6408,0.9162,9.403
2026-03-14 09:15:49.520,0.7789,1.0882,9.6142
2026-03-14 09:15:49.530,1.1961,1.3149,10.1447
2026-03-14 09:15:49.540,1.2684,0.9948,9.8377
2026-03-14 09:15:49.550,1.4802,0.9637,10.4674
2026-03-14 09:15:49.560,1.1857,0.6816,10.2875
2026-03-14 09:15:49.570,1.189,0.7731,10.3883
2026-03-14 09:15:49.580,1.2561,0.939,10.308
2026-03-14 09:15:49.590,1.5113,0.7737,10.0329
2026-03-14 09:15:49.600,1.2761,0.751,9.6891
2026-03-14 09:15:49.610,1.2445,0.3248,9.5303
2026-03-14 09:15:49.620,1.2761,0.4232,9.102
2026-03-14 09:15:49.630,1.2285,0.2576,9.44
2026-03-14 09:15:49.640,1.3639,0.0136,9.7417
2026-03-14 09:15:49.650,1.1992,0.1714,9.5007
2026-03-14 09:15:49.660,0.9385,-0.1721,9.7966
2026-03-14 09:15:49.670,0.7192,-0.2442,9.5685
2026-03-14 09:15:49.680,0.6223,-0.1863,9.548
2026-03-14 09:15:49.690,0.687,-0.1829,9.3966
2026-03-14 09:15:49.700,0.8192,0.0322,9.1006
2026-03-14 09:15:49.710,0.3823,-0.0275,9.9595
2026-03-14 09:15:49.720,0.3222,0.1801,9.6653
2026-03-14 09:15:49.730,0.1905,0.3006,10.0163
2026-03-14 09:15:49.740,0.0438,0.409,10.5465
2026-03-14 09:15:49.750,-0.2319,0.349,9.987
2026-03-14 09:15:49.760,-0.3568,0.2343,9.8509
2026-03-14 09:15:49.770,-0.0526,0.4765,10.2185
2026-03-14 09:15:49.780,-0.5963,0.11,9.9601
2026-03-14 09:15:49.790,-0.7441,0.1401,9.7677
2026-03-14 09:15:49.800,-0.8558,-0.0576,10.1648
2026-03-14 09:15:49.810,-0.8429,0.1465,10.1773
2026-03-14 09:15:49.820,-1.118,-0.1645,9.7858
2026-03-14 09:15:49.830,-0.8676,0.0917,10.038
2026-03-14 09:15:49.840,-1.4277,-0.393,10.1553
2026-03-14 09:15:49.850,-1.3434,-0.6637,
2026-03-14 09:15:49.860,-1.6733,-0.8543,9.8591
2026-03-14 09:15:49.870,-1.5562,-0.8199,9.6274
2026-03-14 09:15:49.880,-1.2311,-0.9984,9.5788
2026-03-14 09:15:49.890,-1.3535,-1.2475,9.4196
2026-03-14 09:15:49.900,-1.6138,-1.3543,9.2832
2026-03-14 09:15:49.910,-1.3637,-1.1301,9.4125
2026-03-14 09:15:49.920,-1.3862,-1.3854,9.3118
2026-03-14 09:15:49.930,-1.281,-0.9126,9.8399
2026-03-14 09:15:49.940,-0.9864,-0.9996,9.8256
2026-03-14 09:15:49.950,-0.7399,-1.0539,9.9746
2026-03-14 09:15:49.960,-0.5525,-0.3554,9.6962
2026-03-14 09:15:49.970,-0.5356,-0.3416,9.429
2026-03-14 09:15:49.980,-0.4678,-0.1673,9.5053
2026-03-14 09:15:49.990,-0.1785,0.0791,9.4227
2026-03-14 09:15:50.000,0.0487,-0.0457,9.7697
2026-03-14 09:15:50.010,0.2405,0.6868,10.2745
2026-03-14 09:15:50.020,0.4228,0.6508,10.3997
2026-03-14 09:15:50.030,0.6153,0.7346,10.4779
2026-03-14 09:15:50.040,0.8877,1.1903,10.2089
2026-03-14 09:15:50.050,1.0385,1.2318,10.0346
2026-03-14 09:15:50.060,1.0669,0.9714,9.9256
2026-03-14 09:15:50.070,0.961,0.8961,9.48
2026-03-14 09:15:50.080,0.9224,0.9276,10.1123
2026-03-14 09:15:50.090,1.3275,0.7312,
2026-03-14 09:15:50.100,1.6802,0.8366,10.1069
2026-03-14 09:15:50.110,1.4124,0.6286,10.0393
2026-03-14 09:15:50.120,1.4226,0.7386,9.8262
2026-03-14 09:15:50.130,1.4358,0.4944,10.1373
2026-03-14 09:15:50.140,0.9902,0.5155,9.5341
2026-03-14 09:15:50.150,1.05,0.2715,9.4925
2026-03-14 09:15:50.160,0.937,0.1608,9.1364
2026-03-14 09:15:50.170,1.4077,0.157,9.5867
2026-03-14 09:15:50.180,0.9347,-0.0647,9.7588
2026-03-14 09:15:50.190,0.9324,0.0423,9.6284
2026-03-14 09:15:50.200,0.5747,-0.0888,9.7661
2026-03-14 09:15:50.210,0.4917,-0.0292,10.2689
2026-03-14 09:15:50.220,,-0.1159,9.8014
2026-03-14 09:15:50.230,0.576,0.1669,9.3985
2026-03-14 09:15:50.240,0.354,0.2525,9.6621
2026-03-14 09:15:50.250,-0.0508,,9.3927
2026-03-14 09:15:50.260,0.2423,0.3592,9.8534
2026-03-14 09:15:50.270,-0.0601,0.3253,9.644
2026-03-14 09:15:50.280,0.0408,0.3634,10.234
2026-03-14 09:15:50.290,-0.5326,0.1689,10.6145
2026-03-14 09:15:50.300,-0.3118,0.1723,10.3037
2026-03-14 09:15:50.310,-0.4602,0.4607,10.0982
2026-03-14 09:15:50.320,-0.9604,0.2288,10.214
2026-03-14 09:15:50.330,-0.9603,-0.3376,10.1462
2026-03-14 09:15:50.340,-1.0355,-0.2147,9.8742
2026-03-14 09:15:50.350,-1.3762,-0.3099,9.8835
2026-03-14 09:15:50.360,-1.3026,-0.3389,9.6451
2026-03-14 09:15:50.370,-1.249,-0.4166,10.2315
2026-03-14 09:15:50.380,-1.6564,-0.5732,9.7289
2026-03-14 09:15:50.390,-1.5044,-0.9222,9.9913
2026-03-14 09:15:50.400,-1.569,-1.072,9.5105
2026-03-14 09:15:50.410,-1.7438,-1.2564,9.8332
2026-03-14 09:15:50.420,-1.386,-1.2476,9.823
2026-03-14 09:15:50.430,-1.2464,,9.1732
2026-03-14 09:15:50.440,-1.2216,-0.9842,9.4832
2026-03-14 09:15:50.450,-1.2436,-1.1014,9.387
2026-03-14 09:15:50.460,-1.198,-1.2784,9.5418
2026-03-14 09:15:50.470,-1.0884,-0.7589,10.1592
2026-03-14 09:15:50.480,-1.0942,-0.6943,9.9697
2026-03-14 09:15:50.490,-0.4385,-0.3337,10.0648
2026-03-14 09:15:50.500,-0.1434,-0.3324,9.508
2026-03-14 09:15:50.510,-0.3389,-0.3246,9.585
2026-03-14 09:15:50.520,-0.0456,-0.0647,9.6845
2026-03-14 09:15:50.530,0.2207,0.2294,10.2755
2026-03-14 09:15:50.540,0.2501,0.6583,9.5818
2026-03-14 09:15:50.550,0.323,0.5686,9.7747
2026-03-14 09:15:50.560,0.7065,0.9329,10.4947
2026-03-14 09:15:50.570,1.0196,0.8221,10.1404
2026-03-14 09:15:50.580,1.0039,1.2393,10.3284
2026-03-14 09:15:50.590,1.2478,0.9082,10.5079
2026-03-14 09:15:50.600,1.2687,1.1229,10.0351
2026-03-14 09:15:50.610,0.9798,1.1122,9.7491
2026-03-14 09:15:50.620,1.3462,0.8878,10.0308
2026-03-14 09:15:50.630,1.3851,0.6908,9.9065
2026-03-14 09:15:50.640,1.1546,0.8704,9.9979
2026-03-14 09:15:50.650,1.5078,0.602,9.9234
2026-03-14 09:15:50.660,1.4142,0.2329,9.8594
2026-03-14 09:15:50.670,1.3319,0.3412,9.7747
2026-03-14 09:15:50.680,1.3158,0.2818,9.6247
2026-03-14 09:15:50.690,1.041,0.1322,9.6908
2026-03-14 09:15:50.700,0.9434,0.3555,9.3177
2026-03-14 09:15:50.710,0.8484,0.0918,9.1361
2026-03-14 09:15:50.720,0.7422,-0.2392,9.4538
2026-03-14 09:15:50.730,0.9099,-0.0497,9.7434
2026-03-14 09:15:50.740,0.6073,,9.7777
2026-03-14 09:15:50.750,0.5966,0.0563,10.0331
2026-03-14 09:15:50.760,0.4418,0.145,9.7716
2026-03-14 09:15:50.770,0.4034,0.2377,9.7864
2026-03-14 09:15:50.780,0.287,-0.017,10.0474
2026-03-14 09:15:50.790,0.1965,0.4043,9.6242
2026-03-14 09:15:50.800,-0.4755,0.4009,9.7035
2026-03-14 09:15:50.810,-0.016,0.4309,9.8154
2026-03-14 09:15:50.820,-0.4381,0.3408,10.2236
2026-03-14 09:15:50.830,-0.7272,0.3157,10.6209
2026-03-14 09:15:50.840,-0.6504,0.3415,
2026-03-14 09:15:50.850,-0.7313,0.0768,10.0617
2026-03-14 09:15:50.860,-0.9288,0.2455,9.8841
2026-03-14 09:15:50.870,-0.9544,-0.1308,9.6885
2026-03-14 09:15:50.880,-1.0585,-0.3794,9.5848
2026-03-14 09:15:50.890,-1.4088,-0.2473,9.4432
2026-03-14 09:15:50.900,-1.4075,-0.6547,9.6806
2026-03-14 09:15:50.910,,,9.6112
2026-03-14 09:15:50.920,-1.3339,-1.0824,9.7592
2026-03-14 09:15:50.930,-1.4963,-1.1697,
2026-03-14 09:15:50.940,-1.5705,-1.3052,9.9216
2026-03-14 09:15:50.950,-1.4002,-0.7896,9.78
2026-03-14 09:15:50.960,-1.5453,-0.9556,9.6345
2026-03-14 09:15:50.970,-1.2914,-1.2896,9.5131
2026-03-14 09:15:50.980,-1.3044,-1.0357,9.5072
2026-03-14 09:15:50.990,-1.1376,-1.0366,9.4923
2026-03-14 09:15:51.000,-0.9247,-0.6454,9.5242
2026-03-14 09:15:51.010,-0.6798,-0.8972,9.8086
2026-03-14 09:15:51.020,-0.9639,-0.3995,9.9583
2026-03-14 09:15:51.030,-0.1506,-0.1777,9.5475
2026-03-14 09:15:51.040,-0.1831,-0.0771,10.4739
2026-03-14 09:15:51.050,-0.0103,0.0765,9.8572
2026-03-14 09:15:51.060,0.15,0.461,9.8677
2026-03-14 09:15:51.070,0.4678,0.4261,9.8398
2026-03-14 09:15:51.080,0.744,0.4856,10.0063
2026-03-14 09:15:51.090,0.3726,0.9822,9.9494
2026-03-14 09:15:51.100,0.7766,1.0444,10.2044
2026-03-14 09:15:51.110,1.1025,1.107,10.2109
2026-03-14 09:15:51.120,1.3001,1.1865,10.6509
2026-03-14 09:15:51.130,1.3508,1.1078,10.1438
2026-03-14 09:15:51.140,1.4387,0.8127,10.2433
2026-03-14 09:15:51.150,1.2107,0.7915,9.5301
2026-03-14 09:15:51.160,1.4081,0.7351,9.7293
2026-03-14 09:15:51.170,1.3277,0.6546,9.2293
2026-03-14 09:15:51.180,1.4247,0.6089,9.7036
2026-03-14 09:15:51.190,1.4326,0.5643,9.9625
2026-03-14 09:15:51.200,1.0366,0.3382,9.9042
2026-03-14 09:15:51.210,1.0776,0.1413,9.7962
2026-03-14 09:15:51.220,0.9934,-0.0813,9.7272
2026-03-14 09:15:51.230,1.1127,-0.0014,9.6186
2026-03-14 09:15:51.240,1.0188,0.0417,9.412
2026-03-14 09:15:51.250,0.7963,-0.0017,9.1565
2026-03-14 09:15:51.260,0.676,0.0686,9.1755
2026-03-14 09:15:51.270,0.185,-0.2287,
2026-03-14 09:15:51.280,0.3988,-0.1843,10.0528
2026-03-14 09:15:51.290,0.1693,0.1291,10.0599
2026-03-14 09:15:51.300,0.0498,0.2907,10.1205
2026-03-14 09:15:51.310,-0.0449,0.0313,10.3882
2026-03-14 09:15:51.320,0.0727,0.4378,9.8269
2026-03-14 09:15:51.330,-0.0618,0.2606,9.9326
2026-03-14 09:15:51.340,-0.2578,0.612,9.6557
2026-03-14 09:15:51.350,-0.0979,0.2114,9.4353
2026-03-14 09:15:51.360,-0.3813,0.2128,10.0907
2026-03-14 09:15:51.370,-0.6943,0.3684,10.4305
2026-03-14 09:15:51.380,-0.5249,-0.0546,10.348
2026-03-14 09:15:51.390,-0.9607,-0.0994,10.2247
2026-03-14 09:15:51.400,-1.0244,-0.3452,10.0801
2026-03-14 09:15:51.410,-1.0108,-0.3529,9.4682
2026-03-14 09:15:51.420,-1.4762,-0.4668,9.7963
2026-03-14 09:15:51.430,-1.1738,-0.7288,9.7142
2026-03-14 09:15:51.440,-1.6157,-1.0292,9.4749
2026-03-14 09:15:51.450,-1.7718,-0.9103,9.7354
2026-03-14 09:15:51.460,-1.7306,-1.1547,9.5096
2026-03-14 09:15:51.470,-1.6863,-1.2058,9.7393
2026-03-14 09:15:51.480,-1.4989,-1.1966,10.2214
2026-03-14 09:15:51.490,-1.2267,-0.9321,9.9073
2026-03-14 09:15:51.500,-1.1983,-1.2506,9.355
2026-03-14 09:15:51.510,-1.3198,-0.8693,9.0484
2026-03-14 09:15:51.520,-1.1355,-0.9973,9.1906
2026-03-14 09:15:51.530,-0.7804,-0.7265,9.6786
2026-03-14 09:15:51.540,-0.8525,-0.6684,9.5771
2026-03-14 09:15:51.550,-0.477,-0.4202,9.9423
2026-03-14 09:15:51.560,-0.4396,-0.1866,10.2011
2026-03-14 09:15:51.570,-0.1422,0.0674,9.5371
2026-03-14 09:15:51.580,0.4133,0.4747,
2026-03-14 09:15:51.590,0.1645,0.4086,9.6451
2026-03-14 09:15:51.600,0.2852,0.5015,10.0378
2026-03-14 09:15:51.610,0.88,0.8461,9.8145
2026-03-14 09:15:51.620,0.5906,0.9732,9.6995
2026-03-14 09:15:51.630,1.0256,0.8889,9.8454
2026-03-14 09:15:51.640,1.129,1.172,10.1676
2026-03-14 09:15:51.650,1.4428,1.0934,10.0717
2026-03-14 09:15:51.660,1.2327,1.1588,10.2439
2026-03-14 09:15:51.670,1.0586,0.8699,9.8883
2026-03-14 09:15:51.680,1.3231,0.7995,9.9137
2026-03-14 09:15:51.690,1.4003,0.9644,9.9148
2026-03-14 09:15:51.700,1.3478,0.5875,9.5897
2026-03-14 09:15:51.710,1.272,0.5293,9.8677
2026-03-14 09:15:51.720,1.2543,0.4517,9.5994
2026-03-14 09:15:51.730,1.1486,0.2817,9.6859
2026-03-14 09:15:51.740,1.4177,0.3012,9.5818
2026-03-14 09:15:51.750,1.241,0.0097,9.5459
2026-03-14 09:15:51.760,0.8625,0.1529,9.2898
2026-03-14 09:15:51.770,0.7463,-0.2595,9.8669
2026-03-14 09:15:51.780,0.8661,0.0063,9.5514
2026-03-14 09:15:51.790,0.8853,-0.1025,9.2273
2026-03-14 09:15:51.800,0.6318,-0.0781,9.1945
2026-03-14 09:15:51.810,,-0.062,9.4744
2026-03-14 09:15:51.820,0.5848,0.0819,9.7837
2026-03-14 09:15:51.830,0.3943,0.2514,10.023
2026-03-14 09:15:51.840,0.0972,0.5837,10.2669
2026-03-14 09:15:51.850,-0.2417,0.3735,10.1167
2026-03-14 09:15:51.860,-0.1119,0.4683,10.0355
2026-03-14 09:15:51.870,-0.3298,0.1859,9.7993
2026-03-14 09:15:51.880,-0.4287,0.1789,9.6547
2026-03-14 09:15:51.890,-0.8067,0.3918,9.6527
2026-03-14 09:15:51.900,-0.6555,0.0728,9.8523
2026-03-14 09:15:51.910,-0.8522,0.1509,10.0609
2026-03-14 09:15:51.920,-0.9716,-0.1039,10.2459
2026-03-14 09:15:51.930,-0.997,,10.1806
2026-03-14 09:15:51.940,-1.3381,-0.3457,10.1864
2026-03-14 09:15:51.950,-1.4267,-0.6803,9.8329
2026-03-14 09:15:51.960,-1.2863,-0.7023,9.2841
2026-03-14 09:15:51.970,-1.5663,-0.8357,9.6887
2026-03-14 09:15:51.980,-1.424,-1.1524,9.578
2026-03-14 09:15:51.990,-1.3831,-1.2009,9.4803
2026-03-14 09:15:52.000,-1.2728,-1.2708,9.735
2026-03-14 09:15:52.010,-1.1254,-1.268,9.4122
2026-03-14 09:15:52.020,-1.3208,-1.0128,9.7671
2026-03-14 09:15:52.030,-1.271,-0.9455,9.6778
2026-03-14 09:15:52.040,-1.1036,-0.9424,9.897
2026-03-14 09:15:52.050,-1.0761,-0.8745,9.6806
2026-03-14 09:15:52.060,-0.8565,-0.7745,9.6285
2026-03-14 09:15:52.070,-0.692,,9.4874
2026-03-14 09:15:52.080,-0.5479,-0.3115,9.6876
2026-03-14 09:15:52.090,-0.4845,-0.1503,9.6732
2026-03-14 09:15:52.100,-0.1648,0.1552,10.2002
2026-03-14 09:15:52.110,0.2184,0.2175,10.2569
2026-03-14 09:15:52.120,0.2121,0.368,10.0492
2026-03-14 09:15:52.130,0.591,0.854,10.1828
2026-03-14 09:15:52.140,0.7594,0.8534,9.961
2026-03-14 09:15:52.150,0.7476,1.1292,9.6317
2026-03-14 09:15:52.160,1.1239,0.886,9.7387
2026-03-14 09:15:52.170,1.4288,1.1295,9.4215
2026-03-14 09:15:52.180,1.3083,1.2957,9.6925
2026-03-14 09:15:52.190,1.7072,1.2686,9.8109
2026-03-14 09:15:52.200,1.4448,0.8538,10.3277
2026-03-14 09:15:52.210,1.2932,0.8018,10.1056
2026-03-14 09:15:52.220,1.5502,0.6336,9.8337
2026-03-14 09:15:52.230,1.4253,0.305,9.791
2026-03-14 09:15:52.240,1.3465,0.4502,9.6751
2026-03-14 09:15:52.250,1.2573,0.2762,9.2842
2026-03-14 09:15:52.260,1.0801,0.0339,9.5547
2026-03-14 09:15:52.270,0.8482,0.2161,9.3562
2026-03-14 09:15:52.280,0.9822,0.0916,9.5694
2026-03-14 09:15:52.290,0.6632,-0.1722,9.5511
2026-03-14 09:15:52.300,0.8067,-0.2609,9.7399
2026-03-14 09:15:52.310,0.9136,-0.0477,10.0466
2026-03-14 09:15:52.320,0.694,-0.2558,9.7269
2026-03-14 09:15:52.330,0.5098,0.0705,9.6693
2026-03-14 09:15:52.340,0.2931,-0.1004,9.641
2026-03-14 09:15:52.350,0.2578,0.3101,9.4875
2026-03-14 09:15:52.360,0.5185,0.2916,10.14
2026-03-14 09:15:52.370,0.0967,0.1439,10.2224
2026-03-14 09:15:52.380,-0.306,0.2015,9.79
2026-03-14 09:15:52.390,-0.1872,-0.0856,9.7924
2026-03-14 09:15:52.400,-0.2822,0.1392,10.0686
2026-03-14 09:15:52.410,-0.565,0.3447,10.1071
2026-03-14 09:15:52.420,-0.382,0.3172,10.058
2026-03-14 09:15:52.430,-0.9805,0.1823,9.4867
2026-03-14 09:15:52.440,-0.7889,-0.1853,10.1538
2026-03-14 09:15:52.450,-0.9275,-0.351,9.9582
2026-03-14 09:15:52.460,-1.4872,-0.1569,10.3287
2026-03-14 09:15:52.470,-1.4339,-0.4493,9.819
2026-03-14 09:15:52.480,-1.3224,-0.655,10.4073
2026-03-14 09:15:52.490,-1.6133,-1.1526,9.7283
2026-03-14 09:15:52.500,-1.4265,-0.8347,9.8746
2026-03-14 09:15:52.510,-1.2879,-0.8829,9.1084
2026-03-14 09:15:52.520,-1.6829,-1.4935,9.0805
2026-03-14 09:15:52.530,-1.5295,-1.1721,9.459
2026-03-14 09:15:52.540,-1.5523,-1.4783,9.4413
2026-03-14 09:15:52.550,-1.418,-1.0873,9.6172
2026-03-14 09:15:52.560,-1.4123,-1.1942,9.6445
2026-03-14 09:15:52.570,-1.2189,-1.1795,9.9831
2026-03-14 09:15:52.580,-0.7631,-0.821,9.8152
2026-03-14 09:15:52.590,-0.6371,-0.6187,9.5823
2026-03-14 09:15:52.600,-0.5624,-0.6053,9.5131
2026-03-14 09:15:52.610,-0.6966,-0.0606,9.3848
2026-03-14 09:15:52.620,-0.0997,-0.1762,9.7724
2026-03-14 09:15:52.630,0.3098,0.3674,9.877
2026-03-14 09:15:52.640,0.242,0.3719,9.7132
2026-03-14 09:15:52.650,0.6188,0.456,10.5534
2026-03-14 09:15:52.660,0.8227,0.9743,10.3306
2026-03-14 09:15:52.670,0.6635,0.915,10.3934
2026-03-14 09:15:52.680,0.8979,0.9972,9.8278
2026-03-14 09:15:52.690,0.9741,1.0917,10.1905
2026-03-14 09:15:52.700,1.1673,1.2248,9.8003
2026-03-14 09:15:52.710,1.1505,0.8512,9.918
2026-03-14 09:15:52.720,1.2267,0.9142,9.9053
2026-03-14 09:15:52.730,1.228,0.8382,10.2903
2026-03-14 09:15:52.740,1.1563,0.7245,10.1955
2026-03-14 09:15:52.750,1.3197,0.7522,10.1105
2026-03-14 09:15:52.760,1.3698,0.2827,9.5255
2026-03-14 09:15:52.770,1.1879,0.2568,9.8322
2026-03-14 09:15:52.780,1.4063,0.4242,9.4391
2026-03-14 09:15:52.790,1.0089,0.1275,9.4452
2026-03-14 09:15:52.800,1.0577,0.0644,8.9848
2026-03-14 09:15:52.810,1.1354,0.0009,9.2404
2026-03-14 09:15:52.820,1.0005,-0.0974,9.4858
2026-03-14 09:15:52.830,0.9914,0.0652,9.6099
2026-03-14 09:15:52.840,0.7186,-0.1633,9.7517
2026-03-14 09:15:52.850,0.5303,-0.0267,10.0013
2026-03-14 09:15:52.860,0.3363,0.0753,9.9988
2026-03-14 09:15:52.870,0.2138,-0.1453,9.5753
2026-03-14 09:15:52.880,0.3368,0.1247,9.6324
2026-03-14 09:15:52.890,0.1386,0.2879,9.6533
2026-03-14 09:15:52.900,-0.2179,0.0741,9.5778
2026-03-14 09:15:52.910,-0.1338,0.1306,9.9495
2026-03-14 09:15:52.920,-0.4691,0.3823,10.3151
2026-03-14 09:15:52.930,,0.3233,10.0024
2026-03-14 09:15:52.940,-0.5612,0.385,10.2399
2026-03-14 09:15:52.950,-0.6583,0.4184,9.9466
2026-03-14 09:15:52.960,-0.8224,-0.2807,9.5561
2026-03-14 09:15:52.970,-0.9494,0.1024,10.0711
2026-03-14 09:15:52.980,-0.9002,-0.3183,9.3511
2026-03-14 09:15:52.990,-1.0607,-0.3015,9.6471
2026-03-14 09:15:53.000,-1.2563,-0.7451,9.8677
2026-03-14 09:15:53.010,-1.4181,-0.8259,10.2791
2026-03-14 09:15:53.020,-1.4154,-1.0422,9.9748
2026-03-14 09:15:53.030,-1.4421,-1.0273,9.5618
2026-03-14 09:15:53.040,-1.6793,-1.1099,9.6489
2026-03-14 09:15:53.050,-1.6025,-1.1859,9.4303
2026-03-14 09:15:53.060,-1.4464,-1.2458,9.3034
2026-03-14 09:15:53.070,-1.2737,-0.9464,9.224
2026-03-14 09:15:53.080,-1.301,-1.3132,9.7158
2026-03-14 09:15:53.090,-1.2881,-0.8888,9.6615
2026-03-14 09:15:53.100,-1.1113,-1.1137,10.0678
2026-03-14 09:15:53.110,-0.8399,-0.7758,9.9484
2026-03-14 09:15:53.120,-0.7354,-0.5572,9.6998
2026-03-14 09:15:53.130,-0.7649,-0.7282,9.8306
2026-03-14 09:15:53.140,-0.3335,0.0284,9.7021
2026-03-14 09:15:53.150,-0.3264,0.0546,9.6037
2026-03-14 09:15:53.160,-0.0815,0.245,9.3886
2026-03-14 09:15:53.170,,0.3136,9.932
2026-03-14 09:15:53.180,0.5666,0.6101,10.1319
2026-03-14 09:15:53.190,0.8032,0.8791,10.1501
2026-03-14 09:15:53.200,0.9435,0.9453,10.6908
2026-03-14 09:15:53.210,1.1057,0.8574,10.2282
2026-03-14 09:15:53.220,,0.9295,10.2603
2026-03-14 09:15:53.230,0.9502,1.1151,10.1666
2026-03-14 09:15:53.240,1.2077,1.015,9.7538
2026-03-14 09:15:53.250,1.5233,1.099,9.6023
2026-03-14 09:15:53.260,1.1201,0.952,9.6016
2026-03-14 09:15:53.270,1.7229,0.8829,9.8101
2026-03-14 09:15:53.280,1.3742,0.5616,9.8794
2026-03-14 09:15:53.290,1.2349,0.4378,10.4079
2026-03-14 09:15:53.300,1.328,0.5492,9.273
2026-03-14 09:15:53.310,1.0846,-0.0481,9.7637
2026-03-14 09:15:53.320,1.3037,,9.4695
2026-03-14 09:15:53.330,0.9657,-0.2248,9.4523
2026-03-14 09:15:53.340,0.8719,0.1924,9.2726
2026-03-14 09:15:53.350,0.7116,0.1218,9.5213
2026-03-14 09:15:53.360,0.7445,-0.0608,9.5375
2026-03-14 09:15:53.370,0.8983,-0.0679,10.0552
2026-03-14 09:15:53.380,0.335,0.0094,10.0846
2026-03-14 09:15:53.390,0.3082,0.0556,9.9931
2026-03-14 09:15:53.400,0.589,0.0186,10.1318
2026-03-14 09:15:53.410,0.243,0.1666,9.4678
2026-03-14 09:15:53.420,0.2911,0.4783,9.3337
2026-03-14 09:15:53.430,0.1064,0.3237,9.5628
2026-03-14 09:15:53.440,-0.1545,-0.0634,10.1428
2026-03-14 09:15:53.450,-0.5669,0.3877,10.2806
2026-03-14 09:15:53.460,-0.1594,0.4545,10.2588
2026-03-14 09:15:53.470,-0.5367,0.0862,10.1382
2026-03-14 09:15:53.480,-0.798,0.1805,10.1686
2026-03-14 09:15:53.490,-0.6703,0.2033,10.0336
2026-03-14 09:15:53.500,-1.1148,-0.3257,9.9651
2026-03-14 09:15:53.510,-1.1303,-0.0193,9.4802
2026-03-14 09:15:53.520,-1.0018,-0.5032,9.4795
2026-03-14 09:15:53.530,-1.2964,-0.573,9.3661
2026-03-14 09:15:53.540,-1.5783,-0.6079,9.9215
2026-03-14 09:15:53.550,-1.4442,-0.6427,10.0123
2026-03-14 09:15:53.560,-1.5513,-1.2013,10.1111
2026-03-14 09:15:53.570,-1.4334,-0.7011,9.9768
2026-03-14 09:15:53.580,-1.7158,-1.2817,9.6992
2026-03-14 09:15:53.590,-1.2883,-0.7129,9.5825
2026-03-14 09:15:53.600,-1.3067,-0.9995,9.3631
2026-03-14 09:15:53.610,-1.2865,-1.2396,9.3382
2026-03-14 09:15:53.620,-1.2857,-1.1239,9.3889
2026-03-14 09:15:53.630,-1.1086,-0.8318,9.8134
2026-03-14 09:15:53.640,-0.8445,-0.5967,9.7078
2026-03-14 09:15:53.650,-0.6051,-0.7066,9.7139
2026-03-14 09:15:53.660,-0.229,-0.504,10.0598
2026-03-14 09:15:53.670,-0.2034,-0.2733,10.1383
2026-03-14 09:15:53.680,,0.0046,10.1051
2026-03-14 09:15:53.690,0.4077,0.31,9.7745
2026-03-14 09:15:53.700,0.4936,0.4854,9.7307
2026-03-14 09:15:53.710,0.7722,0.7193,9.6465
2026-03-14 09:15:53.720,0.6329,1.079,10.2935
2026-03-14 09:15:53.730,1.0405,1.0211,10.6024
2026-03-14 09:15:53.740,0.8778,0.8869,10.3264
2026-03-14 09:15:53.750,1.2638,0.9455,10.2632
2026-03-14 09:15:53.760,1.017,1.1653,10.3616
2026-03-14 09:15:53.770,1.386,0.8886,10.2263
2026-03-14 09:15:53.780,1.0813,0.9173,9.5071
2026-03-14 09:15:53.790,1.2745,0.896,9.7127
2026-03-14 09:15:53.800,1.5423,0.8753,9.1319
2026-03-14 09:15:53.810,1.3604,0.5294,9.6082
2026-03-14 09:15:53.820,1.7013,0.4764,9.6623
2026-03-14 09:15:53.830,1.1583,0.1038,9.7951
2026-03-14 09:15:53.840,1.1211,0.3304,10.0415
2026-03-14 09:15:53.850,0.8429,0.2351,9.8562
2026-03-14 09:15:53.860,0.8754,-0.2462,9.8082
2026-03-14 09:15:53.870,0.8567,0.0217,9.6299
2026-03-14 09:15:53.880,0.9141,0.2644,9.2686
2026-03-14 09:15:53.890,0.8113,0.1266,9.0706
2026-03-14 09:15:53.900,0.7339,-0.2134,9.3669
2026-03-14 09:15:53.910,0.4205,-0.1039,9.9552
2026-03-14 09:15:53.920,0.3272,-0.1828,9.526
2026-03-14 09:15:53.930,0.4129,0.0258,10.0679
2026-03-14 09:15:53.940,0.2582,0.308,9.8133
2026-03-14 09:15:53.950,0.1552,0.2874,9.8221
2026-03-14 09:15:53.960,-0.0012,0.2053,9.8346
2026-03-14 09:15:53.970,-0.2442,0.4104,9.8141
2026-03-14 09:15:53.980,-0.3134,0.4673,9.7912
2026-03-14 09:15:53.990,-0.3684,0.1347,9.6583
2026-03-14 09:15:54.000,-0.7942,0.3079,9.7238
2026-03-14 09:15:54.010,-0.7287,0.0045,10.373
2026-03-14 09:15:54.020,-1.1067,0.0879,10.3321
2026-03-14 09:15:54.030,-1.0891,-0.1608,10.2815
2026-03-14 09:15:54.040,-0.8982,-0.4737,10.1538
2026-03-14 09:15:54.050,-1.3585,-0.1264,9.7709
2026-03-14 09:15:54.060,-1.7221,-0.6278,9.5606
2026-03-14 09:15:54.070,-1.6617,-0.8011,9.0844
2026-03-14 09:15:54.080,-1.318,-0.9484,9.6547
2026-03-14 09:15:54.090,-1.4614,-1.275,9.3429
2026-03-14 09:15:54.100,-1.2139,-1.4469,9.8661
2026-03-14 09:15:54.110,-1.4263,-1.354,9.4756
2026-03-14 09:15:54.120,-1.3769,-1.1363,9.681
2026-03-14 09:15:54.130,-1.3792,-1.3912,9.7989
2026-03-14 09:15:54.140,-1.1579,-1.1907,9.6081
2026-03-14 09:15:54.150,-1.3132,-1.2659,9.1939
2026-03-14 09:15:54.160,-1.1335,-0.7601,9.1717
2026-03-14 09:15:54.170,-0.5618,-0.5552,9.4253
2026-03-14 09:15:54.180,-0.5675,-0.4765,9.1517
2026-03-14 09:15:54.190,-0.4132,-0.2545,10.1569
2026-03-14 09:15:54.200,-0.2258,-0.0901,10.1051
2026-03-14 09:15:54.210,0.1545,0.1669,10.1367
2026-03-14 09:15:54.220,0.3333,0.2562,9.7916
2026-03-14 09:15:54.230,0.3878,0.5901,9.8519
2026-03-14 09:15:54.240,0.5834,1.0349,9.6637
2026-03-14 09:15:54.250,0.6926,0.97,9.991
2026-03-14 09:15:54.260,0.9795,0.9602,10.0249
2026-03-14 09:15:54.270,1.23,1.18,9.7487
2026-03-14 09:15:54.280,1.1543,1.0588,10.2552
2026-03-14 09:15:54.290,1.4824,0.9548,10.2637
2026-03-14 09:15:54.300,1.537,1.0277,10.2837
2026-03-14 09:15:54.310,1.2825,0.7935,10.1729
2026-03-14 09:15:54.320,1.3627,0.6018,10.047
2026-03-14 09:15:54.330,1.4982,0.5577,9.6131
2026-03-14 09:15:54.340,1.3556,0.2296,9.6677
2026-03-14 09:15:54.350,1.1503,0.282,9.7436
2026-03-14 09:15:54.360,1.1653,0.349,9.8253
2026-03-14 09:15:54.370,1.0155,0.0055,9.4766
2026-03-14 09:15:54.380,1.1701,-0.0893,9.7898
2026-03-14 09:15:54.390,1.1548,-0.0928,9.7024
2026-03-14 09:15:54.400,1.0568,0.2348,9.4004
2026-03-14 09:15:54.410,0.8909,0.0711,9.7396
2026-03-14 09:15:54.420,0.9042,-0.4383,9.3916
2026-03-14 09:15:54.430,0.731,-0.1149,9.3828
2026-03-14 09:15:54.440,0.5987,-0.0063,9.5787
2026-03-14 09:15:54.450,0.5386,-0.065,9.7861
2026-03-14 09:15:54.460,0.3949,0.0117,10.5357
2026-03-14 09:15:54.470,0.1257,0.2115,10.3317
2026-03-14 09:15:54.480,0.0786,0.1354,10.5447
2026-03-14 09:15:54.490,-0.2769,0.4369,10.3067
2026-03-14 09:15:54.500,0.0125,0.5489,9.8867
2026-03-14 09:15:54.510,-0.2893,0.2903,10.2383
2026-03-14 09:15:54.520,-0.5359,-0.0381,9.9646
2026-03-14 09:15:54.530,-0.914,0.2347,9.8713
2026-03-14 09:15:54.540,-0.8599,-0.0345,9.7727
2026-03-14 09:15:54.550,,-0.1148,10.3717
2026-03-14 09:15:54.560,-1.2227,-0.0848,9.9113
2026-03-14 09:15:54.570,-1.425,-0.3906,10.1081
2026-03-14 09:15:54.580,-1.1144,-0.5035,10.0546
2026-03-14 09:15:54.590,-1.0026,-0.6453,9.9038
2026-03-14 09:15:54.600,-1.3468,-0.9101,9.5762
2026-03-14 09:15:54.610,-1.6275,-1.0543,9.2176
2026-03-14 09:15:54.620,-1.317,-1.2637,9.3376
2026-03-14 09:15:54.630,-1.5979,-1.3599,9.5514
2026-03-14 09:15:54.640,-1.44,-1.19,9.6633
2026-03-14 09:15:54.650,-1.6749,-1.1227,9.8085
2026-03-14 09:15:54.660,-1.0221,-1.2898,10.0487
2026-03-14 09:15:54.670,-1.1899,-1.1458,9.9823
2026-03-14 09:15:54.680,-1.0086,-1.0065,10.1876
2026-03-14 09:15:54.690,-0.8424,-0.8048,9.4183
2026-03-14 09:15:54.700,-0.5164,-0.4909,9.3645
2026-03-14 09:15:54.710,-0.4551,-0.2872,9.6744
2026-03-14 09:15:54.720,-0.3916,-0.1044,9.6539
2026-03-14 09:15:54.730,-0.0685,0.1045,9.3982
2026-03-14 09:15:54.740,0.1405,0.3213,10.1046
2026-03-14 09:15:54.750,0.1761,0.8411,10.2644
2026-03-14 09:15:54.760,0.3691,0.8169,9.9412
2026-03-14 09:15:54.770,0.7934,,9.8498
2026-03-14 09:15:54.780,1.2077,0.9049,9.9761
2026-03-14 09:15:54.790,0.658,0.8123,9.6971
2026-03-14 09:15:54.800,1.2534,1.1289,9.8687
2026-03-14 09:15:54.810,1.0116,0.9276,9.8869
2026-03-14 09:15:54.820,1.4082,1.0827,10.1922
2026-03-14 09:15:54.830,1.5406,1.2467,10.0182
2026-03-14 09:15:54.840,1.5042,0.7007,10.2088
2026-03-14 09:15:54.850,1.417,0.7987,9.7073
2026-03-14 09:15:54.860,1.4346,0.6856,9.8956
2026-03-14 09:15:54.870,1.3485,0.4025,9.6441
2026-03-14 09:15:54.880,1.2519,0.0224,9.1848
2026-03-14 09:15:54.890,1.3911,0.337,9.7991
2026-03-14 09:15:54.900,1.1193,0.1742,9.4663
2026-03-14 09:15:54.910,0.9057,0.0679,9.6832
2026-03-14 09:15:54.920,0.992,0.0102,9.8507
2026-03-14 09:15:54.930,0.7897,0.1759,9.6465
2026-03-14 09:15:54.940,0.7631,-0.0415,9.6604
2026-03-14 09:15:54.950,0.378,0.2073,9.843
2026-03-14 09:15:54.960,0.5993,0.1934,9.5599
2026-03-14 09:15:54.970,0.351,0.1444,9.6981
2026-03-14 09:15:54.980,0.4251,0.1709,9.6406
2026-03-14 09:15:54.990,0.2122,-0.0927,9.6706
2026-03-14 09:15:55.000,0.1789,0.1895,9.8715
2026-03-14 09:15:55.010,0.0336,0.5016,10.225
2026-03-14 09:15:55.020,-0.266,0.6228,9.9991
2026-03-14 09:15:55.030,-0.2876,0.1592,10.3107
2026-03-14 09:15:55.040,-0.6851,0.1726,10.4516
2026-03-14 09:15:55.050,-0.5188,0.0936,10.0711
2026-03-14 09:15:55.060,-0.7136,0.052,9.9573
2026-03-14 09:15:55.070,-1.2045,-0.1843,9.6888
2026-03-14 09:15:55.080,-0.9693,0.0766,9.9519
2026-03-14 09:15:55.090,-1.0323,-0.5102,9.8431
2026-03-14 09:15:55.100,-1.4258,-0.4273,9.9036
2026-03-14 09:15:55.110,-1.1096,-0.6954,9.9819
2026-03-14 09:15:55.120,-1.4923,-0.5301,10.034
2026-03-14 09:15:55.130,-1.2216,-0.8176,9.6419
2026-03-14 09:15:55.140,-1.3974,,9.3092
2026-03-14 09:15:55.150,-1.4032,,9.7833
2026-03-14 09:15:55.160,-1.5713,-1.1478,9.4147
2026-03-14 09:15:55.170,-1.3866,-1.3947,9.2345
2026-03-14 09:15:55.180,-1.4967,-1.1641,9.1698
2026-03-14 09:15:55.190,-1.1151,-1.0137,9.3281
2026-03-14 09:15:55.200,-1.1367,-1.1052,9.58
2026-03-14 09:15:55.210,-0.9658,-0.965,9.6554
2026-03-14 09:15:55.220,-0.946,-1.0946,10.0544
2026-03-14 09:15:55.230,-0.5952,-0.5627,9.3854
2026-03-14 09:15:55.240,-0.4369,-0.4299,9.7645
2026-03-14 09:15:55.250,-0.5027,-0.1505,9.6966
2026-03-14 09:15:55.260,0.0359,0.0851,9.6392
2026-03-14 09:15:55.270,-0.0043,0.2036,9.506
2026-03-14 09:15:55.280,0.2068,0.741,10.0398
2026-03-14 09:15:55.290,0.3541,0.9021,10.6399
2026-03-14 09:15:55.300,0.8773,1.1614,9.9889
2026-03-14 09:15:55.310,0.7701,1.0404,10.2314
2026-03-14 09:15:55.320,1.1135,0.9272,10.4213
2026-03-14 09:15:55.330,1.0986,1.0227,9.743
2026-03-14 09:15:55.340,1.2927,0.9758,10.0656
2026-03-14 09:15:55.350,1.1505,1.0889,9.4268
2026-03-14 09:15:55.360,1.7162,0.678,9.9593
2026-03-14 09:15:55.370,1.3933,0.8831,10.4163
2026-03-14 09:15:55.380,1.0223,0.7814,9.6965
2026-03-14 09:15:55.390,1.4153,0.7822,10.0115
2026-03-14 09:15:55.400,1.4379,0.1687,9.7436
2026-03-14 09:15:55.410,1.3111,0.2371,9.7455
2026-03-14 09:15:55.420,,0.2157,9.2614
2026-03-14 09:15:55.430,1.0471,0.1478,9.0622
2026-03-14 09:15:55.440,1.0279,-0.2551,9.1241
2026-03-14 09:15:55.450,0.9666,-0.2085,9.6667
2026-03-14 09:15:55.460,0.7365,-0.2205,9.8797
2026-03-14 09:15:55.470,0.6765,0.0062,10.0209
2026-03-14 09:15:55.480,0.8585,-0.1349,9.9797
2026-03-14 09:15:55.490,0.5269,0.0386,9.548
2026-03-14 09:15:55.500,0.4713,0.3115,9.6552
2026-03-14 09:15:55.510,0.5046,0.4034,9.9506
2026-03-14 09:15:55.520,0.2628,0.3244,9.6451
2026-03-14 09:15:55.530,-0.1089,0.3196,9.7842
2026-03-14 09:15:55.540,-0.0779,0.3771,9.5988
2026-03-14 09:15:55.550,0.0715,0.1541,10.0822
2026-03-14 09:15:55.560,-0.3764,0.418,10.3891
2026-03-14 09:15:55.570,-0.3096,0.2807,10.3673
2026-03-14 09:15:55.580,-0.5504,0.2625,10.1263
2026-03-14 09:15:55.590,-0.7283,0.2846,9.8604
2026-03-14 09:15:55.600,-1.0208,-0.1337,9.4369
2026-03-14 09:15:55.610,-1.1414,-0.1604,10.0534
2026-03-14 09:15:55.620,-1.2211,-0.2171,9.6606
2026-03-14 09:15:55.630,-1.1304,-0.7522,10.0012
2026-03-14 09:15:55.640,-1.2865,-0.5031,10.1978
2026-03-14 09:15:55.650,-1.366,-1.1065,10.1516
2026-03-14 09:15:55.660,-1.5649,-0.8825,9.9422
2026-03-14 09:15:55.670,-1.2798,-1.1755,10.0086
2026-03-14 09:15:55.680,-1.4913,,
2026-03-14 09:15:55.690,-1.6266,-1.3604,9.5167
2026-03-14 09:15:55.700,-1.2668,-1.2533,9.2433
2026-03-14 09:15:55.710,-1.0472,-1.2682,9.4861
2026-03-14 09:15:55.720,-1.3701,-1.1578,9.947
2026-03-14 09:15:55.730,-0.9966,-0.6253,9.5119
2026-03-14 09:15:55.740,-0.9069,-0.9161,9.628
2026-03-14 09:15:55.750,-0.6288,-0.7167,
2026-03-14 09:15:55.760,-0.3344,-0.3838,9.9555
2026-03-14 09:15:55.770,-0.4307,-0.1819,9.7367
2026-03-14 09:15:55.780,0.1408,-0.0693,9.7749
2026-03-14 09:15:55.790,0.324,0.3547,9.5568
2026-03-14 09:15:55.800,0.1047,0.5819,10.3393
2026-03-14 09:15:55.810,0.5017,0.5972,9.9967
2026-03-14 09:15:55.820,0.4741,0.8008,9.9134
2026-03-14 09:15:55.830,0.9092,1.0047,10.1552
2026-03-14 09:15:55.840,,0.9169,10.7745
2026-03-14 09:15:55.850,1.1249,1.0239,10.1967
2026-03-14 09:15:55.860,1.0134,1.0945,10.2388
2026-03-14 09:15:55.870,1.0318,1.1662,9.9068
2026-03-14 09:15:55.880,,0.8359,9.8872
2026-03-14 09:15:55.890,1.1684,0.8392,9.6703
2026-03-14 09:15:55.900,1.5292,0.7037,9.5541
2026-03-14 09:15:55.910,1.4201,0.5511,9.8958
2026-03-14 09:15:55.920,1.392,0.4389,10.0793
2026-03-14 09:15:55.930,1.1982,0.2331,10.1591
2026-03-14 09:15:55.940,1.4228,0.2992,9.724
2026-03-14 09:15:55.950,0.9529,0.193,9.5881
2026-03-14 09:15:55.960,1.144,0.1031,9.6903
2026-03-14 09:15:55.970,,0.2113,9.0737
2026-03-14 09:15:55.980,0.9571,0.1777,9.6626
2026-03-14 09:15:55.990,0.9396,-0.261,9.5879
2026-03-14 09:15:56.000,0.322,-0.2609,9.496
2026-03-14 09:15:56.010,0.4301,-0.2453,9.4977
2026-03-14 09:15:56.020,0.3442,0.0559,9.9619
2026-03-14 09:15:56.030,0.3765,0.2626,10.0281
2026-03-14 09:15:56.040,0.2621,-0.0527,9.7501
2026-03-14 09:15:56.050,0.1438,0.1005,9.7083
2026-03-14 09:15:56.060,-0.0737,0.1933,9.5742
2026-03-14 09:15:56.070,0.2127,0.2263,9.6015
2026-03-14 09:15:56.080,-0.4895,0.3046,9.9698
2026-03-14 09:15:56.090,-0.4231,0.1645,10.134
2026-03-14 09:15:56.100,-0.3719,0.368,9.9621
2026-03-14 09:15:56.110,-0.823,0.102,10.0558
2026-03-14 09:15:56.120,-0.9339,0.2378,10.3499
2026-03-14 09:15:56.130,-1.1241,-0.0706,9.6478
2026-03-14 09:15:56.140,-1.0941,-0.2826,9.9212
2026-03-14 09:15:56.150,-1.7085,-0.5951,9.4077
2026-03-14 09:15:56.160,-1.0606,-0.6418,9.7351
2026-03-14 09:15:56.170,-1.5612,-0.5346,9.8628
2026-03-14 09:15:56.180,-1.2576,-1.0136,10.0178
2026-03-14 09:15:56.190,-1.5613,-1.1339,9.7456
2026-03-14 09:15:56.200,-1.432,-1.0587,9.8762
2026-03-14 09:15:56.210,-1.7182,-1.1775,9.4654
2026-03-14 09:15:56.220,-1.1755,-1.3443,
2026-03-14 09:15:56.230,-1.5194,-1.2854,9.835
2026-03-14 09:15:56.240,-1.2731,-1.081,9.2095
2026-03-14 09:15:56.250,-1.5246,-1.0206,9.7669
2026-03-14 09:15:56.260,-1.3587,-0.7804,9.4026
2026-03-14 09:15:56.270,-1.2087,-0.5597,9.6584
2026-03-14 09:15:56.280,-0.3827,-0.5999,9.9255
2026-03-14 09:15:56.290,-0.4513,-0.3003,9.6798
2026-03-14 09:15:56.300,0.1273,-0.2281,9.9745
2026-03-14 09:15:56.310,-0.0893,-0.0437,10.0211
2026-03-14 09:15:56.320,0.1534,0.0078,9.8207
2026-03-14 09:15:56.330,0.0876,0.7009,9.8059
2026-03-14 09:15:56.340,0.6192,0.3981,9.9595
2026-03-14 09:15:56.350,0.7266,0.9061,10.1525
2026-03-14 09:15:56.360,1.0618,1.1474,10.1705
2026-03-14 09:15:56.370,1.2609,0.9548,9.872
2026-03-14 09:15:56.380,1.1174,0.8419,10.2502
2026-03-14 09:15:56.390,1.5025,1.1837,10.3005
2026-03-14 09:15:56.400,1.2293,1.0837,10.2957
2026-03-14 09:15:56.410,1.1608,1.0123,10.1578
2026-03-14 09:15:56.420,1.3106,1.037,9.6528
2026-03-14 09:15:56.430,1.6656,0.6068,9.7015
2026-03-14 09:15:56.440,1.1969,0.4341,9.331
2026-03-14 09:15:56.450,1.2035,0.3857,9.3622
2026-03-14 09:15:56.460,1.024,0.2994,9.5196
2026-03-14 09:15:56.470,1.1192,0.2658,9.8966
2026-03-14 09:15:56.480,1.1262,0.2257,9.7862
2026-03-14 09:15:56.490,0.836,-0.1697,9.5929
2026-03-14 09:15:56.500,1.1055,0.0793,9.4777
2026-03-14 09:15:56.510,0.8227,-0.1609,9.5415
2026-03-14 09:15:56.520,0.6612,-0.1076,9.8388
2026-03-14 09:15:56.530,0.4975,-0.0669,9.5877
2026-03-14 09:15:56.540,0.4648,0.0616,9.7392
2026-03-14 09:15:56.550,0.3136,0.2934,9.6209
2026-03-14 09:15:56.560,0.4973,0.2167,10.1786
2026-03-14 09:15:56.570,0.3325,0.2226,10.2418
2026-03-14 09:15:56.580,-0.1774,0.4311,9.9741
2026-03-14 09:15:56.590,0.2007,0.199,9.9363
2026-03-14 09:15:56.600,-0.1139,0.4362,10.0999
2026-03-14 09:15:56.610,-0.2939,0.1322,9.5711
2026-03-14 09:15:56.620,-0.1903,0.1278,10.0476
2026-03-14 09:15:56.630,-0.5837,0.1739,10.0277
2026-03-14 09:15:56.640,-0.7692,-0.0088,10.0028
2026-03-14 09:15:56.650,-0.9854,0.2118,10.0546
2026-03-14 09:15:56.660,-0.9457,-0.162,10.2092
2026-03-14 09:15:56.670,-1.1484,-0.3355,10.2082
2026-03-14 09:15:56.680,-1.1389,-0.7279,10.0841
2026-03-14 09:15:56.690,-1.4017,-0.5959,9.6807
2026-03-14 09:15:56.700,-1.4965,-0.6561,9.3837
2026-03-14 09:15:56.710,-1.3145,-0.7567,9.2166
2026-03-14 09:15:56.720,-1.5238,-0.9859,9.386
2026-03-14 09:15:56.730,-1.3299,-1.3054,9.6625
2026-03-14 09:15:56.740,-1.7835,-0.9096,9.6214
2026-03-14 09:15:56.750,-1.3304,-1.4588,9.7431
2026-03-14 09:15:56.760,-1.2382,-1.0174,9.7957
2026-03-14 09:15:56.770,-1.0105,-1.2047,9.6859
2026-03-14 09:15:56.780,-0.8122,-1.2323,9.4118
2026-03-14 09:15:56.790,-0.9731,-0.7059,9.4032
2026-03-14 09:15:56.800,-0.6137,-0.7319,9.5404
2026-03-14 09:15:56.810,-0.4006,-0.5056,9.6907
2026-03-14 09:15:56.820,-0.4618,-0.3674,9.8383
2026-03-14 09:15:56.830,-0.2443,-0.2443,10.1761
2026-03-14 09:15:56.840,,0.191,9.9181
2026-03-14 09:15:56.850,0.3422,0.1665,10.3532
2026-03-14 09:15:56.860,0.326,0.5506,10.0547
2026-03-14 09:15:56.870,0.6146,0.6687,10.2438
2026-03-14 09:15:56.880,0.8076,1.0419,9.5918
2026-03-14 09:15:56.890,0.8397,1.2166,9.7161
2026-03-14 09:15:56.900,1.0577,0.939,10.1357
2026-03-14 09:15:56.910,1.1333,1.3501,9.9337
2026-03-14 09:15:56.920,1.4188,1.0553,10.2659
2026-03-14 09:15:56.930,1.3478,1.0233,9.8867
2026-03-14 09:15:56.940,1.5086,0.6924,9.942
2026-03-14 09:15:56.950,1.539,1.0357,10.0122
2026-03-14 09:15:56.960,1.5444,0.6303,10.0564
2026-03-14 09:15:56.970,1.3903,0.3549,9.4974
2026-03-14 09:15:56.980,1.6995,0.5215,9.7134
2026-03-14 09:15:56.990,1.3605,,9.5321
2026-03-14 09:15:57.000,1.2949,0.0727,9.5458
2026-03-14 09:15:57.010,1.0989,-0.0941,9.5339
2026-03-14 09:15:57.020,1.0936,0.09,10.0927
2026-03-14 09:15:57.030,0.9567,-0.1205,9.5884
2026-03-14 09:15:57.040,0.9064,-0.1335,9.8071
2026-03-14 09:15:57.050,0.508,-0.1781,9.4369
2026-03-14 09:15:57.060,0.5648,-0.104,9.1954
2026-03-14 09:15:57.070,0.4218,-0.1288,9.6217
2026-03-14 09:15:57.080,0.1037,0.3247,9.6182
2026-03-14 09:15:57.090,0.2257,0.0639,10.0324
2026-03-14 09:15:57.100,-0.0719,0.2674,10.0584
2026-03-14 09:15:57.110,0.0755,0.2385,9.7921
2026-03-14 09:15:57.120,-0.0327,,9.9736
2026-03-14 09:15:57.130,-0.1252,0.2096,9.539
2026-03-14 09:15:57.140,-0.2513,0.3305,9.8558
2026-03-14 09:15:57.150,-0.1835,0.0551,9.6307
2026-03-14 09:15:57.160,-0.7876,-0.0104,9.7186
2026-03-14 09:15:57.170,-0.6246,0.3101,9.8527
2026-03-14 09:15:57.180,-1.2567,0.0467,9.7533
2026-03-14 09:15:57.190,-1.0515,-0.3789,10.1732
2026-03-14 09:15:57.200,-1.266,-0.3988,10.4442
2026-03-14 09:15:57.210,-1.3984,-0.5622,9.7879
2026-03-14 09:15:57.220,-1.2979,-0.6949,10.0356
2026-03-14 09:15:57.230,-1.1934,-0.7675,9.4714
2026-03-14 09:15:57.240,-1.5477,-0.9644,9.3453
2026-03-14 09:15:57.250,-1.2727,-0.9677,9.4216
2026-03-14 09:15:57.260,-1.349,-1.3761,9.4843
2026-03-14 09:15:57.270,-1.278,-1.1365,9.5925
2026-03-14 09:15:57.280,-1.2868,-1.2833,9.7593
2026-03-14 09:15:57.290,-1.2967,-1.3199,10.1455
2026-03-14 09:15:57.300,-1.0818,-1.0341,9.6746
2026-03-14 09:15:57.310,-1.1981,-0.7414,9.9933
2026-03-14 09:15:57.320,-1.0728,-0.8399,9.6337
2026-03-14 09:15:57.330,-0.4697,-0.7537,9.3889
2026-03-14 09:15:57.340,-0.3954,-0.244,9.7289
2026-03-14 09:15:57.350,-0.3861,,9.4894
2026-03-14 09:15:57.360,-0.2259,0.2712,9.4203
2026-03-14 09:15:57.370,-0.0382,0.3745,9.9785
2026-03-14 09:15:57.380,0.174,0.1792,10.1351
2026-03-14 09:15:57.390,0.7179,0.4501,10.3768
2026-03-14 09:15:57.400,0.8773,0.7368,9.7698
2026-03-14 09:15:57.410,0.8079,0.9025,10.2793
2026-03-14 09:15:57.420,0.9691,0.9448,9.9801
2026-03-14 09:15:57.430,0.9309,1.0283,9.7954
2026-03-14 09:15:57.440,1.053,1.1493,9.3543
2026-03-14 09:15:57.450,1.4152,0.9493,9.6321
2026-03-14 09:15:57.460,1.2095,1.0911,9.9232
2026-03-14 09:15:57.470,1.2849,0.8745,10.1053
2026-03-14 09:15:57.480,1.3269,0.7201,10.1363
2026-03-14 09:15:57.490,1.3815,0.9617,10.0297
2026-03-14 09:15:57.500,1.3664,0.4458,9.8113
2026-03-14 09:15:57.510,1.2736,0.2206,9.6764
2026-03-14 09:15:57.520,1.1215,0.1582,9.4213
2026-03-14 09:15:57.530,1.0535,0.0614,9.5273
2026-03-14 09:15:57.540,0.8832,0.2841,9.2889
2026-03-14 09:15:57.550,0.8911,-0.0301,9.6228
2026-03-14 09:15:57.560,0.7337,-0.0022,9.6482
2026-03-14 09:15:57.570,0.5465,0.0267,9.8535
2026-03-14 09:15:57.580,1.0537,0.1069,10.0032
2026-03-14 09:15:57.590,0.3789,-0.0878,9.515
2026-03-14 09:15:57.600,0.4596,-0.2106,9.546
2026-03-14 09:15:57.610,0.5471,0.049,9.6396
2026-03-14 09:15:57.620,0.1743,0.3911,9.8825
2026-03-14 09:15:57.630,-0.0114,0.0621,9.6099
2026-03-14 09:15:57.640,0.0262,0.2643,9.9454
2026-03-14 09:15:57.650,-0.2007,0.3565,10.1746
2026-03-14 09:15:57.660,-0.0706,0.1179,10.2305
2026-03-14 09:15:57.670,-0.2623,0.3175,10.0505
2026-03-14 09:15:57.680,-0.4843,0.4982,10.2043
2026-03-14 09:15:57.690,-0.6725,-0.1869,10.1686
2026-03-14 09:15:57.700,-0.9199,0.0089,9.3209
2026-03-14 09:15:57.710,-0.766,-0.1461,9.7224
2026-03-14 09:15:57.720,-1.0827,-0.4267,10.009
2026-03-14 09:15:57.730,-1.2859,-0.5265,9.7801
2026-03-14 09:15:57.740,-1.2231,-0.6321,10.3144
2026-03-14 09:15:57.750,-1.428,-0.5837,9.8699
2026-03-14 09:15:57.760,-1.3753,-0.8388,10.136
2026-03-14 09:15:57.770,-1.7471,-1.1649,9.8686
2026-03-14 09:15:57.780,-1.437,-1.2038,9.4466
2026-03-14 09:15:57.790,-1.3693,-1.3174,9.3835
2026-03-14 09:15:57.800,-1.6889,-1.066,9.4073
2026-03-14 09:15:57.810,-1.4974,-1.4474,9.645
2026-03-14 09:15:57.820,-1.4364,-1.0865,9.3595
2026-03-14 09:15:57.830,-1.2765,-1.0013,9.9679
2026-03-14 09:15:57.840,-0.9988,-0.8682,9.6197
2026-03-14 09:15:57.850,-0.5897,,9.937
2026-03-14 09:15:57.860,-0.48,-0.3246,9.8812
2026-03-14 09:15:57.870,-0.2262,-0.4862,9.4742
2026-03-14 09:15:57.880,0.0304,0.0339,9.47
2026-03-14 09:15:57.890,-0.0364,0.159,9.7631
2026-03-14 09:15:57.900,0.061,0.5185,9.7006
2026-03-14 09:15:57.910,0.2512,0.2688,9.6001
2026-03-14 09:15:57.920,0.505,0.7743,10.2996
2026-03-14 09:15:57.930,0.8699,0.9996,10.3016
2026-03-14 09:15:57.940,0.8812,1.0104,10.3963
2026-03-14 09:15:57.950,0.9075,0.9211,9.9714
2026-03-14 09:15:57.960,1.09,1.105,9.6769
2026-03-14 09:15:57.970,0.9221,0.9403,9.5265
2026-03-14 09:15:57.980,1.1697,1.1445,9.8102
2026-03-14 09:15:57.990,1.5317,1.0593,10.0702
2026-03-14 09:15:58.000,1.3336,0.8186,9.9271
2026-03-14 09:15:58.010,1.1371,0.2908,9.9039
2026-03-14 09:15:58.020,1.1216,0.5051,10.0865
2026-03-14 09:15:58.030,1.252,0.2133,9.8643
2026-03-14 09:15:58.040,1.0936,0.3761,9.8089
2026-03-14 09:15:58.050,1.1221,0.573,9.5369
2026-03-14 09:15:58.060,0.8415,0.0544,9.1671
2026-03-14 09:15:58.070,1.2114,-0.0205,9.362
2026-03-14 09:15:58.080,1.2344,-0.4091,9.481
2026-03-14 09:15:58.090,0.7471,0.1718,9.6757
2026-03-14 09:15:58.100,0.5635,-0.0696,9.6841
2026-03-14 09:15:58.110,0.6447,0.0098,10.085
2026-03-14 09:15:58.120,0.6566,-0.1173,10.1111
2026-03-14 09:15:58.130,0.3976,0.0805,9.9461
2026-03-14 09:15:58.140,0.1028,0.3214,9.6556
2026-03-14 09:15:58.150,0.2812,-0.0269,9.6374
2026-03-14 09:15:58.160,0.0008,0.1856,9.6758
2026-03-14 09:15:58.170,-0.1641,0.2531,9.7105
2026-03-14 09:15:58.180,-0.3382,0.3191,9.8822
2026-03-14 09:15:58.190,-0.6562,0.0466,9.9756
2026-03-14 09:15:58.200,-0.4177,0.265,10.58
2026-03-14 09:15:58.210,-0.9875,0.1759,10.2239
2026-03-14 09:15:58.220,-0.7086,0.2662,
2026-03-14 09:15:58.230,-1.191,0.1022,9.9408
2026-03-14 09:15:58.240,-1.1845,-0.0713,9.497
2026-03-14 09:15:58.250,-0.8136,-0.47,9.529
2026-03-14 09:15:58.260,-1.18,-0.3982,9.7467
2026-03-14 09:15:58.270,-1.2331,-0.8276,9.8503
2026-03-14 09:15:58.280,-1.3463,-0.8907,9.8404
2026-03-14 09:15:58.290,-1.6309,-1.0551,10.1274
2026-03-14 09:15:58.300,-1.6743,-1.1886,10.0181
2026-03-14 09:15:58.310,-1.5195,-1.2674,9.6672
2026-03-14 09:15:58.320,-1.6169,-0.9416,9.8268
2026-03-14 09:15:58.330,-1.408,-1.0681,9.1199
2026-03-14 09:15:58.340,-1.3008,-0.8514,9.3553
2026-03-14 09:15:58.350,-1.106,-1.2078,9.0995
2026-03-14 09:15:58.360,-1.0047,-1.1336,9.372
2026-03-14 09:15:58.370,-0.9132,-0.8792,9.8096
2026-03-14 09:15:58.380,-0.7804,-0.4591,10.0099
2026-03-14 09:15:58.390,-0.4888,-0.7069,9.9998
2026-03-14 09:15:58.400,-0.2529,-0.0602,10.0704
2026-03-14 09:15:58.410,-0.2547,-0.1739,9.4907
2026-03-14 09:15:58.420,-0.3496,0.0693,9.768
2026-03-14 09:15:58.430,0.4303,0.2415,9.88
2026-03-14 09:15:58.440,0.8083,0.6105,9.717
2026-03-14 09:15:58.450,0.791,0.9037,9.6456
2026-03-14 09:15:58.460,0.8662,0.8108,9.7347
2026-03-14 09:15:58.470,0.9646,1.2,9.9753
2026-03-14 09:15:58.480,0.8944,1.066,10.6857
2026-03-14 09:15:58.490,1.2063,0.9877,10.0454
2026-03-14 09:15:58.500,1.2979,1.1309,9.9716
2026-03-14 09:15:58.510,1.1966,0.9103,9.5182
2026-03-14 09:15:58.520,1.3203,0.8747,9.5408
2026-03-14 09:15:58.530,1.4987,0.8237,9.5402
2026-03-14 09:15:58.540,1.1135,0.586,9.5317
2026-03-14 09:15:58.550,1.1524,0.4496,9.335
2026-03-14 09:15:58.560,,,9.8365
2026-03-14 09:15:58.570,1.2441,0.1267,9.9255
2026-03-14 09:15:58.580,1.3741,0.0018,9.658
2026-03-14 09:15:58.590,1.292,-0.0124,9.5017
2026-03-14 09:15:58.600,1.1566,-0.3348,9.2601
2026-03-14 09:15:58.610,1.0741,-0.1207,9.4344
2026-03-14 09:15:58.620,0.738,0.1563,9.468
2026-03-14 09:15:58.630,0.8751,-0.1723,9.579
2026-03-14 09:15:58.640,0.6644,0.0918,9.4822
2026-03-14 09:15:58.650,0.723,0.1419,9.829
2026-03-14 09:15:58.660,0.5253,0.1143,9.8686
2026-03-14 09:15:58.670,0.0289,0.0494,9.6726
2026-03-14 09:15:58.680,0.2323,0.2025,9.482
2026-03-14 09:15:58.690,-0.1506,0.1046,9.8805
2026-03-14 09:15:58.700,0.0103,0.12,9.5451
2026-03-14 09:15:58.710,-0.2868,0.5204,
2026-03-14 09:15:58.720,-0.3405,0.3337,10.0652
2026-03-14 09:15:58.730,-0.5339,0.4896,10.1758
2026-03-14 09:15:58.740,-0.6449,0.4402,9.8836
2026-03-14 09:15:58.750,-0.7682,0.0523,10.159
2026-03-14 09:15:58.760,-0.7751,0.1044,10.1974
2026-03-14 09:15:58.770,-1.1826,-0.2014,9.918
2026-03-14 09:15:58.780,-1.1202,-0.5003,9.708
2026-03-14 09:15:58.790,-1.4312,-0.5466,9.7559
2026-03-14 09:15:58.800,-1.3719,-0.4316,9.4768
2026-03-14 09:15:58.810,-1.375,-0.768,9.3188
2026-03-14 09:15:58.820,-1.5661,-0.8234,9.5719
2026-03-14 09:15:58.830,-1.5725,-0.9303,9.684
2026-03-14 09:15:58.840,-1.6334,-1.3084,9.9446
2026-03-14 09:15:58.850,-1.3568,-1.1578,9.9078
2026-03-14 09:15:58.860,-1.2234,-1.2473,9.5372
2026-03-14 09:15:58.870,-1.3254,-0.8407,9.426
2026-03-14 09:15:58.880,-1.0921,-1.1179,9.3903
2026-03-14 09:15:58.890,-1.2236,-0.7858,
2026-03-14 09:15:58.900,-0.7662,-0.6765,9.403
2026-03-14 09:15:58.910,-0.8854,-0.5054,9.5316
2026-03-14 09:15:58.920,-0.4283,-0.1233,9.6796
2026-03-14 09:15:58.930,-0.0874,0.0263,10.1525
2026-03-14 09:15:58.940,0.0407,0.0621,9.9859
2026-03-14 09:15:58.950,0.1125,0.1007,10.0993
2026-03-14 09:15:58.960,0.3096,0.6501,9.9649
2026-03-14 09:15:58.970,0.0849,0.42,9.7664
2026-03-14 09:15:58.980,0.4677,0.6838,9.7806
2026-03-14 09:15:58.990,0.6903,0.645,9.7436
2026-03-14 09:15:59.000,1.1115,0.8843,10.1295
2026-03-14 09:15:59.010,1.1122,1.0223,10.3997
2026-03-14 09:15:59.020,1.1375,1.1809,10.4844
2026-03-14 09:15:59.030,1.3917,1.0893,10.3288
2026-03-14 09:15:59.040,1.1903,0.8742,10.187
2026-03-14 09:15:59.050,1.1123,0.8373,10.1217
2026-03-14 09:15:59.060,1.5543,0.7439,9.647
2026-03-14 09:15:59.070,1.4205,0.2973,9.598
2026-03-14 09:15:59.080,1.1814,0.461,9.6091
2026-03-14 09:15:59.090,1.2274,0.3071,9.5216
2026-03-14 09:15:59.100,1.1261,0.2873,9.593
2026-03-14 09:15:59.110,1.2955,0.1209,9.7534
2026-03-14 09:15:59.120,1.0382,-0.1445,9.6925
2026-03-14 09:15:59.130,1.2176,-0.3675,9.9189
2026-03-14 09:15:59.140,0.838,0.005,9.4448
2026-03-14 09:15:59.150,0.8703,-0.1412,9.1366
2026-03-14 09:15:59.160,0.9506,0.0787,9.5847
2026-03-14 09:15:59.170,0.6529,0.0011,9.4238
2026-03-14 09:15:59.180,0.6023,-0.1787,9.714
2026-03-14 09:15:59.190,0.4336,0.1322,9.8641
2026-03-14 09:15:59.200,0.1821,0.2835,9.7601
2026-03-14 09:15:59.210,0.0769,-0.054,10.3125
2026-03-14 09:15:59.220,-0.4032,0.3071,10.2632
2026-03-14 09:15:59.230,-0.2556,0.5392,10.2124
2026-03-14 09:15:59.240,-0.3034,0.5493,9.566
2026-03-14 09:15:59.250,-0.7134,0.428,9.9603
2026-03-14 09:15:59.260,-0.5869,0.5391,9.7939
2026-03-14 09:15:59.270,-0.5793,-0.0615,10.0296
2026-03-14 09:15:59.280,-0.756,0.189,10.0782
2026-03-14 09:15:59.290,-0.8921,-0.362,10.0964
2026-03-14 09:15:59.300,-1.2495,-0.3129,10.1464
2026-03-14 09:15:59.310,-1.3383,-0.4456,10.1954
2026-03-14 09:15:59.320,-1.2347,-0.2279,9.9866
2026-03-14 09:15:59.330,-1.3236,-1.0026,9.563
2026-03-14 09:15:59.340,-1.6854,-1.2708,9.9068
2026-03-14 09:15:59.350,-1.7392,-1.1705,9.2476
2026-03-14 09:15:59.360,-1.4913,-1.073,9.5361
2026-03-14 09:15:59.370,-1.2509,-0.9499,9.6776
2026-03-14 09:15:59.380,-1.5186,-1.1754,9.7224
2026-03-14 09:15:59.390,-1.657,-1.2774,9.6597
2026-03-14 09:15:59.400,-1.3678,-1.3271,9.6095
2026-03-14 09:15:59.410,-1.355,-0.9365,9.7326
2026-03-14 09:15:59.420,-1.2143,-0.5826,
2026-03-14 09:15:59.430,-0.7603,-0.7852,9.4746
2026-03-14 09:15:59.440,-0.7023,-0.6174,9.1994
2026-03-14 09:15:59.450,-0.4727,-0.1504,9.6817
2026-03-14 09:15:59.460,-0.1048,-0.0916,10.0163
2026-03-14 09:15:59.470,-0.0922,-0.1588,10.2779
2026-03-14 09:15:59.480,-0.0413,0.433,10.037
2026-03-14 09:15:59.490,-0.0804,0.3637,10.4212
2026-03-14 09:15:59.500,0.6422,0.7716,10.2282
2026-03-14 09:15:59.510,0.7624,0.8377,9.6788
2026-03-14 09:15:59.520,0.8415,0.8627,10.0227
2026-03-14 09:15:59.530,1.2253,1.0189,10.0302
2026-03-14 09:15:59.540,0.9815,0.8796,9.9895
2026-03-14 09:15:59.550,1.2684,0.9269,10.2362
2026-03-14 09:15:59.560,1.5166,0.9548,10.3291
2026-03-14 09:15:59.570,1.2506,1.1745,10.4065
2026-03-14 09:15:59.580,1.5133,0.6013,10.3497
2026-03-14 09:15:59.590,1.5069,0.7026,9.8939
2026-03-14 09:15:59.600,1.5019,0.7217,9.5696
2026-03-14 09:15:59.610,1.3134,0.4131,9.3868
2026-03-14 09:15:59.620,1.3048,0.225,9.2782
2026-03-14 09:15:59.630,1.0893,0.2946,9.4863
2026-03-14 09:15:59.640,1.14,0.005,9.8911
2026-03-14 09:15:59.650,1.0443,0.235,9.7021
2026-03-14 09:15:59.660,0.9022,-0.1368,9.6018
2026-03-14 09:15:59.670,0.5202,-0.1953,9.7611
2026-03-14 09:15:59.680,0.4907,-0.0086,10.1229
2026-03-14 09:15:59.690,0.6739,-0.1665,9.0742
2026-03-14 09:15:59.700,0.6893,-0.0772,9.5954
2026-03-14 09:15:59.710,0.3416,0.1635,9.5551
2026-03-14 09:15:59.720,0.3267,0.1962,9.8573
2026-03-14 09:15:59.730,0.5238,0.2541,9.8463
2026-03-14 09:15:59.740,0.0604,0.2943,9.8228
2026-03-14 09:15:59.750,-0.0283,0.2332,10.2721
2026-03-14 09:15:59.760,-0.2791,0.3865,10.0595
2026-03-14 09:15:59.770,-0.5706,0.1684,9.9012
2026-03-14 09:15:59.780,-0.7387,0.2447,9.8573
2026-03-14 09:15:59.790,-0.7773,0.2271,9.5787
2026-03-14 09:15:59.800,-0.7112,0.2239,9.9034
2026-03-14 09:15:59.810,-1.0889,0.0547,9.7103
2026-03-14 09:15:59.820,-1.0835,-0.3799,10.0362
2026-03-14 09:15:59.830,-1.0285,-0.4656,10.3709
2026-03-14 09:15:59.840,-1.3947,-0.6708,10.336
2026-03-14 09:15:59.850,-1.5346,-0.5591,9.6391
2026-03-14 09:15:59.860,-1.3656,-0.6591,9.8157
2026-03-14 09:15:59.870,-1.4806,-0.5847,9.5021
2026-03-14 09:15:59.880,-1.3359,-0.9327,9.5311
2026-03-14 09:15:59.890,-1.6176,-0.9365,9.3996
2026-03-14 09:15:59.900,-1.5033,-1.2388,9.2932
2026-03-14 09:15:59.910,-1.5345,-1.3365,9.2065
2026-03-14 09:15:59.920,-1.6497,-1.1347,
2026-03-14 09:15:59.930,-1.2309,-1.0507,9.7212
2026-03-14 09:15:59.940,-1.2079,-1.1678,9.7517
2026-03-14 09:15:59.950,-0.6804,-0.7792,9.6998
2026-03-14 09:15:59.960,-0.8948,-0.3738,9.6539
2026-03-14 09:15:59.970,-0.5764,-0.2078,9.8196
2026-03-14 09:15:59.980,-0.3857,-0.0217,9.4701
2026-03-14 09:15:59.990,0.067,-0.0855,9.6852
2026-03-14 09:16:00.000,0.044,0.0654,9.853
2026-03-14 09:16:00.010,0.1407,0.4564,10.0721
2026-03-14 09:16:00.020,0.4499,0.4524,10.3792
2026-03-14 09:16:00.030,0.6338,0.6491,10.3218
2026-03-14 09:16:00.040,0.882,0.7936,10.0359
2026-03-14 09:16:00.050,1.0454,1.1168,10.1412
2026-03-14 09:16:00.060,1.1298,1.0866,9.5576
2026-03-14 09:16:00.070,1.2188,1.2337,9.7244
2026-03-14 09:16:00.080,1.5169,1.1268,9.6823
2026-03-14 09:16:00.090,1.096,0.8795,10.0477
2026-03-14 09:16:00.100,1.5125,0.872,10.1866
2026-03-14 09:16:00.110,1.3163,0.8308,9.9861
2026-03-14 09:16:00.120,1.145,0.954,10.0823
2026-03-14 09:16:00.130,1.4664,0.5607,9.6198
2026-03-14 09:16:00.140,0.9506,0.3498,9.7336
2026-03-14 09:16:00.150,1.3294,0.4756,9.2751
2026-03-14 09:16:00.160,1.2898,0.1024,9.2742
2026-03-14 09:16:00.170,1.2175,-0.0043,9.49
2026-03-14 09:16:00.180,1.1568,0.0431,9.904
2026-03-14 09:16:00.190,0.5666,-0.1846,10.1192
2026-03-14 09:16:00.200,0.5769,-0.0405,9.5806
2026-03-14 09:16:00.210,0.8365,-0.3552,10.2195
2026-03-14 09:16:00.220,0.5941,-0.0407,9.7123
2026-03-14 09:16:00.230,0.4694,0.0904,9.5009
2026-03-14 09:16:00.240,0.3404,0.0261,10.0615
2026-03-14 09:16:00.250,0.1532,0.1081,9.7726
2026-03-14 09:16:00.260,0.1548,0.1727,9.7285
2026-03-14 09:16:00.270,-0.2631,0.308,10.3392
2026-03-14 09:16:00.280,-0.0509,0.29,9.9528
2026-03-14 09:16:00.290,-0.3069,0.248,10.457
2026-03-14 09:16:00.300,-0.4832,0.1959,10.2749
2026-03-14 09:16:00.310,-0.3368,0.0569,9.727
2026-03-14 09:16:00.320,-0.6324,0.1055,10.025
2026-03-14 09:16:00.330,-0.9905,0.2038,10.173
2026-03-14 09:16:00.340,-1.0955,0.0624,9.7615
2026-03-14 09:16:00.350,-0.9708,-0.1097,9.8097
2026-03-14 09:16:00.360,-1.316,-0.4824,9.5881
2026-03-14 09:16:00.370,-1.0429,-0.5214,9.9338
2026-03-14 09:16:00.380,-1.4463,-1.1577,10.0662
2026-03-14 09:16:00.390,-1.4825,-0.984,10.2202
2026-03-14 09:16:00.400,-1.5448,-1.1234,9.8772
2026-03-14 09:16:00.410,-1.5768,-1.3242,9.8951
2026-03-14 09:16:00.420,-1.6695,-1.2562,9.2554
2026-03-14 09:16:00.430,-1.4202,-1.1033,9.0252
2026-03-14 09:16:00.440,-1.8351,-0.9736,9.4468
2026-03-14 09:16:00.450,-1.4307,-1.0513,9.8087
2026-03-14 09:16:00.460,-1.1799,-1.1805,9.6508
2026-03-14 09:16:00.470,-1.0049,-1.1656,10.0936
2026-03-14 09:16:00.480,-0.7905,-0.7618,9.8918
2026-03-14 09:16:00.490,-0.7867,-0.4801,9.7788
2026-03-14 09:16:00.500,,-0.4225,9.8256
2026-03-14 09:16:00.510,-0.3654,-0.2085,9.6232
2026-03-14 09:16:00.520,0.0041,0.0707,9.5146
2026-03-14 09:16:00.530,0.1693,0.1519,9.5263
2026-03-14 09:16:00.540,0.4801,0.5193,9.9171
2026-03-14 09:16:00.550,0.6281,0.4131,10.1127
2026-03-14 09:16:00.560,0.5443,0.7722,9.9169
2026-03-14 09:16:00.570,1.1365,0.7055,10.4244
2026-03-14 09:16:00.580,0.8692,1.0945,10.384
2026-03-14 09:16:00.590,1.212,1.0953,9.9531
2026-03-14 09:16:00.600,1.384,0.8324,9.762
2026-03-14 09:16:00.610,1.3343,1.3947,10.0475
2026-03-14 09:16:00.620,1.2846,1.1477,9.4695
2026-03-14 09:16:00.630,1.3251,0.6673,9.7163
2026-03-14 09:16:00.640,1.5073,0.6597,10.0396
2026-03-14 09:16:00.650,,0.445,9.9998
2026-03-14 09:16:00.660,1.1138,0.1921,10.3857
2026-03-14 09:16:00.670,1.1518,0.2442,9.7498
2026-03-14 09:16:00.680,1.4876,0.3606,9.6309
2026-03-14 09:16:00.690,0.9971,0.3566,9.5151
2026-03-14 09:16:00.700,1.3122,-0.2053,9.0984
2026-03-14 09:16:00.710,0.925,-0.0255,9.3944
2026-03-14 09:16:00.720,0.7879,0.1096,9.1619
2026-03-14 09:16:00.730,0.6577,-0.1491,9.7096
2026-03-14 09:16:00.740,0.7626,0.2832,9.8207
2026-03-14 09:16:00.750,0.5907,0.0515,9.9205
2026-03-14 09:16:00.760,0.5091,-0.0983,9.9149
2026-03-14 09:16:00.770,0.4349,0.0996,10.1355
2026-03-14 09:16:00.780,0.2679,0.3041,9.8055
2026-03-14 09:16:00.790,0.0667,0.1129,9.7508
2026-03-14 09:16:00.800,-0.1733,0.3612,9.7822
2026-03-14 09:16:00.810,-0.1826,0.4481,9.8743
2026-03-14 09:16:00.820,-0.475,0.1939,10.1922
2026-03-14 09:16:00.830,-0.3632,0.6606,10.1375
2026-03-14 09:16:00.840,-0.6316,0.1822,10.1644
2026-03-14 09:16:00.850,-0.4407,0.2778,10.3999
2026-03-14 09:16:00.860,-0.8967,0.178,10.1022
2026-03-14 09:16:00.870,-1.0377,-0.2644,10.178
2026-03-14 09:16:00.880,-1.1794,-0.2804,9.7482
2026-03-14 09:16:00.890,-1.3107,-0.3427,9.6367
2026-03-14 09:16:00.900,-1.2165,-0.4889,9.8502
2026-03-14 09:16:00.910,-1.3564,-0.8819,9.4889
2026-03-14 09:16:00.920,-1.483,-1.0192,9.6536
2026-03-14 09:16:00.930,-1.4147,-1.178,9.7569
2026-03-14 09:16:00.940,-1.4529,-0.9488,10.2063
2026-03-14 09:16:00.950,-1.5429,-1.3443,9.558
2026-03-14 09:16:00.960,-1.4742,-1.1818,9.5443
2026-03-14 09:16:00.970,,-1.2852,8.8826
2026-03-14 09:16:00.980,-1.0586,-1.2325,9.5114
2026-03-14 09:16:00.990,-1.0846,-1.0099,9.2837
2026-03-14 09:16:01.000,,-1.053,9.5911
2026-03-14 09:16:01.010,0.0461,-0.9,12.2943
2026-03-14 09:16:01.020,-1.6567,-0.4703,10.2429
2026-03-14 09:16:01.030,-0.852,-0.4411,7.4964
2026-03-14 09:16:01.040,0.9145,-0.0834,9.7802
2026-03-14 09:16:01.050,0.7541,0.2726,12.1115
2026-03-14 09:16:01.060,-0.2833,0.1606,10.6311
2026-03-14 09:16:01.070,-0.9467,0.3464,7.5326
2026-03-14 09:16:01.080,1.2267,0.686,8.3585
2026-03-14 09:16:01.090,1.9013,0.854,12.0671
2026-03-14 09:16:01.100,0.1382,1.133,11.7655
2026-03-14 09:16:01.110,0.0669,1.1328,8.2952
2026-03-14 09:16:01.120,1.2487,0.9264,8.3297
2026-03-14 09:16:01.130,2.4915,1.1232,11.8397
2026-03-14 09:16:01.140,1.4178,0.8496,11.967
2026-03-14 09:16:01.150,0.2395,0.7562,8.0507
2026-03-14 09:16:01.160,1.4213,0.7662,7.4403
2026-03-14 09:16:01.170,2.7758,0.6569,10.5361
2026-03-14 09:16:01.180,1.5601,0.7378,11.8957
2026-03-14 09:16:01.190,0.22,0.3156,8.3688
2026-03-14 09:16:01.200,1.1709,-0.0106,7.612
2026-03-14 09:16:01.210,2.2778,0.1257,10.3785
2026-03-14 09:16:01.220,1.3264,0.0939,12.3658
2026-03-14 09:16:01.230,-0.1439,0.2658,9.3446
2026-03-14 09:16:01.240,0.3271,0.0806,6.8187
2026-03-14 09:16:01.250,1.9375,-0.039,9.0242
2026-03-14 09:16:01.260,1.1759,-0.0063,11.8168
2026-03-14 09:16:01.270,,0.0319,9.9715
2026-03-14 09:16:01.280,-0.2289,0.3035,7.4305
2026-03-14 09:16:01.290,1.1667,0.2306,9.7586
2026-03-14 09:16:01.300,1.1068,0.2256,12.3826
2026-03-14 09:16:01.310,-0.6081,0.1699,11.0838
2026-03-14 09:16:01.320,-0.7052,0.3804,7.6356
2026-03-14 09:16:01.330,0.3123,0.3639,8.5516
2026-03-14 09:16:01.340,0.8746,0.3514,12.0152
2026-03-14 09:16:01.350,-1.1104,0.0247,11.0191
2026-03-14 09:16:01.360,-1.4852,0.3257,8.2884
2026-03-14 09:16:01.370,-0.245,0.2723,8.5241
2026-03-14 09:16:01.380,0.377,-0.0742,12.0396
2026-03-14 09:16:01.390,-1.0764,0.301,11.6322
2026-03-14 09:16:01.400,-2.3523,0.0088,8.776
2026-03-14 09:16:01.410,-1.1493,-0.4555,7.6685
2026-03-14 09:16:01.420,-0.0255,-0.8283,11.1341
2026-03-14 09:16:01.430,-1.1209,-0.7176,11.9378
2026-03-14 09:16:01.440,-2.3143,-0.8377,8.6339
2026-03-14 09:16:01.450,-1.772,-0.9324,7.3926
2026-03-14 09:16:01.460,-0.3261,-1.159,10.1748
2026-03-14 09:16:01.470,-1.2674,-1.2964,11.958
2026-03-14 09:16:01.480,-2.7461,-1.1001,9.5918
2026-03-14 09:16:01.490,-2.0364,-1.1512,6.9648
2026-03-14 09:16:01.500,0.0027,-1.0507,9.4993
2026-03-14 09:16:01.510,-0.5885,-1.3909,11.914
2026-03-14 09:16:01.520,-2.1152,-0.8659,
2026-03-14 09:16:01.530,-1.8312,-0.801,6.8376
2026-03-14 09:16:01.540,0.2153,-0.6421,9.0526
2026-03-14 09:16:01.550,0.1231,-0.5095,12.0566
2026-03-14 09:16:01.560,-0.9343,-0.4064,10.6174
2026-03-14 09:16:01.570,-1.1736,,7.8781
2026-03-14 09:16:01.580,0.694,0.3818,8.7949
2026-03-14 09:16:01.590,1.5831,0.6164,11.8336
2026-03-14 09:16:01.600,0.0965,0.8266,11.2677
2026-03-14 09:16:01.610,-0.5023,0.8701,7.7498
2026-03-14 09:16:01.620,1.4329,0.8408,7.8778
2026-03-14 09:16:01.630,1.858,1.1029,11.41
2026-03-14 09:16:01.640,0.9049,0.88,11.9278
2026-03-14 09:16:01.650,0.2222,0.9777,8.8465
2026-03-14 09:16:01.660,1.0456,0.9887,7.9732
2026-03-14 09:16:01.670,2.5295,0.9543,11.3291
2026-03-14 09:16:01.680,1.3778,0.8754,12.3107
2026-03-14 09:16:01.690,0.0857,0.4832,8.7221
2026-03-14 09:16:01.700,1.3075,0.746,7.0529
2026-03-14 09:16:01.710,2.445,0.2549,10.0495
2026-03-14 09:16:01.720,1.6545,0.3987,11.8551
2026-03-14 09:16:01.730,,0.325,9.227
2026-03-14 09:16:01.740,0.5046,0.0455,7.3392
2026-03-14 09:16:01.750,2.0278,-0.1066,9.8465
2026-03-14 09:16:01.760,1.5946,-0.1855,12.0002
2026-03-14 09:16:01.770,0.0093,-0.1654,10.1178
2026-03-14 09:16:01.780,0.1877,-0.4635,7.2396
2026-03-14 09:16:01.790,1.7916,-0.0193,8.9479
2026-03-14 09:16:01.800,1.4604,0.2742,11.5512
2026-03-14 09:16:01.810,-0.19,-0.1007,10.5342
2026-03-14 09:16:01.820,-0.3004,0.1777,7.489
2026-03-14 09:16:01.830,0.9998,0.3012,9.0144
2026-03-14 09:16:01.840,1.0954,0.3818,12.4818
2026-03-14 09:16:01.850,-0.4621,0.2079,11.563
2026-03-14 09:16:01.860,-1.3903,0.5335,8.0802
2026-03-14 09:16:01.870,0.1692,0.3751,8.2652
2026-03-14 09:16:01.880,0.7504,0.1154,11.321
2026-03-14 09:16:01.890,-1.0818,0.4188,11.8686
2026-03-14 09:16:01.900,-2.1257,-0.0978,8.4383
2026-03-14 09:16:01.910,-0.7039,-0.1005,7.9923
2026-03-14 09:16:01.920,0.2106,-0.0732,11.3287
2026-03-14 09:16:01.930,-1.2853,-0.2973,12.6073
2026-03-14 09:16:01.940,-2.6394,-0.4258,9.4755
2026-03-14 09:16:01.950,-1.5568,,7.6212
2026-03-14 09:16:01.960,-0.1633,-0.9011,10.3044
2026-03-14 09:16:01.970,-1.1055,-0.8595,12.1299
2026-03-14 09:16:01.980,-2.5312,-0.9912,8.7827
2026-03-14 09:16:01.990,-1.8739,-1.0656,7.0235
2026-03-14 09:16:02.000,-0.3632,-1.0506,9.784
2026-03-14 09:16:02.010,-0.7529,-1.2722,12.2809
2026-03-14 09:16:02.020,-2.3845,-1.2162,10.4788
2026-03-14 09:16:02.030,-2.371,-1.0776,7.1399
2026-03-14 09:16:02.040,-0.0763,-1.0463,9.1484
2026-03-14 09:16:02.050,-0.2473,-1.0076,12.2619
2026-03-14 09:16:02.060,-1.8811,-0.6065,10.7535
2026-03-14 09:16:02.070,-1.3536,-0.4552,7.151
2026-03-14 09:16:02.080,0.1392,-0.3792,8.2292
2026-03-14 09:16:02.090,0.8741,-0.0232,11.7623
2026-03-14 09:16:02.100,-0.6098,0.0094,11.6459
2026-03-14 09:16:02.110,,0.4782,8.5198
2026-03-14 09:16:02.120,0.7458,0.3229,8.5626
2026-03-14 09:16:02.130,1.678,0.9708,11.8537
2026-03-14 09:16:02.140,0.358,0.9419,12.0534
2026-03-14 09:16:02.150,-0.1093,0.8361,8.5663
2026-03-14 09:16:02.160,1.2708,0.9714,7.7266
2026-03-14 09:16:02.170,2.396,1.0813,10.7458
2026-03-14 09:16:02.180,1.225,0.9091,12.514
2026-03-14 09:16:02.190,0.2351,1.2266,9.4993
2026-03-14 09:16:02.200,1.1822,0.8439,7.9181
2026-03-14 09:16:02.210,2.5386,1.0347,10.7932
2026-03-14 09:16:02.220,1.7152,0.4505,12.7147
2026-03-14 09:16:02.230,0.2372,0.6098,9.5293
2026-03-14 09:16:02.240,0.6702,0.348,6.8852
2026-03-14 09:16:02.250,2.3982,0.3254,9.4224
2026-03-14 09:16:02.260,1.6661,0.1649,11.5197
2026-03-14 09:16:02.270,-0.0658,0.2545,10.0363
2026-03-14 09:16:02.280,0.098,-0.1215,7.0202
2026-03-14 09:16:02.290,1.6354,-0.2659,8.9397
2026-03-14 09:16:02.300,1.9514,-0.2609,12.3472
2026-03-14 09:16:02.310,-0.045,0.1049,10.7264
2026-03-14 09:16:02.320,-0.2458,0.0664,7.4138
2026-03-14 09:16:02.330,1.3607,-0.0606,8.3026
2026-03-14 09:16:02.340,1.3703,0.2145,11.5935
2026-03-14 09:16:02.350,-0.1006,0.2859,11.2024
2026-03-14 09:16:02.360,-0.8264,0.1948,8.182
2026-03-14 09:16:02.370,0.4725,0.3387,8.1954
2026-03-14 09:16:02.380,0.9021,0.2716,11.7459
2026-03-14 09:16:02.390,-0.4681,0.3311,11.926
2026-03-14 09:16:02.400,-1.5845,0.1499,8.5609
2026-03-14 09:16:02.410,-0.2942,0.4212,8.0532
2026-03-14 09:16:02.420,0.5205,0.0009,11.0034
2026-03-14 09:16:02.430,-0.6129,0.1023,11.7954
2026-03-14 09:16:02.440,-1.7408,0.0733,8.824
2026-03-14 09:16:02.450,-1.3128,-0.3639,7.3574
2026-03-14 09:16:02.460,-0.3899,-0.1624,10.5431
2026-03-14 09:16:02.470,-1.1212,-0.3402,12.75
2026-03-14 09:16:02.480,-2.2384,-0.6023,9.7928
2026-03-14 09:16:02.490,-1.968,-0.7291,7.3457
2026-03-14 09:16:02.500,-0.5242,-0.7285,9.7249
2026-03-14 09:16:02.510,-1.1734,-1.2762,12.0682
2026-03-14 09:16:02.520,-2.7771,-1.2199,9.8997
2026-03-14 09:16:02.530,-2.3987,-1.2081,6.6386
2026-03-14 09:16:02.540,-0.3761,-1.2243,9.0461
2026-03-14 09:16:02.550,-0.5796,-1.0558,11.8004
2026-03-14 09:16:02.560,-2.0652,-1.3063,10.7515
2026-03-14 09:16:02.570,-2.2059,-0.9517,7.5462
2026-03-14 09:16:02.580,-0.4459,-1.0559,8.6429
2026-03-14 09:16:02.590,0.1262,-0.7525,11.8685
2026-03-14 09:16:02.600,-1.4431,-0.4601,11.3154
2026-03-14 09:16:02.610,-1.2378,-0.1888,7.2133
2026-03-14 09:16:02.620,0.293,-0.1027,8.0661
2026-03-14 09:16:02.630,1.2828,0.3571,11.7899
2026-03-14 09:16:02.640,-0.1223,0.2222,11.8002
2026-03-14 09:16:02.650,-0.4376,0.483,8.5944
2026-03-14 09:16:02.660,0.5059,0.7282,8.0052
2026-03-14 09:16:02.670,2.0506,0.9739,11.3717
2026-03-14 09:16:02.680,0.8405,1.0825,12.5482
2026-03-14 09:16:02.690,-0.035,1.2036,9.2325
2026-03-14 09:16:02.700,0.9865,1.3166,7.2386
2026-03-14 09:16:02.710,2.3638,0.9525,10.3029
2026-03-14 09:16:02.720,1.8727,0.862,12.2798
2026-03-14 09:16:02.730,0.0593,0.7058,9.4054
2026-03-14 09:16:02.740,0.6784,0.7356,7.5682
2026-03-14 09:16:02.750,2.4568,0.756,9.9536
2026-03-14 09:16:02.760,1.8465,0.5689,12.2337
2026-03-14 09:16:02.770,0.2654,0.443,10.0199
2026-03-14 09:16:02.780,0.3144,0.3228,7.1355
2026-03-14 09:16:02.790,,0.2559,8.6336
2026-03-14 09:16:02.800,1.7498,-0.0368,11.7403
2026-03-14 09:16:02.810,0.1634,-0.0568,10.2649
2026-03-14 09:16:02.820,-0.1237,-0.0098,7.2157
2026-03-14 09:16:02.830,1.5661,-0.3248,8.5005
2026-03-14 09:16:02.840,1.6008,-0.1148,12.0065
2026-03-14 09:16:02.850,0.2998,-0.0712,11.6085
2026-03-14 09:16:02.860,-0.6158,0.1439,8.0596
2026-03-14 09:16:02.870,0.9609,0.0312,8.0563
2026-03-14 09:16:02.880,1.3133,0.3026,11.5628
2026-03-14 09:16:02.890,-0.1094,0.1624,11.8975
2026-03-14 09:16:02.900,-1.2539,0.4071,8.6923
2026-03-14 09:16:02.910,-0.0223,0.2312,7.6238
2026-03-14 09:16:02.920,0.629,0.2675,11.4431
2026-03-14 09:16:02.930,-0.5671,0.3512,12.6819
2026-03-14 09:16:02.940,-1.8033,0.3205,9.2588
2026-03-14 09:16:02.950,-0.7965,0.1441,8.0598
2026-03-14 09:16:02.960,0.526,0.1357,10.8315
2026-03-14 09:16:02.970,-0.4895,0.0854,12.1323
2026-03-14 09:16:02.980,-1.8561,-0.2343,9.2465
2026-03-14 09:16:02.990,-1.6888,-0.1453,7.0945
2026-03-14 09:16:03.000,-0.3173,-0.4555,9.9408
2026-03-14 09:16:03.010,-0.7068,-0.6159,12.4309
2026-03-14 09:16:03.020,-2.57,-0.7355,10.3126
2026-03-14 09:16:03.030,-2.1541,-1.1674,7.4728
2026-03-14 09:16:03.040,-0.7054,-0.8018,9.1047
2026-03-14 09:16:03.050,-0.7045,-1.3257,11.9644
2026-03-14 09:16:03.060,-2.2995,-1.6939,10.7037
2026-03-14 09:16:03.070,-2.3557,-1.459,7.1486
2026-03-14 09:16:03.080,-0.6836,-1.0987,8.3361
2026-03-14 09:16:03.090,-0.2103,-1.0595,11.5414
2026-03-14 09:16:03.100,-1.3679,-0.8314,11.4388
2026-03-14 09:16:03.110,-2.4245,-1.0876,8.1334
2026-03-14 09:16:03.120,-0.4321,-0.8011,8.0884
2026-03-14 09:16:03.130,0.6596,-0.3217,11.6224
2026-03-14 09:16:03.140,-0.4938,-0.0039,11.7204
2026-03-14 09:16:03.150,-1.1705,-0.0657,8.362
2026-03-14 09:16:03.160,,0.364,7.9902
2026-03-14 09:16:03.170,1.3413,0.5905,11.0213
2026-03-14 09:16:03.180,0.4052,0.6416,12.0241
2026-03-14 09:16:03.190,-0.1828,0.8248,9.1837
2026-03-14 09:16:03.200,0.6664,1.1322,8.1571
2026-03-14 09:16:03.210,2.2252,,11.2348
2026-03-14 09:16:03.220,1.3961,0.9629,12.7363
2026-03-14 09:16:03.230,-0.1607,0.9511,9.4043
2026-03-14 09:16:03.240,0.76,1.0351,7.6651
2026-03-14 09:16:03.250,2.5367,0.9148,9.9634
2026-03-14 09:16:03.260,2.0196,0.867,11.9591
2026-03-14 09:16:03.270,0.4676,0.6083,10.1989
2026-03-14 09:16:03.280,0.5109,0.6015,7.2547
2026-03-14 09:16:03.290,2.0589,,9.2825
2026-03-14 09:16:03.300,2.3446,0.5039,12.2354
2026-03-14 09:16:03.310,0.4255,0.0129,10.7517
2026-03-14 09:16:03.320,-0.0452,0.3319,7.1702
2026-03-14 09:16:03.330,1.6175,-0.0368,8.4745
2026-03-14 09:16:03.340,1.9335,0.0844,11.5018
2026-03-14 09:16:03.350,0.548,-0.398,10.5462
2026-03-14 09:16:03.360,-0.0273,0.161,7.7973
2026-03-14 09:16:03.370,0.9242,-0.2439,8.0142
2026-03-14 09:16:03.380,1.8788,0.0766,11.5188
2026-03-14 09:16:03.390,0.1474,-0.1474,11.8342
2026-03-14 09:16:03.400,-0.5062,-0.0792,8.4636
2026-03-14 09:16:03.410,0.571,0.084,7.841
2026-03-14 09:16:03.420,1.1324,0.1738,11.1364
2026-03-14 09:16:03.430,0.133,0.3651,12.1074
2026-03-14 09:16:03.440,-1.3299,0.3458,8.517
2026-03-14 09:16:03.450,-0.3712,0.302,8.0701
2026-03-14 09:16:03.460,0.883,0.3775,10.6849
2026-03-14 09:16:03.470,-0.1082,0.1077,12.8928
2026-03-14 09:16:03.480,-1.824,-0.1196,10.3216
2026-03-14 09:16:03.490,-1.2941,-0.0012,7.661
2026-03-14 09:16:03.500,0.2991,-0.1082,9.987
2026-03-14 09:16:03.510,-0.5621,0.049,12.153
2026-03-14 09:16:03.520,-2.0213,-0.3688,10.0174
2026-03-14 09:16:03.530,-2.1813,-0.6222,7.4696
2026-03-14 09:16:03.540,-0.4322,-1.1151,9.1727
2026-03-14 09:16:03.550,-0.7725,-0.7472,12.0699
2026-03-14 09:16:03.560,-2.2009,-0.9751,10.8607
2026-03-14 09:16:03.570,-2.1897,-1.2101,7.3849
2026-03-14 09:16:03.580,-1.1232,-1.4676,8.5513
2026-03-14 09:16:03.590,-0.4982,-1.4274,11.8331
2026-03-14 09:16:03.600,-1.8868,-1.1045,11.0216
2026-03-14 09:16:03.610,-2.7376,-1.2534,7.0939
2026-03-14 09:16:03.620,-0.6858,-1.076,7.7459
2026-03-14 09:16:03.630,-0.1717,-0.6738,11.2475
2026-03-14 09:16:03.640,-0.8069,-0.7283,11.7341
2026-03-14 09:16:03.650,-1.8896,-0.6696,8.4565
2026-03-14 09:16:03.660,-0.2067,-0.2817,7.7517
2026-03-14 09:16:03.670,0.8819,-0.0694,11.1018
2026-03-14 09:16:03.680,0.0471,-0.0964,11.9442
2026-03-14 09:16:03.690,-1.0625,0.5931,9.0434
2026-03-14 09:16:03.700,-0.0119,0.6245,7.6104
2026-03-14 09:16:03.710,1.8813,0.6174,10.4997
2026-03-14 09:16:03.720,0.9796,1.0113,12.2843
2026-03-14 09:16:03.730,-0.2888,0.8204,10.0363
2026-03-14 09:16:03.740,0.6043,1.0665,7.7608
2026-03-14 09:16:03.750,2.0323,1.0905,10.5059
2026-03-14 09:16:03.760,1.9253,0.7571,12.7037
2026-03-14 09:16:03.770,0.1783,1.2928,10.0441
2026-03-14 09:16:03.780,0.3844,0.9375,7.1434
2026-03-14 09:16:03.790,2.3421,0.7302,8.9151
2026-03-14 09:16:03.800,2.3138,0.8123,11.8264
2026-03-14 09:16:03.810,0.7737,0.5813,10.4233
2026-03-14 09:16:03.820,0.5681,0.239,7.4756
2026-03-14 09:16:03.830,1.841,0.1355,8.5847
2026-03-14 09:16:03.840,2.2969,0.3952,11.9557
2026-03-14 09:16:03.850,0.4567,0.4213,11.093
2026-03-14 09:16:03.860,-0.0041,-0.2117,7.9265
2026-03-14 09:16:03.870,1.3592,-0.0357,8.0171
2026-03-14 09:16:03.880,1.9107,-0.1814,10.9804
2026-03-14 09:16:03.890,0.7186,,11.5228
2026-03-14 09:16:03.900,-0.6925,0.0423,7.8089
2026-03-14 09:16:03.910,0.7167,-0.0086,
2026-03-14 09:16:03.920,1.8722,0.0576,11.2125
2026-03-14 09:16:03.930,0.5046,0.1409,12.4124
2026-03-14 09:16:03.940,-1.152,0.2881,9.2416
2026-03-14 09:16:03.950,-0.0947,0.4177,7.7426
2026-03-14 09:16:03.960,1.1643,0.4376,10.5204
2026-03-14 09:16:03.970,-0.0039,0.0528,12.0265
2026-03-14 09:16:03.980,-1.7966,0.2784,9.5904
2026-03-14 09:16:03.990,-1.1534,,7.5665
2026-03-14 09:16:04.000,-0.4771,0.4176,9.6673
2026-03-14 09:16:04.010,-0.9504,0.2331,10.451
2026-03-14 09:16:04.020,,-0.2025,10.3506
2026-03-14 09:16:04.030,-1.1192,-0.2001,10.2532
2026-03-14 09:16:04.040,-1.1199,-0.3797,9.6411
2026-03-14 09:16:04.050,-1.2858,-0.7866,9.6803
2026-03-14 09:16:04.060,-1.4297,-0.3446,9.9975
2026-03-14 09:16:04.070,-1.5189,-0.874,9.268
2026-03-14 09:16:04.080,-1.707,-1.0217,9.6966
2026-03-14 09:16:04.090,-1.4597,-1.2729,9.1627
2026-03-14 09:16:04.100,-1.5761,-1.0759,9.9627
2026-03-14 09:16:04.110,-1.6357,-0.996,9.7899
2026-03-14 09:16:04.120,-1.3747,-1.3496,9.7539
2026-03-14 09:16:04.130,-1.2096,-1.148,9.6862
2026-03-14 09:16:04.140,-1.1827,-1.2423,9.4732
2026-03-14 09:16:04.150,-1.0368,-1.128,9.5394
2026-03-14 09:16:04.160,-0.5796,-0.9108,9.1274
2026-03-14 09:16:04.170,-0.7746,-0.6573,9.6443
2026-03-14 09:16:04.180,-0.7313,-0.6507,9.5201
2026-03-14 09:16:04.190,-0.0274,-0.6081,9.8592
2026-03-14 09:16:04.200,-0.0284,0.0358,9.9058
2026-03-14 09:16:04.210,-0.0551,0.1132,
2026-03-14 09:16:04.220,0.3297,0.5942,9.6443
2026-03-14 09:16:04.230,0.3964,0.7627,10.0818
2026-03-14 09:16:04.240,0.7662,0.9808,9.5905
2026-03-14 09:16:04.250,0.611,0.5832,9.5046
2026-03-14 09:16:04.260,0.8515,0.7312,9.9617
2026-03-14 09:16:04.270,1.2549,0.9381,10.4273
2026-03-14 09:16:04.280,0.9372,1.0141,10.1178
2026-03-14 09:16:04.290,1.3165,0.8807,10.0484
2026-03-14 09:16:04.300,1.5707,1.1843,9.9737
2026-03-14 09:16:04.310,1.282,0.94,10.3173
2026-03-14 09:16:04.320,1.3728,0.8417,9.5026
2026-03-14 09:16:04.330,1.1284,0.7972,9.8733
2026-03-14 09:16:04.340,1.337,0.7764,9.7881
2026-03-14 09:16:04.350,1.259,0.328,9.4395
2026-03-14 09:16:04.360,1.2418,0.1566,9.7361
2026-03-14 09:16:04.370,1.1972,0.1663,9.8315
2026-03-14 09:16:04.380,1.0656,0.0839,9.8963
2026-03-14 09:16:04.390,1.011,0.0421,9.6777
2026-03-14 09:16:04.400,1.0635,-0.2499,10.1012
2026-03-14 09:16:04.410,0.7649,-0.1165,9.5294
2026-03-14 09:16:04.420,0.9086,-0.085,9.413
2026-03-14 09:16:04.430,0.5309,0.0665,9.3466
2026-03-14 09:16:04.440,0.0921,-0.0901,9.5127
2026-03-14 09:16:04.450,0.2796,0.1633,9.4955
2026-03-14 09:16:04.460,0.409,0.1381,9.8161
2026-03-14 09:16:04.470,0.189,0.1096,10.3817
2026-03-14 09:16:04.480,-0.3104,0.271,10.4042
2026-03-14 09:16:04.490,-0.1613,0.4009,9.9658
2026-03-14 09:16:04.500,-0.4829,0.2733,
2026-03-14 09:16:04.510,-0.5946,0.2454,9.725
2026-03-14 09:16:04.520,-0.7421,0.1537,9.7275
2026-03-14 09:16:04.530,-0.6381,0.3435,10.0448
2026-03-14 09:16:04.540,-0.6001,0.2096,9.8042
2026-03-14 09:16:04.550,-0.6562,0.3203,10.3036
2026-03-14 09:16:04.560,-0.8954,-0.0451,10.4348
2026-03-14 09:16:04.570,-1.3354,-0.5987,10.3567
2026-03-14 09:16:04.580,-1.223,-0.5732,9.9689
2026-03-14 09:16:04.590,-1.3207,-0.8242,9.9772
2026-03-14 09:16:04.600,-1.4635,-0.856,9.5638
2026-03-14 09:16:04.610,-1.8139,-0.8497,9.2402
2026-03-14 09:16:04.620,-1.4158,-1.2033,9.2364
2026-03-14 09:16:04.630,-1.5571,-1.2199,9.3937
2026-03-14 09:16:04.640,-1.4695,-1.2511,9.6411
2026-03-14 09:16:04.650,-1.2507,-1.2095,9.6572
2026-03-14 09:16:04.660,-1.4787,-1.2604,9.8025
2026-03-14 09:16:04.670,-1.0261,-1.0918,9.9687
2026-03-14 09:16:04.680,-0.964,-0.855,9.4568
2026-03-14 09:16:04.690,-0.7991,-1.0466,9.4714
2026-03-14 09:16:04.700,-0.4604,-0.5168,9.3825
2026-03-14 09:16:04.710,-0.4225,-0.461,9.7426
2026-03-14 09:16:04.720,-0.2712,-0.1978,9.8814
2026-03-14 09:16:04.730,-0.136,0.2381,10.0665
2026-03-14 09:16:04.740,0.1819,0.27,
2026-03-14 09:16:04.750,0.2451,0.8133,10.1308
2026-03-14 09:16:04.760,0.721,0.6904,10.7196
2026-03-14 09:16:04.770,0.8949,0.9895,10.0036
2026-03-14 09:16:04.780,1.1162,0.8729,10.0279
2026-03-14 09:16:04.790,0.9279,1.2041,9.7979
2026-03-14 09:16:04.800,1.036,0.8419,10.3288
2026-03-14 09:16:04.810,1.3082,0.9687,10.2112
2026-03-14 09:16:04.820,1.2785,0.897,10.0075
2026-03-14 09:16:04.830,1.3683,1.069,10.6065
2026-03-14 09:16:04.840,1.4899,1.019,10.2264
2026-03-14 09:16:04.850,1.4676,0.635,9.937
2026-03-14 09:16:04.860,1.4737,0.5559,10.1071
2026-03-14 09:16:04.870,1.3127,0.5606,9.6084
2026-03-14 09:16:04.880,1.2862,0.4542,9.3756
2026-03-14 09:16:04.890,0.9576,-0.0375,9.6591
2026-03-14 09:16:04.900,1.2759,0.1101,9.5102
2026-03-14 09:16:04.910,1.0578,0.31,9.6741
2026-03-14 09:16:04.920,1.2543,0.426,9.6509
2026-03-14 09:16:04.930,0.9545,0.069,9.7621
2026-03-14 09:16:04.940,0.4177,-0.2238,9.811
2026-03-14 09:16:04.950,0.7695,0.1017,9.2866
2026-03-14 09:16:04.960,0.5054,0.0686,9.7105
2026-03-14 09:16:04.970,0.2532,0.3973,9.8466
2026-03-14 09:16:04.980,0.4531,0.1753,9.6161
2026-03-14 09:16:04.990,0.2587,0.2384,9.9137
2026-03-14 09:16:05.000,-0.1661,0.1925,9.8113
2026-03-14 09:16:05.010,0.162,0.1668,10.0688
2026-03-14 09:16:05.020,-0.3273,0.0919,10.1082
2026-03-14 09:16:05.030,-0.4572,0.2554,10.134
2026-03-14 09:16:05.040,-0.4678,,10.0135
2026-03-14 09:16:05.050,-0.615,-0.0821,9.8201
2026-03-14 09:16:05.060,-0.7854,0.1301,9.9392
2026-03-14 09:16:05.070,-1.0108,-0.1062,9.7347
2026-03-14 09:16:05.080,,-0.1279,9.8337
2026-03-14 09:16:05.090,-1.0048,-0.2723,
2026-03-14 09:16:05.100,-1.1819,-0.3537,10.214
2026-03-14 09:16:05.110,-1.4727,-0.4909,10.4912
2026-03-14 09:16:05.120,-1.597,-0.6794,10.1077
2026-03-14 09:16:05.130,-1.2549,-0.9186,10.0137
2026-03-14 09:16:05.140,-1.4461,-1.2876,9.5614
2026-03-14 09:16:05.150,-1.4678,-1.1965,9.404
2026-03-14 09:16:05.160,-1.5527,-1.1358,9.3617
2026-03-14 09:16:05.170,-1.3949,-1.1647,9.3303
2026-03-14 09:16:05.180,-1.1434,-0.9161,9.6436
2026-03-14 09:16:05.190,-1.0981,-1.1815,9.5771
2026-03-14 09:16:05.200,-0.9078,-1.149,9.6155
2026-03-14 09:16:05.210,-0.9386,-0.9343,9.7674
2026-03-14 09:16:05.220,-0.7889,-0.6286,9.7154
2026-03-14 09:16:05.230,-0.5559,-0.4032,9.6214
2026-03-14 09:16:05.240,-0.0928,-0.1152,9.3345
2026-03-14 09:16:05.250,-0.2347,0.2108,9.3795
2026-03-14 09:16:05.260,0.1685,0.2977,9.9712
2026-03-14 09:16:05.270,0.1382,,9.7834
2026-03-14 09:16:05.280,,0.5617,10.0754
2026-03-14 09:16:05.290,0.7255,0.6325,10.1971
2026-03-14 09:16:05.300,0.726,0.9931,10.0282
2026-03-14 09:16:05.310,0.7172,0.8289,10.3814
2026-03-14 09:16:05.320,0.9855,0.9863,9.8038
2026-03-14 09:16:05.330,1.1765,0.9361,10.0254
2026-03-14 09:16:05.340,1.2178,1.0646,9.5946
2026-03-14 09:16:05.350,1.5493,0.8574,10.0339
2026-03-14 09:16:05.360,1.3591,0.869,9.7031
2026-03-14 09:16:05.370,1.2209,0.6262,10.1177
2026-03-14 09:16:05.380,1.3004,0.1696,9.9639
2026-03-14 09:16:05.390,1.5459,0.3866,9.8338
2026-03-14 09:16:05.400,1.4178,0.5616,9.8465
2026-03-14 09:16:05.410,1.3783,0.271,9.8336
2026-03-14 09:16:05.420,1.242,0.4148,9.2957
2026-03-14 09:16:05.430,1.054,0.2216,9.3676
2026-03-14 09:16:05.440,1.1106,0.1604,9.4549
2026-03-14 09:16:05.450,0.9022,-0.049,9.5519
2026-03-14 09:16:05.460,0.9938,0.0883,9.6598
2026-03-14 09:16:05.470,0.8228,0.1452,9.4539
2026-03-14 09:16:05.480,0.7324,0.0659,10.0116
2026-03-14 09:16:05.490,0.5934,0.0429,9.9881
2026-03-14 09:16:05.500,0.3753,0.2513,9.8146
2026-03-14 09:16:05.510,0.2058,0.1052,9.6008
2026-03-14 09:16:05.520,0.2656,0.3914,9.6653
2026-03-14 09:16:05.530,-0.0112,0.3222,9.9213
2026-03-14 09:16:05.540,-0.229,0.6602,9.8691
2026-03-14 09:16:05.550,-0.4033,0.0539,10.0169
2026-03-14 09:16:05.560,-0.367,0.1197,10.542
2026-03-14 09:16:05.570,-0.2235,0.3089,10.7097
2026-03-14 09:16:05.580,-0.8218,0.0522,10.4242
2026-03-14 09:16:05.590,-0.7452,0.2771,9.9628
2026-03-14 09:16:05.600,-0.9986,,9.7015
2026-03-14 09:16:05.610,-0.8125,0.0278,9.601
2026-03-14 09:16:05.620,-1.1843,-0.1798,9.5231
2026-03-14 09:16:05.630,-1.0884,-0.4577,9.8415
2026-03-14 09:16:05.640,-1.3439,-0.7912,
2026-03-14 09:16:05.650,-1.3535,-0.926,9.9137
2026-03-14 09:16:05.660,-1.3156,-0.8399,9.8807
2026-03-14 09:16:05.670,-1.2701,-1.0578,10.2089
2026-03-14 09:16:05.680,-1.5894,-1.3175,9.4892
2026-03-14 09:16:05.690,-1.4082,-1.2616,8.8648
2026-03-14 09:16:05.700,-1.6333,-1.4865,8.9956
2026-03-14 09:16:05.710,-1.5873,-1.1122,9.4399
2026-03-14 09:16:05.720,-1.3089,-1.0384,9.2909
2026-03-14 09:16:05.730,-1.1087,-0.962,9.7756
2026-03-14 09:16:05.740,-0.822,-0.6369,9.9814
2026-03-14 09:16:05.750,-0.3947,-0.5799,9.7091
2026-03-14 09:16:05.760,-0.6711,-0.4263,10.3846
2026-03-14 09:16:05.770,-0.4252,-0.2197,9.5766
2026-03-14 09:16:05.780,-0.3634,-0.1621,9.9419
2026-03-14 09:16:05.790,-0.2055,0.1793,10.0944
2026-03-14 09:16:05.800,0.1209,0.5129,9.3261
2026-03-14 09:16:05.810,0.2637,0.3934,9.8072
2026-03-14 09:16:05.820,0.619,0.6763,10.0247
2026-03-14 09:16:05.830,0.9056,0.8638,10.2742
2026-03-14 09:16:05.840,0.8445,1.0593,10.2755
2026-03-14 09:16:05.850,1.1521,0.9204,10.3954
2026-03-14 09:16:05.860,1.3239,0.8718,9.987
2026-03-14 09:16:05.870,1.264,0.9764,9.9101
2026-03-14 09:16:05.880,1.1311,0.8536,9.8402
2026-03-14 09:16:05.890,1.255,0.7744,9.6784
2026-03-14 09:16:05.900,1.3303,0.7393,9.7025
2026-03-14 09:16:05.910,1.3307,0.7443,9.6752
2026-03-14 09:16:05.920,1.0402,0.6652,10.2198
2026-03-14 09:16:05.930,1.1344,0.3362,9.986
2026-03-14 09:16:05.940,1.3886,0.2803,9.8364
2026-03-14 09:16:05.950,0.9184,-0.0178,9.5335
2026-03-14 09:16:05.960,1.3185,0.0448,9.6996
2026-03-14 09:16:05.970,0.9556,-0.0619,
2026-03-14 09:16:05.980,0.8768,-0.2053,9.3667
2026-03-14 09:16:05.990,0.7909,0.2546,9.1666
2026-03-14 09:16:06.000,0.3801,0.152,9.6873
2026-03-14 09:16:06.010,0.652,0.1413,9.7361
2026-03-14 09:16:06.020,0.605,-0.0316,9.9123
2026-03-14 09:16:06.030,0.2385,0.0658,10.434
2026-03-14 09:16:06.040,0.2444,0.0282,9.7172
2026-03-14 09:16:06.050,0.3908,0.3613,9.8822
2026-03-14 09:16:06.060,-0.0638,0.0611,10.127
2026-03-14 09:16:06.070,-0.1761,0.4044,9.9716
2026-03-14 09:16:06.080,-0.4228,-0.0255,9.7892
2026-03-14 09:16:06.090,-0.3971,0.1117,9.9732
2026-03-14 09:16:06.100,-0.5837,0.0971,10.1649
2026-03-14 09:16:06.110,-0.6989,0.2995,9.9258
2026-03-14 09:16:06.120,-1.0425,0.0947,10.0982
2026-03-14 09:16:06.130,-1.0042,-0.0791,10.624
2026-03-14 09:16:06.140,-1.0026,-0.3146,9.9436
2026-03-14 09:16:06.150,-1.1706,-0.4018,9.8147
2026-03-14 09:16:06.160,-1.3053,-0.5208,9.4661
2026-03-14 09:16:06.170,-1.116,-0.6037,9.1143
2026-03-14 09:16:06.180,-1.5526,-0.5749,9.5749
2026-03-14 09:16:06.190,-1.4027,-0.9018,9.6452
2026-03-14 09:16:06.200,-1.6188,-1.3112,10.0266
2026-03-14 09:16:06.210,,-1.1278,9.4782
2026-03-14 09:16:06.220,-1.1548,-1.2652,9.9181
2026-03-14 09:16:06.230,-1.5871,-1.375,9.6787
2026-03-14 09:16:06.240,-1.3783,-1.3343,9.3376
2026-03-14 09:16:06.250,-1.1799,-0.9724,9.4458
2026-03-14 09:16:06.260,-1.1309,-1.0696,9.6403
2026-03-14 09:16:06.270,-1.1338,-0.6231,9.9283
2026-03-14 09:16:06.280,-0.6267,-0.4518,9.7474
2026-03-14 09:16:06.290,-0.6181,-0.6899,
2026-03-14 09:16:06.300,0.1226,0.0166,10.0811
2026-03-14 09:16:06.310,-0.1224,0.2409,10.1661
2026-03-14 09:16:06.320,0.2095,0.3437,9.6007
2026-03-14 09:16:06.330,0.0244,0.3099,10.1256
2026-03-14 09:16:06.340,0.3262,0.7397,9.7157
2026-03-14 09:16:06.350,0.8089,1.1031,9.7576
2026-03-14 09:16:06.360,0.6887,0.8366,9.8011
2026-03-14 09:16:06.370,0.8128,0.9248,10.0969
2026-03-14 09:16:06.380,1.3267,1.1067,10.4288
2026-03-14 09:16:06.390,1.2607,0.8438,9.8054
2026-03-14 09:16:06.400,1.0681,1.146,10.2588
2026-03-14 09:16:06.410,1.4949,0.9774,10.0738
2026-03-14 09:16:06.420,1.4317,0.7881,9.7141
2026-03-14 09:16:06.430,1.5866,0.6894,9.5124
2026-03-14 09:16:06.440,1.5333,0.3828,9.5906
2026-03-14 09:16:06.450,1.6029,0.4481,9.5827
2026-03-14 09:16:06.460,1.2367,0.3906,9.6787
2026-03-14 09:16:06.470,1.0163,0.2102,9.7675
2026-03-14 09:16:06.480,1.1026,0.1707,9.709
2026-03-14 09:16:06.490,0.9208,0.1507,9.6381
2026-03-14 09:16:06.500,1.0229,0.2495,9.305
2026-03-14 09:16:06.510,0.4026,0.2478,9.2763
2026-03-14 09:16:06.520,0.8499,-0.0157,9.4562
2026-03-14 09:16:06.530,0.6528,-0.0308,9.4806
2026-03-14 09:16:06.540,0.4568,-0.1352,9.7607
2026-03-14 09:16:06.550,0.3037,-0.073,9.7038
2026-03-14 09:16:06.560,0.3926,0.0127,9.8714
2026-03-14 09:16:06.570,0.4178,0.2657,10.2159
2026-03-14 09:16:06.580,-0.0533,-0.0791,10.096
2026-03-14 09:16:06.590,0.0547,0.0758,10.0401
2026-03-14 09:16:06.600,-0.2443,0.6577,9.9015
2026-03-14 09:16:06.610,-0.3436,0.4251,9.8491
2026-03-14 09:16:06.620,-0.2923,0.0265,9.6839
2026-03-14 09:16:06.630,-0.5859,-0.0223,10.0831
2026-03-14 09:16:06.640,-0.607,0.2606,10.2613
2026-03-14 09:16:06.650,-0.9457,0.0478,10.1883
2026-03-14 09:16:06.660,-1.1149,-0.2783,10.1993
2026-03-14 09:16:06.670,-0.9911,-0.4599,9.9161
2026-03-14 09:16:06.680,-1.5723,-0.5679,9.8665
2026-03-14 09:16:06.690,-1.2119,-0.6855,9.619
2026-03-14 09:16:06.700,-1.5025,-0.7802,9.4079
2026-03-14 09:16:06.710,-1.0113,-0.9316,9.7163
2026-03-14 09:16:06.720,-1.5336,-1.2616,9.7886
2026-03-14 09:16:06.730,-1.7051,-0.9822,9.7812
2026-03-14 09:16:06.740,-1.5279,-1.0338,9.7244
2026-03-14 09:16:06.750,-1.3964,-1.1772,9.6839
2026-03-14 09:16:06.760,-1.2796,-1.28,9.6819
2026-03-14 09:16:06.770,-1.3642,-1.081,9.4665
2026-03-14 09:16:06.780,-1.0442,-0.9678,9.5749
2026-03-14 09:16:06.790,-0.8182,-0.6127,9.3476
2026-03-14 09:16:06.800,-0.7435,-0.7673,9.264
2026-03-14 09:16:06.810,-0.6078,-0.3047,9.5759
2026-03-14 09:16:06.820,-0.3035,-0.2538,9.4735
2026-03-14 09:16:06.830,-0.1803,0.1027,9.8317
2026-03-14 09:16:06.840,0.019,0.2765,9.9901
2026-03-14 09:16:06.850,0.4315,0.193,10.2722
2026-03-14 09:16:06.860,0.5666,0.5326,10.1071
2026-03-14 09:16:06.870,0.4449,0.7873,9.9033
2026-03-14 09:16:06.880,0.8109,0.8109,9.755
2026-03-14 09:16:06.890,0.7203,1.0949,9.8023
2026-03-14 09:16:06.900,1.1172,1.1261,9.9831
2026-03-14 09:16:06.910,1.0025,1.0019,10.0109
2026-03-14 09:16:06.920,1.416,0.991,9.722
2026-03-14 09:16:06.930,1.5853,0.8937,10.4522
2026-03-14 09:16:06.940,1.3481,0.9199,10.2846
2026-03-14 09:16:06.950,1.4357,0.7654,9.9801
2026-03-14 09:16:06.960,1.4029,0.834,9.5784
2026-03-14 09:16:06.970,1.2717,0.7292,9.0333
2026-03-14 09:16:06.980,1.4646,0.3206,9.8256
2026-03-14 09:16:06.990,1.1108,0.4861,9.4903
2026-03-14 09:16:07.000,1.1932,0.4663,9.4647
2026-03-14 09:16:07.010,0.7427,0.1697,9.7584
2026-03-14 09:16:07.020,1.0178,-0.1357,10.0867
2026-03-14 09:16:07.030,1.0503,0.1092,9.9989
2026-03-14 09:16:07.040,0.6745,0.1,9.9751
2026-03-14 09:16:07.050,0.5239,0.0805,9.5979
2026-03-14 09:16:07.060,0.939,0.1542,9.3798
2026-03-14 09:16:07.070,0.6286,0.0599,9.5832
2026-03-14 09:16:07.080,0.4797,-0.1675,9.2841
2026-03-14 09:16:07.090,0.3326,-0.0326,10.1993
2026-03-14 09:16:07.100,0.1977,0.2153,10.058
2026-03-14 09:16:07.110,0.0114,0.45,9.9377
2026-03-14 09:16:07.120,-0.0396,0.2371,9.8851
2026-03-14 09:16:07.130,-0.3828,0.3745,10.2522
2026-03-14 09:16:07.140,-0.3205,0.2548,9.8267
2026-03-14 09:16:07.150,-0.5009,0.1623,9.6877
2026-03-14 09:16:07.160,-0.7463,0.3249,9.9147
2026-03-14 09:16:07.170,-0.9776,0.1859,9.891
2026-03-14 09:16:07.180,-0.8334,0.0102,9.9671
2026-03-14 09:16:07.190,-1.0115,-0.004,9.8065
2026-03-14 09:16:07.200,-0.7512,-0.5194,10.4974
2026-03-14 09:16:07.210,-1.1803,-0.5806,10.0669
2026-03-14 09:16:07.220,-1.4709,-0.6167,9.7925
2026-03-14 09:16:07.230,-1.2003,,9.6287
2026-03-14 09:16:07.240,-1.5751,-1.2141,9.8034
2026-03-14 09:16:07.250,-1.6092,-1.3213,9.8232
2026-03-14 09:16:07.260,-1.5144,-1.265,9.2878
2026-03-14 09:16:07.270,-1.2241,-1.2654,9.6797
2026-03-14 09:16:07.280,-1.5504,-1.1672,9.7602
2026-03-14 09:16:07.290,-1.1748,-1.0053,9.8996
2026-03-14 09:16:07.300,-1.2473,-1.088,10.2667
2026-03-14 09:16:07.310,-1.1756,-0.9682,9.8014
2026-03-14 09:16:07.320,-0.8154,-0.7342,9.41
2026-03-14 09:16:07.330,-0.9113,-0.44,9.4491
2026-03-14 09:16:07.340,-0.4137,-0.3732,9.3795
2026-03-14 09:16:07.350,-0.2992,-0.1002,9.4118
2026-03-14 09:16:07.360,0.1388,0.0333,10.0462
2026-03-14 09:16:07.370,0.0023,0.3428,10.1633
2026-03-14 09:16:07.380,0.2387,0.5356,10.3875
2026-03-14 09:16:07.390,0.7501,0.5662,10.4971
2026-03-14 09:16:07.400,0.5216,0.9847,10.037
2026-03-14 09:16:07.410,1.2975,0.8735,10.3157
2026-03-14 09:16:07.420,1.2736,1.069,9.9697
2026-03-14 09:16:07.430,1.2909,0.7553,9.7572
2026-03-14 09:16:07.440,1.2766,1.0403,9.6768
2026-03-14 09:16:07.450,1.2602,1.0799,9.945
2026-03-14 09:16:07.460,1.4522,0.9701,10.2105
2026-03-14 09:16:07.470,1.5657,0.8253,9.9748
2026-03-14 09:16:07.480,1.6647,0.7516,9.7779
2026-03-14 09:16:07.490,1.5441,0.8206,9.7414
2026-03-14 09:16:07.500,1.1034,0.3909,9.7269
2026-03-14 09:16:07.510,1.1095,0.3063,9.3843
2026-03-14 09:16:07.520,1.2279,0.1815,9.4861
2026-03-14 09:16:07.530,0.9846,0.0689,8.8745
2026-03-14 09:16:07.540,1.1197,0.0473,9.376
2026-03-14 09:16:07.550,0.7851,-0.2098,9.5992
2026-03-14 09:16:07.560,0.5714,0.0423,10.0583
2026-03-14 09:16:07.570,0.8525,-0.1128,9.7193
2026-03-14 09:16:07.580,0.8118,-0.2718,9.8473
2026-03-14 09:16:07.590,0.386,-0.1747,
2026-03-14 09:16:07.600,0.4207,-0.046,9.6518
2026-03-14 09:16:07.610,0.1139,0.1994,9.4291
2026-03-14 09:16:07.620,0.0492,0.2298,9.6499
2026-03-14 09:16:07.630,,-0.049,9.5811
2026-03-14 09:16:07.640,0.293,0.4245,9.8955
2026-03-14 09:16:07.650,-0.1746,0.1808,10.1239
2026-03-14 09:16:07.660,-0.4029,0.2288,10.3627
2026-03-14 09:16:07.670,-0.4964,0.4519,10.4917
2026-03-14 09:16:07.680,-0.8059,0.4667,9.9343
2026-03-14 09:16:07.690,-0.4902,0.114,9.977
2026-03-14 09:16:07.700,-1.1317,0.2758,9.8073
2026-03-14 09:16:07.710,-0.8585,-0.208,10.0229
2026-03-14 09:16:07.720,-1.0614,-0.2855,9.9989
2026-03-14 09:16:07.730,-1.1853,-0.5951,10.2471
2026-03-14 09:16:07.740,-1.0923,-0.4473,10.2029
2026-03-14 09:16:07.750,-1.1935,-0.6825,9.8849
2026-03-14 09:16:07.760,-1.5823,-1.1377,9.7054
2026-03-14 09:16:07.770,-1.2222,-0.9921,9.9163
2026-03-14 09:16:07.780,-1.4542,-1.1663,9.8618
2026-03-14 09:16:07.790,-1.6511,-1.2353,9.4558
2026-03-14 09:16:07.800,-1.1556,-1.1108,9.4485
2026-03-14 09:16:07.810,,-1.2969,9.1707
2026-03-14 09:16:07.820,-1.5361,-1.243,9.4773
2026-03-14 09:16:07.830,-1.1053,-1.1033,
2026-03-14 09:16:07.840,-0.9216,-0.6692,9.7219
2026-03-14 09:16:07.850,-0.526,-0.5988,9.7002
2026-03-14 09:16:07.860,-0.7109,-0.3354,9.6817
2026-03-14 09:16:07.870,-0.2586,-0.1197,9.8095
2026-03-14 09:16:07.880,-0.286,-0.4397,9.5615
2026-03-14 09:16:07.890,0.3078,-0.025,9.7994
2026-03-14 09:16:07.900,0.188,0.6247,9.6324
2026-03-14 09:16:07.910,0.2766,0.5218,9.8331
2026-03-14 09:16:07.920,0.4274,0.4238,10.474
2026-03-14 09:16:07.930,0.9051,1.098,10.6788
2026-03-14 09:16:07.940,0.9373,0.9264,10.1342
2026-03-14 09:16:07.950,1.0012,0.8821,10.0032
2026-03-14 09:16:07.960,0.9303,1.3024,10.0746
2026-03-14 09:16:07.970,1.1746,0.9367,10.0926
2026-03-14 09:16:07.980,1.1099,1.0205,9.8308
2026-03-14 09:16:07.990,1.4652,0.8918,9.6363
2026-03-14 09:16:08.000,1.2441,0.9991,10.0548
2026-03-14 09:16:08.010,1.416,0.4705,9.9171
2026-03-14 09:16:08.020,1.7476,0.419,9.9614
2026-03-14 09:16:08.030,1.293,0.2657,10.0619
2026-03-14 09:16:08.040,1.5201,0.2581,10.0585
2026-03-14 09:16:08.050,1.1912,0.187,8.9175
2026-03-14 09:16:08.060,1.1242,0.0141,9.2459
2026-03-14 09:16:08.070,0.8645,-0.1371,9.4081
2026-03-14 09:16:08.080,0.7515,0.0651,9.278
2026-03-14 09:16:08.090,0.8967,-0.1885,9.6
2026-03-14 09:16:08.100,0.8424,-0.0893,9.5883
2026-03-14 09:16:08.110,0.3385,0.0144,9.9288
2026-03-14 09:16:08.120,0.4494,-0.1291,10.1231
2026-03-14 09:16:08.130,0.3559,-0.0555,10.1059
2026-03-14 09:16:08.140,0.2805,0.3872,9.71
2026-03-14 09:16:08.150,0.1476,-0.0044,10.073
2026-03-14 09:16:08.160,-0.0748,0.2381,9.6969
2026-03-14 09:16:08.170,0.2772,0.3243,9.9496
2026-03-14 09:16:08.180,-0.116,0.4698,10.129
2026-03-14 09:16:08.190,-0.4113,0.3369,10.275
2026-03-14 09:16:08.200,-0.4422,0.3758,10.3429
2026-03-14 09:16:08.210,-0.5661,0.4172,10.2911
2026-03-14 09:16:08.220,-0.4843,-0.1678,10.6401
2026-03-14 09:16:08.230,-0.676,0.1238,10.1772
2026-03-14 09:16:08.240,-1.1915,-0.182,9.8792
2026-03-14 09:16:08.250,-1.1749,-0.4472,9.7464
2026-03-14 09:16:08.260,-1.0479,-0.7302,9.6458
2026-03-14 09:16:08.270,-1.0674,-0.6908,9.8325
2026-03-14 09:16:08.280,-1.4561,-0.6074,10.2321
2026-03-14 09:16:08.290,-1.3086,-0.9457,9.9511
2026-03-14 09:16:08.300,,-0.9979,10.0813
2026-03-14 09:16:08.310,-1.5888,-1.1489,9.7706
2026-03-14 09:16:08.320,-1.4971,-1.0067,9.8144
2026-03-14 09:16:08.330,-1.2482,-1.2714,9.3146
2026-03-14 09:16:08.340,-1.3793,-1.3612,9.1902
2026-03-14 09:16:08.350,-0.9446,-0.9466,9.3898
2026-03-14 09:16:08.360,-1.1856,-1.1044,9.5446
2026-03-14 09:16:08.370,-1.0155,-0.7385,9.6901
2026-03-14 09:16:08.380,-0.6331,-1.0044,9.8349
2026-03-14 09:16:08.390,-0.4874,-0.297,9.9925
2026-03-14 09:16:08.400,-0.3676,-0.5324,9.956
2026-03-14 09:16:08.410,-0.0724,-0.2887,9.7813
2026-03-14 09:16:08.420,0.0841,0.1397,9.7205
2026-03-14 09:16:08.430,,0.4908,9.5837
2026-03-14 09:16:08.440,0.4097,0.7072,10.2001
2026-03-14 09:16:08.450,0.7519,0.8065,10.4044
2026-03-14 09:16:08.460,0.8999,0.8094,10.0285
2026-03-14 09:16:08.470,0.9459,1.0665,10.1536
2026-03-14 09:16:08.480,1.0335,0.9315,9.8645
2026-03-14 09:16:08.490,0.9668,0.8776,10.5252
2026-03-14 09:16:08.500,1.3488,0.7943,9.6705
2026-03-14 09:16:08.510,1.4223,0.9876,9.3997
2026-03-14 09:16:08.520,1.6506,0.898,9.8297
2026-03-14 09:16:08.530,1.3706,0.8137,9.8384
2026-03-14 09:16:08.540,1.4611,0.6395,9.7641
2026-03-14 09:16:08.550,1.3911,0.2852,9.5265
2026-03-14 09:16:08.560,1.1545,0.2405,10.1056
2026-03-14 09:16:08.570,1.1303,0.6321,9.7228
2026-03-14 09:16:08.580,1.3404,0.1728,9.26
2026-03-14 09:16:08.590,0.9968,-0.2786,9.3068
2026-03-14 09:16:08.600,0.8866,-0.0227,9.5548
2026-03-14 09:16:08.610,,0.134,9.4199
2026-03-14 09:16:08.620,0.8407,0.0668,9.3332
2026-03-14 09:16:08.630,0.7397,0.0204,9.3807
2026-03-14 09:16:08.640,0.621,-0.272,9.6597
2026-03-14 09:16:08.650,0.6188,-0.0934,9.6693
2026-03-14 09:16:08.660,0.5415,-0.2678,9.811
2026-03-14 09:16:08.670,0.1116,0.2278,9.6905
2026-03-14 09:16:08.680,0.2247,-0.0312,10.3021
2026-03-14 09:16:08.690,-0.22,0.1442,10.157
2026-03-14 09:16:08.700,0.1066,,9.6568
2026-03-14 09:16:08.710,-0.5571,0.3385,9.9047
2026-03-14 09:16:08.720,-0.4998,0.1788,9.8953
2026-03-14 09:16:08.730,-0.5668,0.3461,10.3382
2026-03-14 09:16:08.740,-0.6521,0.1316,9.7146
2026-03-14 09:16:08.750,-0.8701,-0.151,10.4773
2026-03-14 09:16:08.760,-1.3685,-0.1039,10.8594
2026-03-14 09:16:08.770,-0.9198,-0.4667,10.0343
2026-03-14 09:16:08.780,-1.3335,-0.6365,10.0564
2026-03-14 09:16:08.790,-1.4895,-0.5703,9.4358
2026-03-14 09:16:08.800,-1.3944,-0.8806,9.3122
2026-03-14 09:16:08.810,-1.6966,-0.7324,9.8103
2026-03-14 09:16:08.820,-1.3778,-1.0307,9.5295
2026-03-14 09:16:08.830,-1.4664,-0.6291,
2026-03-14 09:16:08.840,-1.5836,-1.0147,9.56
2026-03-14 09:16:08.850,-1.4923,-1.12,9.8626
2026-03-14 09:16:08.860,-1.2459,-1.2718,9.5811
2026-03-14 09:16:08.870,-1.375,-1.0579,9.4034
2026-03-14 09:16:08.880,-1.4002,-1.0642,9.3731
2026-03-14 09:16:08.890,-1.1658,-1.1276,9.8643
2026-03-14 09:16:08.900,-1.0255,-0.8399,9.3563
2026-03-14 09:16:08.910,-0.7723,-0.3801,10.0334
2026-03-14 09:16:08.920,-0.4001,-0.2844,9.4798
2026-03-14 09:16:08.930,-0.2716,-0.1521,9.8522
2026-03-14 09:16:08.940,-0.0738,,9.9566
2026-03-14 09:16:08.950,0.2172,0.3111,9.7657
2026-03-14 09:16:08.960,0.5738,0.5527,9.5492
2026-03-14 09:16:08.970,0.8234,0.7349,10.0586
2026-03-14 09:16:08.980,0.7996,0.8766,9.7088
2026-03-14 09:16:08.990,0.6578,,10.2239
2026-03-14 09:16:09.000,1.2658,0.9253,10.0597
2026-03-14 09:16:09.010,1.3754,1.0004,10.3433
2026-03-14 09:16:09.020,1.2016,1.1931,10.257
2026-03-14 09:16:09.030,1.1706,0.9508,10.239
2026-03-14 09:16:09.040,1.2666,0.8366,9.8362
2026-03-14 09:16:09.050,1.2128,1.002,10.0764
2026-03-14 09:16:09.060,1.2138,0.5619,
2026-03-14 09:16:09.070,1.1906,0.5189,9.7547
2026-03-14 09:16:09.080,1.2557,0.5349,9.6483
2026-03-14 09:16:09.090,1.4749,0.1663,9.6244
2026-03-14 09:16:09.100,1.25,0.2686,9.5237
2026-03-14 09:16:09.110,1.3113,-0.0394,10.1791
2026-03-14 09:16:09.120,1.2692,0.2021,9.8368
2026-03-14 09:16:09.130,1.0812,-0.0521,
2026-03-14 09:16:09.140,0.9235,-0.2236,9.1441
2026-03-14 09:16:09.150,0.6017,0.0236,9.2395
2026-03-14 09:16:09.160,0.8142,-0.0707,9.2661
2026-03-14 09:16:09.170,0.508,-0.1944,9.1478
2026-03-14 09:16:09.180,0.3397,0.1595,9.4587
2026-03-14 09:16:09.190,0.3406,0.0865,
2026-03-14 09:16:09.200,0.0873,0.2582,10.0859
2026-03-14 09:16:09.210,0.0649,0.3039,10.1953
2026-03-14 09:16:09.220,-0.035,0.4546,9.929
2026-03-14 09:16:09.230,-0.0611,0.4824,10.1586
2026-03-14 09:16:09.240,-0.3492,0.4842,9.9446
2026-03-14 09:16:09.250,-0.2307,-0.1424,9.7078
2026-03-14 09:16:09.260,-0.5812,0.07,9.7189
2026-03-14 09:16:09.270,-0.7363,0.3298,9.7797
2026-03-14 09:16:09.280,-0.9838,0.1118,10.3966
2026-03-14 09:16:09.290,-1.0679,-0.1472,9.9245
2026-03-14 09:16:09.300,-1.2192,-0.2566,9.8808
2026-03-14 09:16:09.310,-1.0461,-0.4794,9.7997
2026-03-14 09:16:09.320,-1.1303,-0.5586,9.8482
2026-03-14 09:16:09.330,-0.9952,-0.9546,9.676
2026-03-14 09:16:09.340,-1.2983,-0.64,9.772
2026-03-14 09:16:09.350,-1.4537,-0.775,9.4455
2026-03-14 09:16:09.360,-1.6583,-0.8631,9.5959
2026-03-14 09:16:09.370,-1.7824,-0.8051,9.6486
2026-03-14 09:16:09.380,,-0.9182,9.7043
2026-03-14 09:16:09.390,-1.3707,-1.3387,
2026-03-14 09:16:09.400,-1.2164,-1.2262,9.5241
2026-03-14 09:16:09.410,-0.9001,,9.9755
2026-03-14 09:16:09.420,-1.0005,-0.678,9.5434
2026-03-14 09:16:09.430,-0.7825,-0.6395,9.5661
2026-03-14 09:16:09.440,-0.4889,-0.4457,9.4569
2026-03-14 09:16:09.450,-0.3954,-0.3328,9.7684
2026-03-14 09:16:09.460,-0.3228,-0.0638,9.6413
2026-03-14 09:16:09.470,-0.1464,0.1907,10.1046
2026-03-14 09:16:09.480,0.0072,0.3165,10.1308
2026-03-14 09:16:09.490,0.1726,0.5573,10.5434
2026-03-14 09:16:09.500,0.6452,0.8732,9.8973
2026-03-14 09:16:09.510,0.8654,0.9581,9.6164
2026-03-14 09:16:09.520,0.9177,0.7903,9.8955
2026-03-14 09:16:09.530,1.0523,0.9996,9.69
2026-03-14 09:16:09.540,1.3301,1.0129,9.8838
2026-03-14 09:16:09.550,1.4121,1.0754,9.964
2026-03-14 09:16:09.560,1.4051,0.8095,10.3544
2026-03-14 09:16:09.570,1.2176,0.4561,10.284
2026-03-14 09:16:09.580,1.6514,0.856,9.8825
2026-03-14 09:16:09.590,1.2876,0.6389,10.0281
2026-03-14 09:16:09.600,1.4206,0.3568,9.5571
2026-03-14 09:16:09.610,1.3877,0.552,9.5794
2026-03-14 09:16:09.620,1.1887,0.24,9.7211
2026-03-14 09:16:09.630,1.3177,0.4761,9.817
2026-03-14 09:16:09.640,1.0222,0.1163,9.7069
2026-03-14 09:16:09.650,1.0582,0.1382,9.7531
2026-03-14 09:16:09.660,1.1329,-0.1463,9.8047
2026-03-14 09:16:09.670,0.9005,-0.3986,9.7423
2026-03-14 09:16:09.680,0.7193,-0.135,9.287
2026-03-14 09:16:09.690,0.7741,0.3325,9.4242
2026-03-14 09:16:09.700,0.5292,-0.1489,9.2149
2026-03-14 09:16:09.710,0.2904,0.49,9.4176
2026-03-14 09:16:09.720,0.3255,-0.1035,9.5358
2026-03-14 09:16:09.730,0.3681,0.0704,9.6552
2026-03-14 09:16:09.740,-0.0941,0.1987,
2026-03-14 09:16:09.750,-0.2788,0.4209,10.2274
2026-03-14 09:16:09.760,-0.1218,0.1019,10.4002
2026-03-14 09:16:09.770,-0.365,0.2628,9.7657
2026-03-14 09:16:09.780,-0.5143,0.1556,10.0723
2026-03-14 09:16:09.790,-0.4753,,10.1284
2026-03-14 09:16:09.800,-0.6969,0.1327,9.7018
2026-03-14 09:16:09.810,-0.8006,0.112,9.8389
2026-03-14 09:16:09.820,-1.165,-0.0849,10.0872
2026-03-14 09:16:09.830,-1.2624,-0.128,10.1421
2026-03-14 09:16:09.840,-1.1973,-0.4856,10.2869
2026-03-14 09:16:09.850,-1.4295,-0.388,10.2076
2026-03-14 09:16:09.860,-1.783,-0.8559,9.6585
2026-03-14 09:16:09.870,-1.797,-0.8645,9.5137
2026-03-14 09:16:09.880,-1.3586,-1.2082,9.3714
2026-03-14 09:16:09.890,-1.4498,-0.9451,9.2366
2026-03-14 09:16:09.900,-1.4054,-1.3679,9.2928
2026-03-14 09:16:09.910,-1.5236,-1.1624,9.6369
2026-03-14 09:16:09.920,-1.3988,-1.2223,9.948
2026-03-14 09:16:09.930,-1.187,-1.0178,10.0057
2026-03-14 09:16:09.940,-1.2775,-0.9232,9.9587
2026-03-14 09:16:09.950,-1.1724,-0.8152,10.054
2026-03-14 09:16:09.960,-0.8511,-0.8216,9.6774
2026-03-14 09:16:09.970,-0.527,-0.4798,9.8259
2026-03-14 09:16:09.980,-0.2821,-0.1693,9.4318
2026-03-14 09:16:09.990,0.1094,0.026,9.8589
2026-03-14 09:16:10.000,0.0596,0.248,10.1078
2026-03-14 09:16:10.010,0.4267,0.2525,10.4827
2026-03-14 09:16:10.020,0.4591,0.4214,10.5506
2026-03-14 09:16:10.030,0.4614,0.8341,10.5025
2026-03-14 09:16:10.040,1.0322,1.1105,9.8882
2026-03-14 09:16:10.050,0.9829,0.8999,9.788
2026-03-14 09:16:10.060,1.0268,0.888,9.7216
2026-03-14 09:16:10.070,1.2962,0.9205,9.828
2026-03-14 09:16:10.080,1.3845,1.0599,10.1101
2026-03-14 09:16:10.090,1.5489,1.0882,9.6437
2026-03-14 09:16:10.100,1.2108,0.9285,9.681
2026-03-14 09:16:10.110,1.4587,0.7241,9.7848
2026-03-14 09:16:10.120,1.1411,0.6539,9.7816
2026-03-14 09:16:10.130,1.5868,0.6878,9.6932
2026-03-14 09:16:10.140,1.6712,0.4727,9.7259
2026-03-14 09:16:10.150,1.2061,0.2508,9.4125
2026-03-14 09:16:10.160,1.1301,-0.202,9.3849
2026-03-14 09:16:10.170,1.0626,0.1758,9.3193
2026-03-14 09:16:10.180,0.8365,-0.078,9.6484
2026-03-14 09:16:10.190,1.2259,-0.2089,9.8249
2026-03-14 09:16:10.200,0.7069,0.0449,9.554
2026-03-14 09:16:10.210,0.7846,0.116,9.6775
2026-03-14 09:16:10.220,0.3591,0.1648,10.2929
2026-03-14 09:16:10.230,0.5087,-0.0963,9.8343
2026-03-14 09:16:10.240,0.4178,0.0519,9.4613
2026-03-14 09:16:10.250,0.2753,0.039,9.3238
2026-03-14 09:16:10.260,-0.1322,0.1781,9.6517
2026-03-14 09:16:10.270,-0.3854,0.2377,10.0115
2026-03-14 09:16:10.280,-0.4135,0.1003,10.0652
2026-03-14 09:16:10.290,-0.3984,0.1854,10.3068
2026-03-14 09:16:10.300,-0.2637,0.3346,10.1271
2026-03-14 09:16:10.310,-0.7356,0.2002,10.5206
2026-03-14 09:16:10.320,-0.8824,0.0976,10.3472
2026-03-14 09:16:10.330,-0.7562,-0.0938,9.9744
2026-03-14 09:16:10.340,-1.0063,0.0587,9.9675
2026-03-14 09:16:10.350,-0.9219,-0.3508,9.6378
2026-03-14 09:16:10.360,-1.0214,-0.3872,9.7266
2026-03-14 09:16:10.370,-1.3487,-0.7605,9.9237
2026-03-14 09:16:10.380,-1.2215,-0.7833,9.8983
2026-03-14 09:16:10.390,-1.4117,-1.0174,10.0454
2026-03-14 09:16:10.400,-1.4141,-0.8988,9.5211
2026-03-14 09:16:10.410,-1.2263,-1.2791,10.0647
2026-03-14 09:16:10.420,-1.2835,,9.5686
2026-03-14 09:16:10.430,-1.7063,-1.2021,8.8385
2026-03-14 09:16:10.440,-1.561,-1.2986,9.1321
2026-03-14 09:16:10.450,-1.2917,-1.2253,9.7215
2026-03-14 09:16:10.460,-1.084,-1.1098,9.6663
2026-03-14 09:16:10.470,-0.9152,-1.11,9.9145
2026-03-14 09:16:10.480,-0.9512,-0.8621,9.7717
2026-03-14 09:16:10.490,-0.5762,-0.7816,9.7891
2026-03-14 09:16:10.500,-0.4912,-0.5048,9.8134
2026-03-14 09:16:10.510,-0.2674,-0.1426,9.6108
2026-03-14 09:16:10.520,-0.1908,0.3628,9.3305
2026-03-14 09:16:10.530,0.1277,0.3297,9.7639
2026-03-14 09:16:10.540,0.1531,0.6026,10.2139
2026-03-14 09:16:10.550,0.5235,0.5026,10.5799
2026-03-14 09:16:10.560,0.6182,0.9505,10.0721
2026-03-14 09:16:10.570,0.8259,0.5505,10.2998
2026-03-14 09:16:10.580,1.2917,1.029,9.9317
2026-03-14 09:16:10.590,1.194,1.2445,10.2257
2026-03-14 09:16:10.600,1.268,1.1648,9.9926
2026-03-14 09:16:10.610,1.5132,1.1163,9.424
2026-03-14 09:16:10.620,1.3206,0.8314,9.4477
2026-03-14 09:16:10.630,,0.9006,10.004
2026-03-14 09:16:10.640,1.6052,0.76,10.011
2026-03-14 09:16:10.650,1.1801,0.362,10.1725
2026-03-14 09:16:10.660,1.3017,0.2474,9.9619
2026-03-14 09:16:10.670,1.5335,0.1925,10.0912
2026-03-14 09:16:10.680,1.0518,0.0305,9.534
2026-03-14 09:16:10.690,1.2928,0.0456,
2026-03-14 09:16:10.700,0.9006,0.0808,9.4222
2026-03-14 09:16:10.710,0.8656,-0.1278,9.4704
2026-03-14 09:16:10.720,0.5939,-0.1358,9.8725
2026-03-14 09:16:10.730,0.5689,0.0028,9.3319
2026-03-14 09:16:10.740,0.591,0.2687,9.6361
2026-03-14 09:16:10.750,0.5118,0.2429,10.0561
2026-03-14 09:16:10.760,0.5021,-0.0363,10.001
2026-03-14 09:16:10.770,0.1869,0.1695,10.0983
2026-03-14 09:16:10.780,0.0745,0.3233,10.016
2026-03-14 09:16:10.790,0.2279,0.1309,9.5898
2026-03-14 09:16:10.800,-0.1193,0.0694,9.5352
2026-03-14 09:16:10.810,-0.1833,0.1333,10.0285
2026-03-14 09:16:10.820,-0.3721,0.1996,10.0173
2026-03-14 09:16:10.830,-0.6567,0.3331,10.3558
2026-03-14 09:16:10.840,-0.5647,0.1286,10.151
2026-03-14 09:16:10.850,-0.8456,0.0862,9.9373
2026-03-14 09:16:10.860,-1.0399,0.0325,9.8588
2026-03-14 09:16:10.870,-1.0342,0.0808,9.7441
2026-03-14 09:16:10.880,-0.965,-0.2756,9.5583
2026-03-14 09:16:10.890,-1.2788,-0.3571,9.7457
2026-03-14 09:16:10.900,-1.271,-0.4927,
2026-03-14 09:16:10.910,-1.3548,-0.8001,10.0259
2026-03-14 09:16:10.920,-1.3958,-0.8108,9.5778
2026-03-14 09:16:10.930,-1.5665,-1.0254,9.8362
2026-03-14 09:16:10.940,-1.4465,-1.1064,9.7439
2026-03-14 09:16:10.950,-1.4185,-1.1292,9.9564
2026-03-14 09:16:10.960,-1.5781,-1.155,9.7148
2026-03-14 09:16:10.970,-1.3704,-0.8974,9.542
2026-03-14 09:16:10.980,-0.8928,-1.1506,9.1043
2026-03-14 09:16:10.990,-0.9919,,9.6354
2026-03-14 09:16:11.000,-1.0179,-1.4771,9.961
2026-03-14 09:16:11.010,-0.7142,-0.5058,9.7926
2026-03-14 09:16:11.020,-0.6125,-0.6239,9.6184
2026-03-14 09:16:11.030,-0.3241,-0.279,9.7817
2026-03-14 09:16:11.040,-0.1165,0.0847,9.9038
2026-03-14 09:16:11.050,0.154,0.4309,9.5982
2026-03-14 09:16:11.060,0.0366,0.2392,9.6561
2026-03-14 09:16:11.070,0.33,0.5588,9.535
2026-03-14 09:16:11.080,0.5913,0.7347,9.6363
2026-03-14 09:16:11.090,0.6865,0.9637,10.0937
2026-03-14 09:16:11.100,0.9108,0.8822,10.374
2026-03-14 09:16:11.110,,0.8673,10.2645
2026-03-14 09:16:11.120,1.496,1.0529,10.3499
2026-03-14 09:16:11.130,1.1694,0.9712,10.3521
2026-03-14 09:16:11.140,1.2456,0.8943,9.7741
2026-03-14 09:16:11.150,1.2936,0.7345,9.534
2026-03-14 09:16:11.160,1.4617,1.005,9.525
2026-03-14 09:16:11.170,,0.6754,9.3585
2026-03-14 09:16:11.180,1.4306,0.9229,9.6561
2026-03-14 09:16:11.190,1.338,0.7893,9.9464
2026-03-14 09:16:11.200,1.3852,0.2092,9.8916
2026-03-14 09:16:11.210,1.2251,0.2121,10.0059
2026-03-14 09:16:11.220,1.0551,-0.1621,9.9267
2026-03-14 09:16:11.230,0.8988,-0.025,9.9028
2026-03-14 09:16:11.240,0.8806,-0.0408,9.4793
2026-03-14 09:16:11.250,1.1381,-0.053,9.2099
2026-03-14 09:16:11.260,0.366,-0.0544,9.3722
2026-03-14 09:16:11.270,0.8252,-0.0983,9.6575
2026-03-14 09:16:11.280,0.9435,-0.1642,9.7281
2026-03-14 09:16:11.290,0.5979,-0.179,9.9275
2026-03-14 09:16:11.300,0.2997,0.1682,9.8568
2026-03-14 09:16:11.310,0.1638,0.3255,10.3882
2026-03-14 09:16:11.320,-0.0407,0.3294,9.5975
2026-03-14 09:16:11.330,-0.0934,0.4245,9.9998
2026-03-14 09:16:11.340,-0.4771,0.1574,9.7849
2026-03-14 09:16:11.350,-0.2906,0.4257,10.4123
2026-03-14 09:16:11.360,-0.3722,0.0968,10.0347
2026-03-14 09:16:11.370,-0.7154,0.1537,9.9982
2026-03-14 09:16:11.380,-0.5746,-0.0276,10.2731
2026-03-14 09:16:11.390,-1.3145,-0.1281,10.2951
2026-03-14 09:16:11.400,-1.1792,-0.2784,9.9919
2026-03-14 09:16:11.410,-1.254,,9.7318
2026-03-14 09:16:11.420,-1.3826,-0.3771,9.8347
2026-03-14 09:16:11.430,-1.3539,-0.7195,9.5731
2026-03-14 09:16:11.440,-1.3818,-0.8219,9.5871
2026-03-14 09:16:11.450,-1.6401,-1.062,10.202
2026-03-14 09:16:11.460,-1.609,-1.1364,9.554
2026-03-14 09:16:11.470,-1.2204,-1.2842,10.1033
2026-03-14 09:16:11.480,-1.5192,-0.9094,9.8852
2026-03-14 09:16:11.490,-1.3683,-1.2513,9.9353
2026-03-14 09:16:11.500,-1.3966,-1.1684,9.4506
2026-03-14 09:16:11.510,-0.9607,-1.0713,9.1187
2026-03-14 09:16:11.520,-0.9989,-0.9185,9.5035
2026-03-14 09:16:11.530,-0.7832,-1.018,9.343
2026-03-14 09:16:11.540,-0.6218,-0.6665,9.489
2026-03-14 09:16:11.550,-0.6615,-0.2976,9.8616
2026-03-14 09:16:11.560,-0.5161,-0.074,9.9752
2026-03-14 09:16:11.570,-0.2311,0.2392,10.1655
2026-03-14 09:16:11.580,-0.0029,0.1072,10.2235
2026-03-14 09:16:11.590,0.1868,0.3553,9.7952
2026-03-14 09:16:11.600,0.3575,0.854,9.946
2026-03-14 09:16:11.610,0.7455,0.6696,9.6028
2026-03-14 09:16:11.620,1.1464,0.648,9.9145
2026-03-14 09:16:11.630,0.6086,1.0211,9.7179
2026-03-14 09:16:11.640,0.8103,0.9767,10.083
2026-03-14 09:16:11.650,1.0572,0.9417,9.6757
2026-03-14 09:16:11.660,1.4279,1.039,9.9802
2026-03-14 09:16:11.670,1.3921,1.0575,10.133
2026-03-14 09:16:11.680,1.5752,1.0366,10.0827
2026-03-14 09:16:11.690,1.4955,0.8199,9.1857
2026-03-14 09:16:11.700,1.2557,0.6807,
2026-03-14 09:16:11.710,1.3348,0.277,9.6857
2026-03-14 09:16:11.720,1.4229,0.3665,9.7728
2026-03-14 09:16:11.730,1.2069,0.2329,9.6181
2026-03-14 09:16:11.740,1.212,0.179,9.8633
2026-03-14 09:16:11.750,1.1245,0.2126,9.7725
2026-03-14 09:16:11.760,0.8241,0.1476,9.8812
2026-03-14 09:16:11.770,1.0109,-0.1987,9.3744
2026-03-14 09:16:11.780,0.727,-0.1645,9.4833
2026-03-14 09:16:11.790,0.6232,0.0638,9.2144
2026-03-14 09:16:11.800,0.7039,-0.07,9.7127
2026-03-14 09:16:11.810,0.559,0.0465,9.602
2026-03-14 09:16:11.820,0.1924,,9.9236
2026-03-14 09:16:11.830,0.097,0.1491,10.0085
2026-03-14 09:16:11.840,-0.0723,0.141,10.1877
2026-03-14 09:16:11.850,-0.1511,0.3655,10.3273
2026-03-14 09:16:11.860,-0.2727,0.2964,10.0562
2026-03-14 09:16:11.870,-0.2068,0.2822,9.8977
2026-03-14 09:16:11.880,-0.4554,0.5104,10.2205
2026-03-14 09:16:11.890,-0.8705,0.2435,10.0979
2026-03-14 09:16:11.900,-0.7463,0.2104,9.8188
2026-03-14 09:16:11.910,-0.8753,0.1101,9.9633
2026-03-14 09:16:11.920,-1.2181,-0.0281,10.2522
2026-03-14 09:16:11.930,-1.0369,-0.2218,10.1756
2026-03-14 09:16:11.940,-1.2946,-0.3851,10.2217
2026-03-14 09:16:11.950,-1.3586,-0.7728,9.7934
2026-03-14 09:16:11.960,-1.5163,-0.8837,9.9191
2026-03-14 09:16:11.970,-1.573,-0.8239,9.4826
2026-03-14 09:16:11.980,-1.5565,-1.2425,9.4962
2026-03-14 09:16:11.990,-1.0794,-1.111,
2026-03-14 09:16:12.000,-1.5332,-0.9252,9.7504
2026-03-14 09:16:12.010,-1.3359,-1.0408,9.9035
2026-03-14 09:16:12.020,-1.2537,-1.1382,10.0081
2026-03-14 09:16:12.030,-1.319,-1.1684,10.0452
2026-03-14 09:16:12.040,-1.3131,-1.1782,9.5837
2026-03-14 09:16:12.050,-1.0156,-0.9479,9.601
2026-03-14 09:16:12.060,-0.8884,-0.7512,9.2029
2026-03-14 09:16:12.070,-0.611,-0.6553,9.3281
2026-03-14 09:16:12.080,-0.5403,-0.0577,9.5686
2026-03-14 09:16:12.090,-0.2014,-0.0176,9.6538
2026-03-14 09:16:12.100,-0.1269,0.2861,10.1554
2026-03-14 09:16:12.110,0.158,0.2679,10.2593
2026-03-14 09:16:12.120,0.3398,0.4613,10.1856
2026-03-14 09:16:12.130,0.5457,0.694,10.0272
2026-03-14 09:16:12.140,0.7899,0.7757,9.4138
2026-03-14 09:16:12.150,0.8028,0.8326,9.9312
2026-03-14 09:16:12.160,1.1534,1.1104,9.5789
2026-03-14 09:16:12.170,1.2782,1.1731,9.8646
2026-03-14 09:16:12.180,1.0777,0.8878,10.2502
2026-03-14 09:16:12.190,1.5804,0.9322,9.8382
2026-03-14 09:16:12.200,1.5424,1.0072,10.1211
2026-03-14 09:16:12.210,1.3795,0.94,10.2557
2026-03-14 09:16:12.220,1.4973,0.5073,9.6062
2026-03-14 09:16:12.230,1.4921,0.8599,9.6542
2026-03-14 09:16:12.240,1.4045,0.4213,9.4138
2026-03-14 09:16:12.250,1.2729,0.3163,9.4536
2026-03-14 09:16:12.260,1.3678,0.2997,9.0309
2026-03-14 09:16:12.270,1.2006,0.1835,9.7619
2026-03-14 09:16:12.280,1.02,-0.2162,9.6817
2026-03-14 09:16:12.290,1.245,-0.1651,10.0487
2026-03-14 09:16:12.300,0.7044,0.0341,9.6124
2026-03-14 09:16:12.310,0.5119,-0.1935,9.8148
2026-03-14 09:16:12.320,0.5156,0.1069,9.747
2026-03-14 09:16:12.330,0.6548,0.3132,9.5547
2026-03-14 09:16:12.340,0.5178,0.1385,9.8952
2026-03-14 09:16:12.350,0.3106,0.1771,9.697
2026-03-14 09:16:12.360,0.4355,0.1981,9.7696
2026-03-14 09:16:12.370,-0.1813,0.3446,10.0238
2026-03-14 09:16:12.380,-0.1908,0.2899,10.0604
2026-03-14 09:16:12.390,-0.2188,-0.0075,9.8576
2026-03-14 09:16:12.400,-0.3172,0.3021,10.2521
2026-03-14 09:16:12.410,-0.2695,0.3111,9.8045
2026-03-14 09:16:12.420,-0.7709,0.4993,10.0579
2026-03-14 09:16:12.430,-0.7989,0.0113,9.6894
2026-03-14 09:16:12.440,-1.0572,0.1264,10.0585
2026-03-14 09:16:12.450,-1.4452,-0.2023,9.6977
2026-03-14 09:16:12.460,-1.1982,-0.1792,10.0957
2026-03-14 09:16:12.470,-0.9,-0.4693,9.9877
2026-03-14 09:16:12.480,-1.3821,-0.7997,10.2084
2026-03-14 09:16:12.490,-1.4648,-0.8162,10.0185
2026-03-14 09:16:12.500,,-0.9854,9.6517
2026-03-14 09:16:12.510,-1.5334,-0.8541,9.2938
2026-03-14 09:16:12.520,-1.683,-1.2336,9.2457
2026-03-14 09:16:12.530,-1.5501,-1.2497,9.5831
2026-03-14 09:16:12.540,-1.5083,-1.2443,9.5205
2026-03-14 09:16:12.550,-1.6731,-1.0544,9.728
2026-03-14 09:16:12.560,-1.3923,-0.9597,9.8999
2026-03-14 09:16:12.570,-0.7117,-0.9445,9.4129
2026-03-14 09:16:12.580,-1.0036,-0.6797,9.5998
2026-03-14 09:16:12.590,-0.7598,-0.7541,9.6801
2026-03-14 09:16:12.600,-0.5887,-0.6248,9.9392
2026-03-14 09:16:12.610,-0.4072,-0.2107,9.6279
2026-03-14 09:16:12.620,-0.3493,0.1785,9.5435
2026-03-14 09:16:12.630,0.1763,0.3296,9.9225
2026-03-14 09:16:12.640,0.3145,0.4374,10.2333
2026-03-14 09:16:12.650,0.4861,0.5142,10.7117
2026-03-14 09:16:12.660,0.3255,0.6479,10.2702
2026-03-14 09:16:12.670,0.8529,0.746,10.3667
2026-03-14 09:16:12.680,1.0881,1.2271,10.1461
2026-03-14 09:16:12.690,1.0017,0.8222,9.5073
2026-03-14 09:16:12.700,1.0944,0.7629,9.8202
2026-03-14 09:16:12.710,1.3381,0.966,9.8918
2026-03-14 09:16:12.720,,0.7875,9.77
2026-03-14 09:16:12.730,1.2706,1.0602,10.0011
2026-03-14 09:16:12.740,1.4424,0.873,9.8296
2026-03-14 09:16:12.750,1.2827,0.4552,10.1049
2026-03-14 09:16:12.760,1.4824,0.5634,9.8738
2026-03-14 09:16:12.770,1.2854,0.2672,9.3205
2026-03-14 09:16:12.780,0.9384,0.3386,9.677
2026-03-14 09:16:12.790,1.2301,,9.3773
2026-03-14 09:16:12.800,1.1875,-0.1717,9.5742
2026-03-14 09:16:12.810,0.9235,0.0174,9.7619
2026-03-14 09:16:12.820,0.6891,-0.1054,9.7765
2026-03-14 09:16:12.830,0.649,-0.2693,9.6609
2026-03-14 09:16:12.840,0.6926,-0.0448,9.8845
2026-03-14 09:16:12.850,0.7713,-0.1733,9.6077
2026-03-14 09:16:12.860,0.5668,-0.0457,10.1284
2026-03-14 09:16:12.870,0.2865,0.004,9.8296
2026-03-14 09:16:12.880,0.3563,0.1311,9.7604
2026-03-14 09:16:12.890,0.0137,0.0098,9.3566
2026-03-14 09:16:12.900,0.3107,0.1432,9.7919
2026-03-14 09:16:12.910,0.0402,0.227,9.7772
2026-03-14 09:16:12.920,-0.3818,0.437,10.2568
2026-03-14 09:16:12.930,-0.2999,0.0578,10.3308
2026-03-14 09:16:12.940,-0.8092,0.0059,10.4321
2026-03-14 09:16:12.950,-0.4743,0.3155,9.8799
2026-03-14 09:16:12.960,-0.5672,0.1627,10.2196
2026-03-14 09:16:12.970,-0.8936,0.1846,9.6532
2026-03-14 09:16:12.980,-1.1736,-0.5445,9.1267
2026-03-14 09:16:12.990,-1.0857,-0.382,9.934
2026-03-14 09:16:13.000,-1.4097,-0.3035,9.9807
2026-03-14 09:16:13.010,,-0.5683,9.8508
2026-03-14 09:16:13.020,-1.3753,-0.7575,9.8066
2026-03-14 09:16:13.030,-1.4346,-0.8825,9.7641
2026-03-14 09:16:13.040,-1.5229,-1.1498,9.7956
2026-03-14 09:16:13.050,-1.6805,-0.9766,9.659
2026-03-14 09:16:13.060,,-0.9765,9.3149
2026-03-14 09:16:13.070,-1.5231,-1.2236,9.3516
2026-03-14 09:16:13.080,-1.2506,-0.9839,9.5454
2026-03-14 09:16:13.090,-1.3539,-1.1517,9.8816
2026-03-14 09:16:13.100,-1.064,-1.0162,9.9516
2026-03-14 09:16:13.110,-1.0849,-0.9027,10.0493
2026-03-14 09:16:13.120,-0.7613,-0.6777,9.6871
2026-03-14 09:16:13.130,-0.6401,-0.4511,9.7559
2026-03-14 09:16:13.140,-0.4119,0.0018,9.6639
2026-03-14 09:16:13.150,-0.2545,0.0713,9.5996
2026-03-14 09:16:13.160,0.244,0.1905,9.5621
2026-03-14 09:16:13.170,0.4714,0.7397,10.0126
2026-03-14 09:16:13.180,0.4577,0.595,10.0531
2026-03-14 09:16:13.190,0.5382,0.7734,9.6151
2026-03-14 09:16:13.200,0.6666,0.9314,10.468
2026-03-14 09:16:13.210,1.1007,1.1586,9.8385
2026-03-14 09:16:13.220,0.9064,1.1337,10.3024
2026-03-14 09:16:13.230,1.0889,0.9501,9.8459
2026-03-14 09:16:13.240,1.5289,1.0596,9.808
2026-03-14 09:16:13.250,1.3303,0.9712,9.8086
2026-03-14 09:16:13.260,1.3589,0.8496,10.1149
2026-03-14 09:16:13.270,1.3545,0.6986,9.643
2026-03-14 09:16:13.280,1.1391,0.7284,9.9121
2026-03-14 09:16:13.290,1.3809,0.4842,9.899
2026-03-14 09:16:13.300,1.3146,0.2412,9.8212
2026-03-14 09:16:13.310,1.0673,0.2396,10.2948
2026-03-14 09:16:13.320,1.1817,0.2092,9.7017
2026-03-14 09:16:13.330,0.8371,0.1729,9.7038
2026-03-14 09:16:13.340,0.8713,-0.0182,9.3144
2026-03-14 09:16:13.350,0.6159,-0.1797,9.3501
2026-03-14 09:16:13.360,0.5002,-0.1152,9.2774
2026-03-14 09:16:13.370,0.4527,0.2013,9.9415
2026-03-14 09:16:13.380,0.4553,-0.0072,9.8912
2026-03-14 09:16:13.390,0.4309,0.209,10.1069
2026-03-14 09:16:13.400,0.2929,0.1619,9.7991
2026-03-14 09:16:13.410,0.2261,0.1557,10.1671
2026-03-14 09:16:13.420,0.1831,0.1362,9.8462
2026-03-14 09:16:13.430,-0.0864,0.0775,9.5706
2026-03-14 09:16:13.440,-0.3012,0.0801,10.1282
2026-03-14 09:16:13.450,-0.4649,0.4921,10.146
2026-03-14 09:16:13.460,-0.2856,,10.2313
2026-03-14 09:16:13.470,-0.6254,0.1828,10.386
2026-03-14 09:16:13.480,-0.8259,0.3898,10.1414
2026-03-14 09:16:13.490,-1.0499,0.2092,10.0619
2026-03-14 09:16:13.500,-1.1856,0.0079,10.1454
2026-03-14 09:16:13.510,-1.2087,-0.1869,9.8941
2026-03-14 09:16:13.520,-1.1681,-0.3539,9.3395
2026-03-14 09:16:13.530,-1.3026,-0.2494,9.7309
2026-03-14 09:16:13.540,-1.5542,-0.9413,10.1981
2026-03-14 09:16:13.550,-1.2053,-0.8408,9.827
2026-03-14 09:16:13.560,-1.6732,-1.0021,10.1113
2026-03-14 09:16:13.570,-1.3753,-1.2004,9.7942
2026-03-14 09:16:13.580,-1.3514,-1.1612,9.667
2026-03-14 09:16:13.590,-1.4865,-1.0707,9.4326
2026-03-14 09:16:13.600,-1.1314,-1.0812,9.4533
2026-03-14 09:16:13.610,-1.5209,-1.1657,9.1172
2026-03-14 09:16:13.620,-1.0677,-0.7561,9.3194
2026-03-14 09:16:13.630,-1.1657,-0.6865,9.2849
2026-03-14 09:16:13.640,-1.0074,-0.876,9.5214
2026-03-14 09:16:13.650,-0.5288,-0.5664,9.936
2026-03-14 09:16:13.660,-0.5266,-0.1369,9.9276
2026-03-14 09:16:13.670,-0.1539,-0.2036,10.276
2026-03-14 09:16:13.680,-0.1876,0.1417,9.8875
2026-03-14 09:16:13.690,0.279,0.2539,9.9224
2026-03-14 09:16:13.700,0.5165,0.4371,9.6648
2026-03-14 09:16:13.710,0.8675,0.6219,9.8404
2026-03-14 09:16:13.720,0.8741,0.7503,9.9768
2026-03-14 09:16:13.730,0.7731,0.9726,10.2363
2026-03-14 09:16:13.740,0.9829,0.6368,10.6101
2026-03-14 09:16:13.750,1.0936,0.9489,10.0519
2026-03-14 09:16:13.760,0.9049,1.006,10.1513
2026-03-14 09:16:13.770,1.1818,1.1108,10.1017
2026-03-14 09:16:13.780,1.3271,1.1221,9.9521
2026-03-14 09:16:13.790,1.2503,0.8094,9.4712
2026-03-14 09:16:13.800,1.1397,0.8283,9.4289
2026-03-14 09:16:13.810,1.1925,0.3674,9.473
2026-03-14 09:16:13.820,1.4376,0.4708,9.9514
2026-03-14 09:16:13.830,1.0769,0.2111,9.4398
2026-03-14 09:16:13.840,1.1272,0.2078,9.881
2026-03-14 09:16:13.850,0.9051,0.0916,
2026-03-14 09:16:13.860,1.0726,0.2554,9.7764
2026-03-14 09:16:13.870,1.0133,0.0337,9.0999
2026-03-14 09:16:13.880,0.8993,-0.1886,9.6165
2026-03-14 09:16:13.890,0.6168,-0.1153,9.1963
2026-03-14 09:16:13.900,0.5834,-0.0977,9.2303
2026-03-14 09:16:13.910,0.6749,-0.2042,9.8118
2026-03-14 09:16:13.920,0.2104,-0.0089,10.1689
2026-03-14 09:16:13.930,0.2609,0.2971,10.1667
2026-03-14 09:16:13.940,0.2145,0.3397,10.0457
2026-03-14 09:16:13.950,0.1441,0.3334,10.4315
2026-03-14 09:16:13.960,-0.0114,0.5786,10.3418
2026-03-14 09:16:13.970,-0.3214,-0.0226,9.8576
2026-03-14 09:16:13.980,-0.322,0.1553,9.7985
2026-03-14 09:16:13.990,-0.8508,-0.0076,10.0098
2026-03-14 09:16:14.000,-0.6219,0.1921,10.2098
2026-03-14 09:16:14.010,-1.0678,0.1116,10.5284
2026-03-14 09:16:14.020,-0.8973,0.1936,10.3904
2026-03-14 09:16:14.030,-0.9589,-0.4427,
2026-03-14 09:16:14.040,-1.1837,-0.2618,9.9858
2026-03-14 09:16:14.050,-1.3072,-0.3659,10.1043
2026-03-14 09:16:14.060,-1.3291,-0.5683,9.8151
2026-03-14 09:16:14.070,-1.4696,-0.7695,10.1478
2026-03-14 09:16:14.080,-1.5605,-0.8962,9.5156
2026-03-14 09:16:14.090,-1.6452,-1.0159,9.4429
2026-03-14 09:16:14.100,-1.3128,-1.2552,9.9955
2026-03-14 09:16:14.110,-1.3736,-1.2907,9.9065
2026-03-14 09:16:14.120,,-0.8698,9.6421
2026-03-14 09:16:14.130,-1.3182,-1.2347,9.3646
2026-03-14 09:16:14.140,-1.4053,-1.0585,9.2488
2026-03-14 09:16:14.150,-1.0968,-1.0003,9.7063
2026-03-14 09:16:14.160,-0.9563,-0.899,9.7393
2026-03-14 09:16:14.170,-0.5398,-0.8036,9.756
2026-03-14 09:16:14.180,-0.5885,-0.4867,9.9641
2026-03-14 09:16:14.190,-0.339,-0.274,10.2928
2026-03-14 09:16:14.200,-0.406,-0.3556,10.1071
2026-03-14 09:16:14.210,,0.2729,10.3758
2026-03-14 09:16:14.220,0.4105,0.6095,9.902
2026-03-14 09:16:14.230,0.308,0.4871,10.2012
2026-03-14 09:16:14.240,0.7952,0.7971,9.7896
2026-03-14 09:16:14.250,0.9562,0.7904,9.5112
2026-03-14 09:16:14.260,1.0882,0.7951,10.1031
2026-03-14 09:16:14.270,0.9817,1.1673,9.7527
2026-03-14 09:16:14.280,1.1322,0.8572,9.8439
2026-03-14 09:16:14.290,1.2638,1.274,10.1894
2026-03-14 09:16:14.300,1.3869,0.7305,10.1382
2026-03-14 09:16:14.310,1.3648,0.9959,9.885
2026-03-14 09:16:14.320,1.3784,0.5489,10.1023
2026-03-14 09:16:14.330,1.1598,0.8035,9.5413
2026-03-14 09:16:14.340,1.345,0.3536,9.7114
2026-03-14 09:16:14.350,1.2163,0.4345,9.4391
2026-03-14 09:16:14.360,1.3353,0.2778,9.4281
2026-03-14 09:16:14.370,1.3646,0.0885,9.5794
2026-03-14 09:16:14.380,0.9522,-0.0528,9.7876
2026-03-14 09:16:14.390,0.9753,-0.2301,9.9145
2026-03-14 09:16:14.400,0.8546,0.1603,9.6582
2026-03-14 09:16:14.410,0.4702,0.1046,9.684
2026-03-14 09:16:14.420,0.6855,0.232,9.6715
2026-03-14 09:16:14.430,0.6598,0.0539,9.4386
2026-03-14 09:16:14.440,0.5447,0.2676,9.3575
2026-03-14 09:16:14.450,0.2754,0.0791,9.6881
2026-03-14 09:16:14.460,0.1853,0.31,9.8569
2026-03-14 09:16:14.470,0.1544,0.1016,10.4654
2026-03-14 09:16:14.480,,0.368,10.3372
2026-03-14 09:16:14.490,-0.2893,0.3216,
2026-03-14 09:16:14.500,-0.4614,0.2459,9.9071
2026-03-14 09:16:14.510,-0.4124,0.4332,10.1982
2026-03-14 09:16:14.520,-0.6905,0.1108,9.6336
2026-03-14 09:16:14.530,-0.6021,0.146,9.9733
2026-03-14 09:16:14.540,-0.7764,0.1236,10.2311
2026-03-14 09:16:14.550,-0.6995,0.0155,10.3459
2026-03-14 09:16:14.560,-0.7889,-0.3278,10.4166
2026-03-14 09:16:14.570,-1.1203,-0.0616,10.2584
2026-03-14 09:16:14.580,-1.2179,-0.4054,10.4425
2026-03-14 09:16:14.590,-1.2743,-0.7541,9.6271
2026-03-14 09:16:14.600,-1.5356,-0.6217,9.5816
2026-03-14 09:16:14.610,-1.6807,-0.9047,9.3771
2026-03-14 09:16:14.620,-1.3417,-1.1046,9.4724
2026-03-14 09:16:14.630,-1.608,-1.1151,9.6602
2026-03-14 09:16:14.640,-1.405,-1.0389,9.6126
2026-03-14 09:16:14.650,-1.5179,-1.0416,9.5947
2026-03-14 09:16:14.660,-1.3986,-0.9258,9.8705
2026-03-14 09:16:14.670,-1.4965,,9.4809
2026-03-14 09:16:14.680,-1.1225,-0.9849,9.8225
2026-03-14 09:16:14.690,-0.9905,-0.6078,
2026-03-14 09:16:14.700,-0.7741,-0.9095,9.3539
2026-03-14 09:16:14.710,-0.5238,-0.3539,9.4538
2026-03-14 09:16:14.720,-0.2317,-0.2862,9.717
2026-03-14 09:16:14.730,-0.2207,0.1923,9.7543
2026-03-14 09:16:14.740,0.1016,0.4854,10.145
2026-03-14 09:16:14.750,0.319,0.6686,10.1283
2026-03-14 09:16:14.760,0.831,0.8601,10.2672
2026-03-14 09:16:14.770,0.8964,0.6913,10.3281
2026-03-14 09:16:14.780,0.9102,1.0098,9.9225
2026-03-14 09:16:14.790,1.2399,0.9741,9.8898
2026-03-14 09:16:14.800,0.9853,1.2264,9.9999
2026-03-14 09:16:14.810,1.3351,1.0867,10.0361
2026-03-14 09:16:14.820,1.2656,1.073,10.2931
2026-03-14 09:16:14.830,1.1612,0.9429,10.5547
2026-03-14 09:16:14.840,1.3909,0.7785,10.026
2026-03-14 09:16:14.850,1.7039,0.711,9.6206
2026-03-14 09:16:14.860,1.2106,0.5342,9.6259
2026-03-14 09:16:14.870,1.2759,0.3544,9.5363
2026-03-14 09:16:14.880,1.3827,0.4446,9.4204
2026-03-14 09:16:14.890,1.1016,0.3284,9.2639
2026-03-14 09:16:14.900,1.217,0.1835,9.4467
2026-03-14 09:16:14.910,0.9485,-0.0535,9.4732
2026-03-14 09:16:14.920,0.8785,-0.1322,9.6913
2026-03-14 09:16:14.930,0.9458,-0.0756,10.0621
2026-03-14 09:16:14.940,0.5181,-0.0033,
2026-03-14 09:16:14.950,0.8084,0.2115,9.8068
2026-03-14 09:16:14.960,0.7921,0.173,9.71
2026-03-14 09:16:14.970,0.52,0.0976,9.4526
2026-03-14 09:16:14.980,0.4266,-0.0475,9.808
2026-03-14 09:16:14.990,0.4036,0.2284,10.1941
2026-03-14 09:16:15.000,-0.0277,0.0136,9.5993
2026-03-14 09:16:15.010,0.0351,0.2466,9.9327
2026-03-14 09:16:15.020,-0.1437,0.2067,9.8489
2026-03-14 09:16:15.030,-0.0805,0.335,10.4909
2026-03-14 09:16:15.040,-0.3912,0.1724,10.2516
2026-03-14 09:16:15.050,-0.6682,0.3141,9.8423
2026-03-14 09:16:15.060,-0.6554,0.2995,9.9363
2026-03-14 09:16:15.070,-0.9788,-0.1249,10.1886
2026-03-14 09:16:15.080,-0.9378,0.1413,10.1034
2026-03-14 09:16:15.090,-1.0022,-0.1602,10.0328
2026-03-14 09:16:15.100,-1.2176,-0.289,10.0241
2026-03-14 09:16:15.110,-1.3986,-0.4493,10.0069
2026-03-14 09:16:15.120,-1.2916,-0.893,10.0602
2026-03-14 09:16:15.130,-1.3626,-0.7862,9.5346
2026-03-14 09:16:15.140,-1.5228,-1.1983,9.777
2026-03-14 09:16:15.150,-1.8423,-1.0556,9.5399
2026-03-14 09:16:15.160,-1.4721,-1.0362,9.2928
2026-03-14 09:16:15.170,-1.6422,-1.2928,9.2887
2026-03-14 09:16:15.180,-1.6395,-1.0981,9.1589
2026-03-14 09:16:15.190,-1.4822,-1.2992,9.58
2026-03-14 09:16:15.200,-1.135,-0.9614,9.4673
2026-03-14 09:16:15.210,-1.0882,,10.1047
2026-03-14 09:16:15.220,-0.7478,-0.5522,9.5493
2026-03-14 09:16:15.230,-0.6288,-0.3289,9.5191
2026-03-14 09:16:15.240,-0.3841,-0.2667,9.4284
2026-03-14 09:16:15.250,-0.2273,0.1078,9.7134
2026-03-14 09:16:15.260,0.2054,0.2659,9.7011
2026-03-14 09:16:15.270,0.2386,0.3342,10.0638
2026-03-14 09:16:15.280,0.5211,0.5362,10.0194
2026-03-14 09:16:15.290,0.6358,0.7505,10.6836
2026-03-14 09:16:15.300,0.6177,0.7334,9.9888
2026-03-14 09:16:15.310,0.7684,1.032,10.4899
2026-03-14 09:16:15.320,1.1088,0.8092,9.7847
2026-03-14 09:16:15.330,1.3882,1.0052,9.6374
2026-03-14 09:16:15.340,1.2882,0.7338,9.6999
2026-03-14 09:16:15.350,1.345,0.8549,9.4999
2026-03-14 09:16:15.360,1.6663,0.6909,9.6209
2026-03-14 09:16:15.370,1.1698,1.0254,9.9715
2026-03-14 09:16:15.380,1.3518,0.7649,10.0425
2026-03-14 09:16:15.390,1.529,0.5544,9.899
2026-03-14 09:16:15.400,1.3349,0.1885,9.6156
2026-03-14 09:16:15.410,1.2467,0.2541,9.5697
2026-03-14 09:16:15.420,1.3685,0.1043,9.7033
2026-03-14 09:16:15.430,1.0682,-0.1597,9.2956
2026-03-14 09:16:15.440,1.1384,-0.0408,9.2449
2026-03-14 09:16:15.450,1.0174,-0.0155,9.8066
2026-03-14 09:16:15.460,0.8525,-0.11,9.8761
2026-03-14 09:16:15.470,1.0061,-0.1053,9.6457
2026-03-14 09:16:15.480,0.5456,-0.0457,10.1557
2026-03-14 09:16:15.490,0.507,-0.0617,9.7482
2026-03-14 09:16:15.500,0.4537,0.0036,9.3098
2026-03-14 09:16:15.510,0.1375,0.1946,9.0983
2026-03-14 09:16:15.520,,0.0775,9.6138
2026-03-14 09:16:15.530,-0.0479,0.2403,9.5963
2026-03-14 09:16:15.540,-0.0057,0.3755,9.8661
2026-03-14 09:16:15.550,-0.2501,0.2325,9.9232
2026-03-14 09:16:15.560,-0.3542,0.1428,10.1399
2026-03-14 09:16:15.570,-0.4064,0.1895,10.2538
2026-03-14 09:16:15.580,-0.4034,0.1382,10.0364
2026-03-14 09:16:15.590,-0.5626,0.0934,9.9467
2026-03-14 09:16:15.600,-0.7519,-0.3153,9.7974
2026-03-14 09:16:15.610,-1.1776,-0.0644,9.6785
2026-03-14 09:16:15.620,-1.3338,-0.1543,10.0864
2026-03-14 09:16:15.630,-1.3277,-0.6697,10.1473
2026-03-14 09:16:15.640,-1.3269,-0.6028,9.9307
2026-03-14 09:16:15.650,-1.5987,-0.9658,9.762
2026-03-14 09:16:15.660,-1.4613,-1.0325,9.8727
2026-03-14 09:16:15.670,-1.5689,-1.3347,9.5133
2026-03-14 09:16:15.680,-1.6866,-1.4586,9.3818
2026-03-14 09:16:15.690,-1.6014,-1.098,9.3137
2026-03-14 09:16:15.700,-1.2327,-1.0191,9.5657
2026-03-14 09:16:15.710,-1.3629,-1.2019,9.4531
2026-03-14 09:16:15.720,-1.0543,-1.1577,9.3758
2026-03-14 09:16:15.730,-0.8814,-0.9428,9.7883
2026-03-14 09:16:15.740,-0.7747,-0.5907,10.0391
2026-03-14 09:16:15.750,-0.8102,-0.4428,9.9546
2026-03-14 09:16:15.760,-0.745,-0.4075,10.1099
2026-03-14 09:16:15.770,-0.36,0.0696,10.0929
2026-03-14 09:16:15.780,-0.0351,-0.0386,9.8522
2026-03-14 09:16:15.790,0.266,0.167,9.3591
2026-03-14 09:16:15.800,0.2632,0.3793,9.62
2026-03-14 09:16:15.810,0.6488,0.4259,9.7639
2026-03-14 09:16:15.820,0.8339,0.9059,9.7921
2026-03-14 09:16:15.830,0.9322,0.6933,10.4571
2026-03-14 09:16:15.840,1.1799,1.1425,10.3888
2026-03-14 09:16:15.850,1.4103,0.9361,10.6614
2026-03-14 09:16:15.860,1.2481,0.8437,9.8994
2026-03-14 09:16:15.870,1.3566,1.1063,9.7551
2026-03-14 09:16:15.880,1.2772,0.9149,9.7345
2026-03-14 09:16:15.890,1.3069,0.8105,9.6876
2026-03-14 09:16:15.900,1.5229,0.6307,9.6442
2026-03-14 09:16:15.910,1.3107,0.5451,9.8025
2026-03-14 09:16:15.920,1.3585,0.4639,9.9224
2026-03-14 09:16:15.930,1.3439,0.2533,9.7899
2026-03-14 09:16:15.940,1.1131,0.0818,9.8997
2026-03-14 09:16:15.950,1.1748,0.4139,9.6575
2026-03-14 09:16:15.960,1.1696,0.3741,9.966
2026-03-14 09:16:15.970,0.894,-0.0978,9.674
2026-03-14 09:16:15.980,0.9911,-0.2278,8.9213
2026-03-14 09:16:15.990,0.8357,-0.0315,9.4545
2026-03-14 09:16:16.000,0.7925,-0.1723,9.6886
2026-03-14 09:16:16.010,0.6881,0.155,9.8188
2026-03-14 09:16:16.020,0.301,0.1747,10.0527
2026-03-14 09:16:16.030,0.0927,-0.0071,10.0302
2026-03-14 09:16:16.040,0.2848,0.0212,10.0192
2026-03-14 09:16:16.050,0.1225,0.0707,9.7707
2026-03-14 09:16:16.060,0.0734,0.2678,9.7814
2026-03-14 09:16:16.070,-0.1626,0.1345,10.1951
2026-03-14 09:16:16.080,-0.1619,0.3713,9.759
2026-03-14 09:16:16.090,-0.4696,0.1041,9.8154
2026-03-14 09:16:16.100,-0.5153,0.3354,10.5348
2026-03-14 09:16:16.110,-0.7127,-0.0799,10.4019
2026-03-14 09:16:16.120,-0.6966,0.0721,10.2949
2026-03-14 09:16:16.130,-1.0836,-0.0703,9.9851
2026-03-14 09:16:16.140,-1.0024,-0.2866,10.0541
2026-03-14 09:16:16.150,-1.171,-0.2432,9.6069
2026-03-14 09:16:16.160,-1.1785,-0.5187,10.1019
2026-03-14 09:16:16.170,-1.5561,-0.7013,9.7255
2026-03-14 09:16:16.180,-1.5339,-0.6338,9.4097
2026-03-14 09:16:16.190,-1.0525,-1.3332,9.6853
2026-03-14 09:16:16.200,-1.5816,-0.9486,9.8294
2026-03-14 09:16:16.210,-1.1562,-0.8684,10.0019
2026-03-14 09:16:16.220,-1.4353,-1.0919,9.2376
2026-03-14 09:16:16.230,-1.5344,-1.1668,9.3359
2026-03-14 09:16:16.240,-1.1405,-1.2158,9.2164
2026-03-14 09:16:16.250,-1.2159,-0.9978,9.5179
2026-03-14 09:16:16.260,-1.0584,-0.9351,9.4788
2026-03-14 09:16:16.270,-0.8374,-0.8257,9.79
2026-03-14 09:16:16.280,-0.5227,-0.5414,9.7823
2026-03-14 09:16:16.290,-0.4735,-0.5103,9.8184
2026-03-14 09:16:16.300,-0.6253,-0.2085,10.204
2026-03-14 09:16:16.310,0.0562,-0.0245,9.5521
2026-03-14 09:16:16.320,0.1037,0.401,9.3331
2026-03-14 09:16:16.330,0.0968,0.2266,9.6943
2026-03-14 09:16:16.340,0.5003,0.4888,10.0149
2026-03-14 09:16:16.350,0.8755,0.7489,9.7666
2026-03-14 09:16:16.360,0.9991,1.1815,9.9308
2026-03-14 09:16:16.370,0.9342,0.8802,10.1279
2026-03-14 09:16:16.380,1.0494,1.123,9.9345
2026-03-14 09:16:16.390,1.2484,1.0803,10.4528
2026-03-14 09:16:16.400,1.2516,1.1889,
2026-03-14 09:16:16.410,,0.7946,9.8059
2026-03-14 09:16:16.420,1.2888,0.9326,9.5186
2026-03-14 09:16:16.430,1.3131,0.4788,9.737
2026-03-14 09:16:16.440,1.4163,0.3343,9.8828
2026-03-14 09:16:16.450,1.3566,0.5225,9.5759
2026-03-14 09:16:16.460,1.316,0.4112,9.617
2026-03-14 09:16:16.470,1.3904,0.066,9.9403
2026-03-14 09:16:16.480,1.1477,0.4739,9.7655
2026-03-14 09:16:16.490,1.1466,0.1566,9.717
2026-03-14 09:16:16.500,1.0878,-0.2035,9.5211
2026-03-14 09:16:16.510,0.9413,0.2156,9.8344
2026-03-14 09:16:16.520,0.8976,-0.0243,9.0937
2026-03-14 09:16:16.530,0.5486,-0.1092,9.1888
2026-03-14 09:16:16.540,0.6273,0.2239,9.8099
2026-03-14 09:16:16.550,0.2693,0.046,9.8273
2026-03-14 09:16:16.560,0.1434,,9.9543
2026-03-14 09:16:16.570,0.2981,-0.038,10.0576
2026-03-14 09:16:16.580,0.092,0.1973,
2026-03-14 09:16:16.590,0.1111,0.414,10.0486
2026-03-14 09:16:16.600,-0.474,0.3444,9.6218
2026-03-14 09:16:16.610,-0.3316,0.2791,9.7087
2026-03-14 09:16:16.620,-0.3612,0.2548,10.0093
2026-03-14 09:16:16.630,-0.5136,0.2167,10.3896
2026-03-14 09:16:16.640,-0.6294,-0.2564,9.9391
2026-03-14 09:16:16.650,-1.0324,0.1023,10.2976
2026-03-14 09:16:16.660,-0.9349,0.1069,10.3176
2026-03-14 09:16:16.670,-0.9139,-0.4087,9.7861
2026-03-14 09:16:16.680,-1.2564,-0.4657,9.8878
2026-03-14 09:16:16.690,-1.3816,-0.8061,9.7208
2026-03-14 09:16:16.700,-1.0825,-0.7944,9.8854
2026-03-14 09:16:16.710,-1.4057,-0.7663,9.4459
2026-03-14 09:16:16.720,-1.639,-0.8776,9.4811
2026-03-14 09:16:16.730,-1.5483,-1.1825,9.8458
2026-03-14 09:16:16.740,-1.4234,-1.294,9.8521
2026-03-14 09:16:16.750,-1.5746,-1.0656,10.0951
2026-03-14 09:16:16.760,-1.4996,-1.1744,9.6833
2026-03-14 09:16:16.770,-1.1783,-1.1773,9.5224
2026-03-14 09:16:16.780,-1.3604,-1.0103,9.0741
2026-03-14 09:16:16.790,-0.7637,-0.723,9.516
2026-03-14 09:16:16.800,-0.582,-0.7545,9.0516
2026-03-14 09:16:16.810,-0.5657,-0.5417,9.7582
2026-03-14 09:16:16.820,-0.5096,-0.3792,9.5765
2026-03-14 09:16:16.830,-0.155,-0.1259,10.5364
2026-03-14 09:16:16.840,0.2247,0.3039,10.0031
2026-03-14 09:16:16.850,0.272,0.1183,9.8991
2026-03-14 09:16:16.860,0.706,0.6605,9.9273
2026-03-14 09:16:16.870,0.3809,0.4696,9.906
2026-03-14 09:16:16.880,0.7753,1.0144,10.0989
2026-03-14 09:16:16.890,1.0654,1.1578,9.8239
2026-03-14 09:16:16.900,0.9635,1.0577,9.8419
2026-03-14 09:16:16.910,1.2852,0.9577,10.0163
2026-03-14 09:16:16.920,1.5581,0.9402,10.3409
2026-03-14 09:16:16.930,1.4047,0.9261,10.3196
2026-03-14 09:16:16.940,1.4889,0.6891,10.207
2026-03-14 09:16:16.950,1.2323,0.5366,10.1662
2026-03-14 09:16:16.960,1.1306,0.7781,9.5686
2026-03-14 09:16:16.970,1.1829,0.588,9.194
2026-03-14 09:16:16.980,1.0545,0.6591,9.3017
2026-03-14 09:16:16.990,1.0857,0.2411,9.5923
2026-03-14 09:16:17.000,1.1395,0.4518,9.4451
2026-03-14 09:16:17.010,0.9682,0.2167,9.8377
2026-03-14 09:16:17.020,1.0974,0.2097,9.9341
2026-03-14 09:16:17.030,0.7258,0.158,9.9127
2026-03-14 09:16:17.040,0.9099,0.1598,9.3664
2026-03-14 09:16:17.050,0.5818,-0.006,9.5834
2026-03-14 09:16:17.060,0.7016,0.1035,9.39
2026-03-14 09:16:17.070,0.2937,0.0826,9.2208
2026-03-14 09:16:17.080,0.5121,0.0115,9.1703
2026-03-14 09:16:17.090,0.1054,0.0618,9.6134
2026-03-14 09:16:17.100,,0.149,10.0478
2026-03-14 09:16:17.110,-0.1469,0.3906,10.5333
2026-03-14 09:16:17.120,-0.0659,0.1881,10.4944
2026-03-14 09:16:17.130,-0.34,0.38,9.8776
2026-03-14 09:16:17.140,,0.3096,9.7058
2026-03-14 09:16:17.150,-0.4508,0.1747,9.9344
2026-03-14 09:16:17.160,-0.7026,-0.1332,10.0145
2026-03-14 09:16:17.170,-0.6574,0.1989,9.8248
2026-03-14 09:16:17.180,-0.8977,-0.0093,10.4378
2026-03-14 09:16:17.190,-1.0947,-0.3479,10.1376
2026-03-14 09:16:17.200,-0.8292,-0.1466,10.27
2026-03-14 09:16:17.210,-1.506,-0.683,10.1414
2026-03-14 09:16:17.220,-1.4248,-0.4149,9.9138
2026-03-14 09:16:17.230,-1.6867,-0.6307,9.8583
2026-03-14 09:16:17.240,-1.3227,-0.6887,9.7339
2026-03-14 09:16:17.250,-1.5662,-0.9724,9.6615
2026-03-14 09:16:17.260,-1.3644,-1.1286,9.4493
2026-03-14 09:16:17.270,-1.418,-1.2589,9.3304
2026-03-14 09:16:17.280,-1.4092,-1.1665,9.514
2026-03-14 09:16:17.290,-1.3859,-1.2512,9.5434
2026-03-14 09:16:17.300,-1.4758,-0.9461,10.1541
2026-03-14 09:16:17.310,-1.1414,-0.8507,9.7216
2026-03-14 09:16:17.320,-0.9909,-1.109,9.9923
2026-03-14 09:16:17.330,-0.5364,-0.4113,
2026-03-14 09:16:17.340,-0.543,-0.5683,9.4361
2026-03-14 09:16:17.350,-0.6362,-0.0534,9.7205
2026-03-14 09:16:17.360,-0.2466,0.0413,9.8896
2026-03-14 09:16:17.370,0.2407,0.3341,10.1308
2026-03-14 09:16:17.380,0.2476,0.3734,10.0516
2026-03-14 09:16:17.390,0.7266,0.8314,10.4087
2026-03-14 09:16:17.400,0.6566,0.7536,10.5459
2026-03-14 09:16:17.410,0.9167,0.758,10.0501
2026-03-14 09:16:17.420,1.0462,0.9388,10.2207
2026-03-14 09:16:17.430,1.1707,1.1184,9.8248
2026-03-14 09:16:17.440,1.0161,1.4428,9.9315
2026-03-14 09:16:17.450,1.0808,0.9807,9.8723
2026-03-14 09:16:17.460,1.3703,0.7479,9.6257
2026-03-14 09:16:17.470,1.0707,1.0096,10.0669
2026-03-14 09:16:17.480,1.3843,0.8139,9.8539
2026-03-14 09:16:17.490,1.3133,0.6877,10.0604
2026-03-14 09:16:17.500,1.2363,0.4933,9.8173
2026-03-14 09:16:17.510,1.3686,0.1374,9.136
2026-03-14 09:16:17.520,1.2614,0.3023,9.506
2026-03-14 09:16:17.530,1.0605,0.3721,9.5876
2026-03-14 09:16:17.540,1.1581,0.0736,9.725
2026-03-14 09:16:17.550,1.0686,-0.1563,9.3793
2026-03-14 09:16:17.560,0.9998,0.0561,9.8108
2026-03-14 09:16:17.570,0.9833,-0.2371,9.8193
2026-03-14 09:16:17.580,0.5411,-0.1177,9.7969
2026-03-14 09:16:17.590,0.6057,-0.1493,9.5824
2026-03-14 09:16:17.600,0.6916,,9.3503
2026-03-14 09:16:17.610,0.3961,0.1869,9.379
2026-03-14 09:16:17.620,0.3208,0.3452,9.559
2026-03-14 09:16:17.630,0.112,0.3732,9.3731
2026-03-14 09:16:17.640,-0.0111,0.4913,9.9212
2026-03-14 09:16:17.650,-0.0692,0.3033,10.0103
2026-03-14 09:16:17.660,-0.3297,0.6431,10.4546
2026-03-14 09:16:17.670,-0.3907,0.298,10.2946
2026-03-14 09:16:17.680,-0.4257,-0.0285,10.3006
2026-03-14 09:16:17.690,-0.7482,0.0934,9.7913
2026-03-14 09:16:17.700,-0.8151,0.107,9.79
2026-03-14 09:16:17.710,-0.9022,-0.2086,9.6154
2026-03-14 09:16:17.720,-1.18,-0.265,9.7382
2026-03-14 09:16:17.730,-1.3667,-0.338,
2026-03-14 09:16:17.740,,-0.2,10.2031
2026-03-14 09:16:17.750,-1.1551,-0.4154,9.7647
2026-03-14 09:16:17.760,-1.8783,-0.9812,9.8744
2026-03-14 09:16:17.770,-1.6635,-0.9817,9.4299
2026-03-14 09:16:17.780,-1.6161,-1.0382,9.3616
2026-03-14 09:16:17.790,-1.5774,-1.1307,9.4465
2026-03-14 09:16:17.800,-1.6616,-1.0644,9.4389
2026-03-14 09:16:17.810,-1.5698,-1.4057,9.4272
2026-03-14 09:16:17.820,-1.3258,-0.7561,9.6982
2026-03-14 09:16:17.830,-0.9793,-1.1732,9.7851
2026-03-14 09:16:17.840,-1.1866,-0.784,10.1503
2026-03-14 09:16:17.850,-0.9102,-0.3721,9.773
2026-03-14 09:16:17.860,-0.6896,-0.3987,9.7984
2026-03-14 09:16:17.870,-0.1322,-0.5093,9.3888
2026-03-14 09:16:17.880,-0.0702,-0.0885,9.3466
2026-03-14 09:16:17.890,0.001,0.2048,9.4778
2026-03-14 09:16:17.900,0.1364,0.4424,9.503
2026-03-14 09:16:17.910,0.3436,0.5813,9.8611
2026-03-14 09:16:17.920,0.4117,0.7354,10.3778
2026-03-14 09:16:17.930,0.887,0.8184,10.1907
2026-03-14 09:16:17.940,1.08,0.9785,10.4786
2026-03-14 09:16:17.950,0.8804,0.9364,9.7935
2026-03-14 09:16:17.960,0.9063,1.207,9.6639
2026-03-14 09:16:17.970,1.2591,0.9599,9.8746
2026-03-14 09:16:17.980,1.3971,1.0185,9.9227
2026-03-14 09:16:17.990,1.3247,1.0103,9.8577
2026-03-14 09:16:18.000,1.2641,0.7476,9.8812
2026-03-14 09:16:18.010,1.0533,0.6059,10.3391
2026-03-14 09:16:18.020,1.2391,0.556,9.942
2026-03-14 09:16:18.030,1.0398,0.3005,9.8393
2026-03-14 09:16:18.040,1.0526,0.4203,9.4122
2026-03-14 09:16:18.050,1.1107,0.2135,9.4778
2026-03-14 09:16:18.060,1.2059,0.1791,9.4215
2026-03-14 09:16:18.070,1.0399,-0.1518,9.2837
2026-03-14 09:16:18.080,0.8575,-0.1981,9.5923
2026-03-14 09:16:18.090,0.991,0.0335,9.5371
2026-03-14 09:16:18.100,0.752,-0.0079,10.2227
2026-03-14 09:16:18.110,0.7529,0.0239,9.6968
2026-03-14 09:16:18.120,0.6124,0.1609,9.8049
2026-03-14 09:16:18.130,0.4923,-0.0601,9.8278
2026-03-14 09:16:18.140,0.2309,0.1424,9.7028
2026-03-14 09:16:18.150,0.2317,0.2924,9.3717
2026-03-14 09:16:18.160,0.2409,0.228,9.4971
2026-03-14 09:16:18.170,-0.1115,0.1606,9.5513
2026-03-14 09:16:18.180,-0.0679,0.1985,9.8877
2026-03-14 09:16:18.190,-0.6052,0.3057,10.1356
2026-03-14 09:16:18.200,-0.7972,0.1694,10.1539
2026-03-14 09:16:18.210,-0.616,0.0504,10.5153
2026-03-14 09:16:18.220,-0.9344,0.0517,10.4106
2026-03-14 09:16:18.230,-1.0796,0.0971,9.8711
2026-03-14 09:16:18.240,-1.3759,-0.0601,9.8942
2026-03-14 09:16:18.250,-1.3772,-0.2127,9.8317
2026-03-14 09:16:18.260,-1.516,-0.4317,9.7087
2026-03-14 09:16:18.270,-1.2985,-0.7108,10.413
2026-03-14 09:16:18.280,-1.4307,-0.929,9.4914
2026-03-14 09:16:18.290,-1.5157,-0.744,9.5913
2026-03-14 09:16:18.300,-1.73,-1.0558,10.1209
2026-03-14 09:16:18.310,-1.5608,-1.0263,9.6109
2026-03-14 09:16:18.320,-1.5168,-1.077,9.7801
2026-03-14 09:16:18.330,-1.2211,-1.2888,9.4122
2026-03-14 09:16:18.340,-1.1606,-1.3218,9.2724
2026-03-14 09:16:18.350,-1.3449,-1.095,9.089
2026-03-14 09:16:18.360,-1.0613,-1.2289,9.4633
2026-03-14 09:16:18.370,-1.1233,-0.6045,10.2792
2026-03-14 09:16:18.380,-0.5112,-0.4638,10.1394
2026-03-14 09:16:18.390,-0.5552,-0.3373,10.0653
2026-03-14 09:16:18.400,-0.4095,-0.0655,9.9421
2026-03-14 09:16:18.410,-0.5028,-0.0065,9.6021
2026-03-14 09:16:18.420,-0.1522,0.274,9.8665
2026-03-14 09:16:18.430,0.4737,0.4906,9.5554
2026-03-14 09:16:18.440,0.5101,0.5557,9.6321
2026-03-14 09:16:18.450,0.6288,0.8202,9.9256
2026-03-14 09:16:18.460,,0.9768,9.7397
2026-03-14 09:16:18.470,0.8918,1.1212,9.9709
2026-03-14 09:16:18.480,1.1386,1.2174,10.052
2026-03-14 09:16:18.490,1.2206,0.9323,10.0058
2026-03-14 09:16:18.500,1.393,0.9998,10.2859
2026-03-14 09:16:18.510,1.3744,0.9083,9.8959
2026-03-14 09:16:18.520,1.2138,0.6121,9.4588
2026-03-14 09:16:18.530,1.4631,0.7159,9.5288
2026-03-14 09:16:18.540,1.3612,0.5705,9.694
2026-03-14 09:16:18.550,1.2939,0.4625,9.952
2026-03-14 09:16:18.560,1.2732,,9.7597
2026-03-14 09:16:18.570,1.5126,0.2488,9.7006
2026-03-14 09:16:18.580,1.1992,0.2914,9.8242
2026-03-14 09:16:18.590,1.1941,-0.0245,9.6864
2026-03-14 09:16:18.600,1.1538,-0.1335,9.2601
2026-03-14 09:16:18.610,0.6002,,9.3572
2026-03-14 09:16:18.620,0.9474,-0.2058,9.4815
2026-03-14 09:16:18.630,0.6672,-0.0642,9.4824
2026-03-14 09:16:18.640,0.5481,0.1298,9.605
2026-03-14 09:16:18.650,0.7028,-0.1797,9.7581
2026-03-14 09:16:18.660,0.6495,0.1127,
2026-03-14 09:16:18.670,0.0343,0.0233,9.8776
2026-03-14 09:16:18.680,-0.0362,0.2449,10.1636
2026-03-14 09:16:18.690,0.527,0.3196,9.811
2026-03-14 09:16:18.700,-0.2188,0.0858,9.4398
2026-03-14 09:16:18.710,-0.2812,0.5225,10.3162
2026-03-14 09:16:18.720,-0.5136,0.4271,9.7542
2026-03-14 09:16:18.730,-0.6476,0.3626,9.7496
2026-03-14 09:16:18.740,-0.627,-0.0227,10.2104
2026-03-14 09:16:18.750,-0.8749,,10.2037
2026-03-14 09:16:18.760,-1.0342,0.0759,10.2091
2026-03-14 09:16:18.770,-1.1433,-0.2796,9.8514
2026-03-14 09:16:18.780,-1.4439,-0.1303,9.5499
2026-03-14 09:16:18.790,-1.3474,-0.6431,9.297
2026-03-14 09:16:18.800,-1.2421,-0.8594,9.7065
2026-03-14 09:16:18.810,-1.4821,-0.9175,9.7846
2026-03-14 09:16:18.820,-1.6057,-0.7476,9.2963
2026-03-14 09:16:18.830,-1.7281,-1.2262,9.8205
2026-03-14 09:16:18.840,-1.3456,-1.1046,10.0572
2026-03-14 09:16:18.850,-1.764,-1.1194,9.8712
2026-03-14 09:16:18.860,-1.4225,-1.0888,9.7322
2026-03-14 09:16:18.870,-1.3247,-1.2528,9.3805
2026-03-14 09:16:18.880,-1.261,-1.1356,9.2779
2026-03-14 09:16:18.890,-0.7288,,9.6121
2026-03-14 09:16:18.900,-0.9034,-0.8723,9.6695
2026-03-14 09:16:18.910,-0.4309,-0.4541,9.1749
2026-03-14 09:16:18.920,-0.3836,-0.2846,9.8752
2026-03-14 09:16:18.930,-0.2456,-0.23,10.1244
2026-03-14 09:16:18.940,-0.1912,0.0098,10.3765
2026-03-14 09:16:18.950,-0.1125,0.0041,10.1144
2026-03-14 09:16:18.960,0.3068,0.5866,9.8249
2026-03-14 09:16:18.970,0.3262,0.5466,9.7207
2026-03-14 09:16:18.980,0.6331,0.8844,9.747
2026-03-14 09:16:18.990,0.9033,1.2574,9.9864
2026-03-14 09:16:19.000,0.9622,0.7652,10.4137
2026-03-14 09:16:19.010,1.247,0.974,10.5544
2026-03-14 09:16:19.020,1.3045,1.3127,10.1692
2026-03-14 09:16:19.030,1.464,0.9635,9.9906
2026-03-14 09:16:19.040,1.4162,0.9695,9.7776
2026-03-14 09:16:19.050,,0.6805,9.6697
2026-03-14 09:16:19.060,1.596,0.775,9.4
2026-03-14 09:16:19.070,1.2846,0.7055,9.6697
2026-03-14 09:16:19.080,1.2363,0.343,9.2948
2026-03-14 09:16:19.090,1.2535,0.4997,9.4912
2026-03-14 09:16:19.100,1.2214,0.3818,9.8972
2026-03-14 09:16:19.110,1.1258,-0.0499,9.4275
2026-03-14 09:16:19.120,0.9041,0.0774,9.6495
2026-03-14 09:16:19.130,1.0671,-0.1709,9.8214
2026-03-14 09:16:19.140,0.8344,0.0177,9.7228
2026-03-14 09:16:19.150,0.6305,0.1549,9.0987
2026-03-14 09:16:19.160,0.7111,-0.1476,9.5583
2026-03-14 09:16:19.170,0.7696,0.0294,9.6828
2026-03-14 09:16:19.180,0.6203,-0.1538,9.547
2026-03-14 09:16:19.190,0.2333,0.1964,10.2044
2026-03-14 09:16:19.200,-0.1192,0.4121,9.9996
2026-03-14 09:16:19.210,0.213,0.2275,9.928
2026-03-14 09:16:19.220,0.0341,0.4476,10.1166
2026-03-14 09:16:19.230,-0.1023,0.3667,10.0197
2026-03-14 09:16:19.240,-0.3678,0.2272,
2026-03-14 09:16:19.250,-0.6101,0.4461,10.2241
2026-03-14 09:16:19.260,-0.6204,0.1249,9.6513
2026-03-14 09:16:19.270,-0.5911,0.4403,10.078
2026-03-14 09:16:19.280,-0.8198,0.0785,10.0836
2026-03-14 09:16:19.290,,-0.0545,10.4073
2026-03-14 09:16:19.300,-1.1736,-0.2802,9.9304
2026-03-14 09:16:19.310,-1.3408,-0.297,10.2563
2026-03-14 09:16:19.320,-1.1379,-0.5276,9.5836
2026-03-14 09:16:19.330,-1.41,-0.8479,9.5876
2026-03-14 09:16:19.340,-1.6047,-0.8558,9.8379
2026-03-14 09:16:19.350,-1.2304,-1.0226,9.2456
2026-03-14 09:16:19.360,-1.5657,-1.246,9.613
2026-03-14 09:16:19.370,-1.5008,-1.326,9.6699
2026-03-14 09:16:19.380,-1.4062,-1.2955,9.5326
2026-03-14 09:16:19.390,-1.3711,-1.1603,9.8212
2026-03-14 09:16:19.400,-1.1328,-1.0409,9.4978
2026-03-14 09:16:19.410,-1.1711,-1.168,9.6636
2026-03-14 09:16:19.420,-1.0195,-0.9775,9.6012
2026-03-14 09:16:19.430,-0.7074,-0.6747,
2026-03-14 09:16:19.440,-0.6049,-0.5682,9.4258
2026-03-14 09:16:19.450,-0.2101,-0.2598,9.7108
2026-03-14 09:16:19.460,-0.1017,-0.097,10.0703
2026-03-14 09:16:19.470,0.1503,-0.1747,10.2702
2026-03-14 09:16:19.480,0.1023,0.3891,10.326
2026-03-14 09:16:19.490,0.4989,0.5474,10.3286
2026-03-14 09:16:19.500,0.6674,0.8071,9.8379
2026-03-14 09:16:19.510,0.8093,1.2017,
2026-03-14 09:16:19.520,0.7811,0.8601,10.0906
2026-03-14 09:16:19.530,1.1576,0.9008,9.69
2026-03-14 09:16:19.540,1.1265,0.9073,
2026-03-14 09:16:19.550,1.1768,1.1144,9.909
2026-03-14 09:16:19.560,1.373,,10.3874
2026-03-14 09:16:19.570,1.2554,,9.7011
2026-03-14 09:16:19.580,1.188,0.7463,10.0901
2026-03-14 09:16:19.590,1.2538,0.6924,9.603
2026-03-14 09:16:19.600,1.3395,0.3201,9.7727
2026-03-14 09:16:19.610,1.3701,0.2623,9.4602
2026-03-14 09:16:19.620,1.4222,0.1116,9.5543
2026-03-14 09:16:19.630,1.0782,0.5139,9.5995
2026-03-14 09:16:19.640,1.2747,-0.0577,9.4791
2026-03-14 09:16:19.650,0.6824,0.1268,9.6065
2026-03-14 09:16:19.660,0.9264,-0.1319,9.8622
2026-03-14 09:16:19.670,0.9931,-0.2027,9.6487
2026-03-14 09:16:19.680,0.7482,0.1188,9.7954
2026-03-14 09:16:19.690,0.769,-0.0617,9.6715
2026-03-14 09:16:19.700,0.5446,0.0191,9.4131
2026-03-14 09:16:19.710,0.3611,-0.0457,9.5471
2026-03-14 09:16:19.720,0.1157,0.1086,10.0752
2026-03-14 09:16:19.730,0.0992,0.1543,9.6616
2026-03-14 09:16:19.740,-0.0345,0.1643,9.9647
2026-03-14 09:16:19.750,-0.3222,0.2888,10.1072
2026-03-14 09:16:19.760,-0.0361,0.3173,10.3577
2026-03-14 09:16:19.770,-0.2254,0.2674,10.0387
2026-03-14 09:16:19.780,-0.4669,0.1737,9.988
2026-03-14 09:16:19.790,-0.7708,0.1796,9.947
2026-03-14 09:16:19.800,-1.0155,0.0548,9.9825
2026-03-14 09:16:19.810,-0.7638,-0.0338,9.7942
2026-03-14 09:16:19.820,-1.1704,-0.2007,10.1124
2026-03-14 09:16:19.830,-0.9292,-0.3458,10.1537
2026-03-14 09:16:19.840,-1.0029,-0.5456,10.052
2026-03-14 09:16:19.850,-1.2151,-0.6938,10.3157
2026-03-14 09:16:19.860,-1.6019,-0.7797,9.8517
2026-03-14 09:16:19.870,-1.4059,-0.8945,9.5933
2026-03-14 09:16:19.880,-1.7063,-1.1802,9.5008
2026-03-14 09:16:19.890,-1.41,-1.1164,9.2531
2026-03-14 09:16:19.900,-1.6592,,9.3338
2026-03-14 09:16:19.910,-1.2255,-1.1736,9.4525
2026-03-14 09:16:19.920,-1.3849,-1.2838,9.5858
2026-03-14 09:16:19.930,-1.3092,-1.0407,9.8094
2026-03-14 09:16:19.940,-1.1944,-0.9785,10.2779
2026-03-14 09:16:19.950,-0.7378,-1.0034,
2026-03-14 09:16:19.960,-0.8339,-0.7562,9.3786
2026-03-14 09:16:19.970,-0.8227,-0.3841,9.8142
2026-03-14 09:16:19.980,-0.3004,-0.1943,9.5583
2026-03-14 09:16:19.990,-0.1564,0.2376,9.7079
2026-03-14 09:16:20.000,0.0121,0.273,10.0087
2026-03-14 09:16:20.010,0.1963,0.4886,10.1988
2026-03-14 09:16:20.020,0.4868,0.7719,10.2167
2026-03-14 09:16:20.030,0.5805,0.7356,10.2065
2026-03-14 09:16:20.040,0.5132,0.9031,10.0553
2026-03-14 09:16:20.050,0.8266,1.0153,9.897
2026-03-14 09:16:20.060,0.9274,0.8886,9.8814
2026-03-14 09:16:20.070,1.2893,1.1091,9.8582
2026-03-14 09:16:20.080,1.4349,1.1583,10.0512
2026-03-14 09:16:20.090,1.4717,0.855,10.3939
2026-03-14 09:16:20.100,1.5036,0.8831,9.8394
2026-03-14 09:16:20.110,1.4627,0.5883,9.9557
2026-03-14 09:16:20.120,1.4879,0.9349,9.863
2026-03-14 09:16:20.130,1.5348,0.6666,9.7364
2026-03-14 09:16:20.140,1.2206,0.5161,9.8725
2026-03-14 09:16:20.150,1.1028,0.3377,9.4731
2026-03-14 09:16:20.160,1.194,0.1057,9.2328
2026-03-14 09:16:20.170,1.4144,0.1598,
2026-03-14 09:16:20.180,1.1389,0.0449,9.1567
2026-03-14 09:16:20.190,0.9035,-0.2198,9.9191
2026-03-14 09:16:20.200,0.7123,-0.4046,10.0483
2026-03-14 09:16:20.210,,0.0119,9.9451
2026-03-14 09:16:20.220,0.8082,0.151,9.8302
2026-03-14 09:16:20.230,0.2871,-0.0219,9.7525
2026-03-14 09:16:20.240,0.7909,0.13,9.8156
2026-03-14 09:16:20.250,0.0347,0.1501,9.7801
2026-03-14 09:16:20.260,0.2216,-0.0114,9.4823
2026-03-14 09:16:20.270,0.0003,0.1515,9.9095
2026-03-14 09:16:20.280,-0.099,0.4318,9.8594
2026-03-14 09:16:20.290,,0.5628,9.9752
2026-03-14 09:16:20.300,-0.6036,0.1231,10.0545
2026-03-14 09:16:20.310,-0.5211,0.2485,10.6076
2026-03-14 09:16:20.320,-0.5912,0.0539,10.1535
2026-03-14 09:16:20.330,-0.7257,-0.0002,10.1636
2026-03-14 09:16:20.340,-1.318,-0.0173,10.1066
2026-03-14 09:16:20.350,-0.9954,-0.2425,9.8368
2026-03-14 09:16:20.360,-1.3192,-0.4519,9.7861
2026-03-14 09:16:20.370,-1.1656,-0.5977,10.1619
2026-03-14 09:16:20.380,-1.3009,-0.874,9.8898
2026-03-14 09:16:20.390,-1.459,-0.7474,10.0513
2026-03-14 09:16:20.400,-1.3088,,9.4066
2026-03-14 09:16:20.410,-1.5097,-1.1748,9.4139
2026-03-14 09:16:20.420,-1.4778,-1.152,9.1499
2026-03-14 09:16:20.430,-1.5781,-1.1181,9.5228
2026-03-14 09:16:20.440,-1.4265,-1.2319,9.24
2026-03-14 09:16:20.450,-1.4157,-1.1667,9.5555
2026-03-14 09:16:20.460,-1.2493,-1.0987,9.9814
2026-03-14 09:16:20.470,-0.9012,-1.0267,9.6841
2026-03-14 09:16:20.480,-1.1101,-0.7944,9.8059
2026-03-14 09:16:20.490,-0.5689,-0.4258,9.7719
2026-03-14 09:16:20.500,-0.6856,-0.3134,9.8649
2026-03-14 09:16:20.510,-0.2596,-0.1044,9.5997
2026-03-14 09:16:20.520,0.1134,0.0067,9.599
2026-03-14 09:16:20.530,0.0463,0.143,9.8124
2026-03-14 09:16:20.540,0.2678,0.8078,10.0996
2026-03-14 09:16:20.550,0.684,0.3901,10.0408
2026-03-14 09:16:20.560,0.7288,0.8242,10.1855
2026-03-14 09:16:20.570,1.0313,0.8603,10.3208
2026-03-14 09:16:20.580,0.7759,1.1369,10.2207
2026-03-14 09:16:20.590,1.2002,0.8126,10.1013
2026-03-14 09:16:20.600,1.1093,1.1637,9.9832
2026-03-14 09:16:20.610,1.2352,1.0316,9.767
2026-03-14 09:16:20.620,1.5935,0.847,9.7963
2026-03-14 09:16:20.630,1.3054,0.7221,9.8237
2026-03-14 09:16:20.640,1.3499,0.7533,9.8508
2026-03-14 09:16:20.650,1.5226,0.6056,9.6638
2026-03-14 09:16:20.660,1.5557,0.473,9.817
2026-03-14 09:16:20.670,1.2478,0.3177,9.8932
2026-03-14 09:16:20.680,0.9875,0.1705,9.5144
2026-03-14 09:16:20.690,1.1571,0.2155,9.5493
2026-03-14 09:16:20.700,1.0017,0.1965,9.0872
2026-03-14 09:16:20.710,1.0603,-0.3094,9.0996
2026-03-14 09:16:20.720,0.6941,0.083,9.2526
2026-03-14 09:16:20.730,0.6474,-0.2187,9.8159
2026-03-14 09:16:20.740,0.2974,-0.1398,9.9009
2026-03-14 09:16:20.750,0.3354,0.1648,9.9193
2026-03-14 09:16:20.760,0.3972,0.0898,10.0529
2026-03-14 09:16:20.770,0.1458,-0.0778,9.6905
2026-03-14 09:16:20.780,0.3602,0.2922,9.716
2026-03-14 09:16:20.790,0.1623,0.4989,9.3774
2026-03-14 09:16:20.800,-0.0288,0.4309,9.7589
2026-03-14 09:16:20.810,-0.1384,-0.0126,9.8799
2026-03-14 09:16:20.820,-0.2805,0.4354,10.3182
2026-03-14 09:16:20.830,-0.5826,0.2537,10.2171
2026-03-14 09:16:20.840,-0.3965,0.4202,9.9242
2026-03-14 09:16:20.850,-0.5597,0.1734,10.3697
2026-03-14 09:16:20.860,-0.7666,0.0086,10.4258
2026-03-14 09:16:20.870,-1.2237,-0.1455,9.7528
2026-03-14 09:16:20.880,-1.0122,-0.6017,9.7026
2026-03-14 09:16:20.890,-1.1533,-0.6776,9.8382
2026-03-14 09:16:20.900,-1.39,-0.6205,9.6852
2026-03-14 09:16:20.910,-1.3718,-0.7212,9.7867
2026-03-14 09:16:20.920,-1.4492,,9.6164
2026-03-14 09:16:20.930,-1.6403,-1.0616,9.723
2026-03-14 09:16:20.940,-1.303,-1.0919,9.563
2026-03-14 09:16:20.950,-1.4303,-1.1209,9.9481
2026-03-14 09:16:20.960,-1.3155,-1.2038,9.2894
2026-03-14 09:16:20.970,-1.4943,-1.044,9.1277
2026-03-14 09:16:20.980,-1.3048,-1.1517,9.4936
2026-03-14 09:16:20.990,-1.0293,-1.078,9.2349
2026-03-14 09:16:21.000,-1.062,-0.7946,9.6061
2026-03-14 09:16:21.010,-1.0426,-0.8338,10.3141
2026-03-14 09:16:21.020,-0.5299,-0.5183,10.0652
2026-03-14 09:16:21.030,-0.5179,-0.215,9.753
2026-03-14 09:16:21.040,-0.1586,-0.018,10.0337
2026-03-14 09:16:21.050,-0.0409,0.1501,10.0171
2026-03-14 09:16:21.060,0.0282,0.0236,9.8355
2026-03-14 09:16:21.070,0.4914,0.4065,9.368
2026-03-14 09:16:21.080,0.353,0.6965,10.1159
2026-03-14 09:16:21.090,0.7165,1.0069,10.1367
2026-03-14 09:16:21.100,1.126,1.085,10.1034
2026-03-14 09:16:21.110,0.9545,1.0387,10.2466
2026-03-14 09:16:21.120,1.2625,0.974,10.3663
2026-03-14 09:16:21.130,1.1554,1.1117,10.0421
2026-03-14 09:16:21.140,1.2637,0.8883,9.9137
2026-03-14 09:16:21.150,1.6036,0.8157,9.545
2026-03-14 09:16:21.160,1.2865,0.7868,9.0245
2026-03-14 09:16:21.170,1.2745,0.5439,9.612
2026-03-14 09:16:21.180,1.5365,0.6347,10.002
2026-03-14 09:16:21.190,1.1282,0.3567,9.8051
2026-03-14 09:16:21.200,1.3331,-0.0961,10.1675
2026-03-14 09:16:21.210,1.1275,0.0503,9.7354
2026-03-14 09:16:21.220,1.1145,0.1669,9.582
2026-03-14 09:16:21.230,1.2402,0.0759,9.4995
2026-03-14 09:16:21.240,0.7781,0.1951,9.3352
2026-03-14 09:16:21.250,,-0.1277,9.4973
2026-03-14 09:16:21.260,0.7522,-0.1758,9.3034
2026-03-14 09:16:21.270,0.6233,-0.0557,9.0691
2026-03-14 09:16:21.280,0.3322,-0.1636,9.5788
2026-03-14 09:16:21.290,0.2253,0.22,9.7536
2026-03-14 09:16:21.300,0.1967,0.3792,9.997
2026-03-14 09:16:21.310,0.1861,0.229,9.96
2026-03-14 09:16:21.320,-0.1158,0.3508,10.268
2026-03-14 09:16:21.330,0.0669,0.1409,9.5361
2026-03-14 09:16:21.340,-0.1872,0.2816,9.777
2026-03-14 09:16:21.350,-0.2943,0.2633,9.9695
2026-03-14 09:16:21.360,-0.6155,,10.1277
2026-03-14 09:16:21.370,-0.5944,0.4906,10.2851
2026-03-14 09:16:21.380,-0.7014,0.2396,10.3042
2026-03-14 09:16:21.390,-1.1263,-0.128,9.9342
2026-03-14 09:16:21.400,-1.0192,-0.0989,10.0611
2026-03-14 09:16:21.410,-1.0027,-0.4535,9.6662
2026-03-14 09:16:21.420,-1.4484,-0.6803,9.4649
2026-03-14 09:16:21.430,-1.022,-0.7019,9.5178
2026-03-14 09:16:21.440,-1.264,-0.9194,9.8917
2026-03-14 09:16:21.450,-1.5041,-0.6593,9.6509
2026-03-14 09:16:21.460,-1.5855,-1.3538,9.6672
2026-03-14 09:16:21.470,-1.6408,-1.1932,9.693
2026-03-14 09:16:21.480,-1.5176,-1.1595,9.57
2026-03-14 09:16:21.490,-1.2154,-1.2345,10.0944
2026-03-14 09:16:21.500,-1.4197,-1.1711,9.747
2026-03-14 09:16:21.510,-1.0269,-1.3125,9.3831
2026-03-14 09:16:21.520,-1.294,-1.0471,9.5713
2026-03-14 09:16:21.530,-0.9042,-0.8292,8.9513
2026-03-14 09:16:21.540,-0.7976,-0.6778,9.5428
2026-03-14 09:16:21.550,-0.2714,-0.541,9.9986
2026-03-14 09:16:21.560,-0.2836,-0.218,10.4592
2026-03-14 09:16:21.570,-0.1745,-0.0366,10.1056
2026-03-14 09:16:21.580,0.4149,0.1898,10.0714
2026-03-14 09:16:21.590,0.3572,0.3573,10.1112
2026-03-14 09:16:21.600,0.4151,0.7452,9.5966
2026-03-14 09:16:21.610,0.5371,0.6555,9.8641
2026-03-14 09:16:21.620,1.2199,1.1149,9.7151
2026-03-14 09:16:21.630,0.9003,0.9234,9.5766
2026-03-14 09:16:21.640,1.1186,0.9128,9.9023
2026-03-14 09:16:21.650,1.2099,1.2751,9.9853
2026-03-14 09:16:21.660,1.1304,0.9591,9.9597
2026-03-14 09:16:21.670,1.4162,1.2773,10.0222
2026-03-14 09:16:21.680,1.2105,0.8987,9.605
2026-03-14 09:16:21.690,1.3458,0.4321,9.4394
2026-03-14 09:16:21.700,1.4323,0.7458,9.6494
2026-03-14 09:16:21.710,1.212,0.7238,9.6544
2026-03-14 09:16:21.720,1.0351,0.3018,9.4223
2026-03-14 09:16:21.730,1.2696,0.0341,9.313
2026-03-14 09:16:21.740,1.1192,0.5588,9.5774
2026-03-14 09:16:21.750,1.1084,0.0777,9.9435
2026-03-14 09:16:21.760,1.191,-0.0764,9.5396
2026-03-14 09:16:21.770,0.8835,0.2041,9.8758
2026-03-14 09:16:21.780,0.941,-0.1435,9.328
2026-03-14 09:16:21.790,0.5194,0.0848,9.3089
2026-03-14 09:16:21.800,0.8,,9.5153
2026-03-14 09:16:21.810,0.5104,0.2361,9.585
2026-03-14 09:16:21.820,,0.3256,10.1791
2026-03-14 09:16:21.830,0.3574,0.3417,9.6821
2026-03-14 09:16:21.840,-0.0844,0.5862,10.1491
2026-03-14 09:16:21.850,-0.1712,0.2212,9.9225
2026-03-14 09:16:21.860,-0.1364,0.3014,10.2215
2026-03-14 09:16:21.870,-0.358,0.2644,9.6179
2026-03-14 09:16:21.880,-0.5894,0.2031,9.7997
2026-03-14 09:16:21.890,-0.8406,0.2175,9.7622
2026-03-14 09:16:21.900,-0.6293,0.394,9.8352
2026-03-14 09:16:21.910,-1.0109,0.233,10.0172
2026-03-14 09:16:21.920,-0.9189,-0.1693,10.384
2026-03-14 09:16:21.930,-1.0328,-0.2638,10.3479
2026-03-14 09:16:21.940,-1.2743,,9.9961
2026-03-14 09:16:21.950,-1.1079,-0.4494,9.8649
2026-03-14 09:16:21.960,-1.4219,-0.567,9.8236
2026-03-14 09:16:21.970,-1.4455,-0.7835,9.6184
2026-03-14 09:16:21.980,-1.3315,-1.0558,9.674
2026-03-14 09:16:21.990,-1.6133,-1.1919,9.932
2026-03-14 09:16:22.000,-1.5298,-1.2911,9.8262
2026-03-14 09:16:22.010,-1.278,-1.329,9.8665
2026-03-14 09:16:22.020,-1.6563,-1.2014,9.654
2026-03-14 09:16:22.030,-1.45,-1.1257,9.4534
2026-03-14 09:16:22.040,-1.1162,-1.0885,10.0849
2026-03-14 09:16:22.050,-0.9651,-0.8185,9.456
2026-03-14 09:16:22.060,-0.6318,-0.6765,9.6355
2026-03-14 09:16:22.070,-0.5447,-0.4474,9.7733
2026-03-14 09:16:22.080,-0.3641,-0.2562,9.7344
2026-03-14 09:16:22.090,-0.0313,,9.415
2026-03-14 09:16:22.100,-0.0568,0.2373,9.7792
2026-03-14 09:16:22.110,0.1443,0.4551,10.2807
2026-03-14 09:16:22.120,0.6421,0.4159,9.8701
2026-03-14 09:16:22.130,0.3657,1.0254,10.011
2026-03-14 09:16:22.140,0.8344,0.6881,9.6684
2026-03-14 09:16:22.150,0.6351,0.9101,9.8582
2026-03-14 09:16:22.160,0.9295,1.2433,
2026-03-14 09:16:22.170,1.1225,1.1358,9.8733
2026-03-14 09:16:22.180,1.2689,0.8782,10.0672
2026-03-14 09:16:22.190,1.3215,1.2174,10.2771
2026-03-14 09:16:22.200,1.2738,0.6194,10.3163
2026-03-14 09:16:22.210,1.4354,0.6633,10.0687
2026-03-14 09:16:22.220,1.1664,0.8209,9.9541
2026-03-14 09:16:22.230,1.3883,0.4641,9.5627
2026-03-14 09:16:22.240,1.0032,0.6068,9.7237
2026-03-14 09:16:22.250,1.3788,0.339,9.9463
2026-03-14 09:16:22.260,0.7327,0.3928,9.4003
2026-03-14 09:16:22.270,1.1203,0.1163,9.4133
2026-03-14 09:16:22.280,0.8961,0.2561,9.9357
2026-03-14 09:16:22.290,1.2632,0.0681,10.0089
2026-03-14 09:16:22.300,0.873,-0.0699,9.5318
2026-03-14 09:16:22.310,0.7538,-0.0843,9.7968
2026-03-14 09:16:22.320,0.4345,,9.4549
2026-03-14 09:16:22.330,0.6788,0.1481,9.1046
2026-03-14 09:16:22.340,0.2634,0.303,9.1187
2026-03-14 09:16:22.350,0.221,0.1761,9.5611
2026-03-14 09:16:22.360,0.4175,0.0087,9.8114
2026-03-14 09:16:22.370,0.1191,0.2146,10.1332
2026-03-14 09:16:22.380,-0.0076,0.1071,10.0819
2026-03-14 09:16:22.390,-0.3207,0.228,10.3109
2026-03-14 09:16:22.400,-0.4829,0.14,10.2084
2026-03-14 09:16:22.410,-0.5844,0.1421,10.3193
2026-03-14 09:16:22.420,-0.5872,0.1599,9.6675
2026-03-14 09:16:22.430,-0.8258,0.4018,9.5815
2026-03-14 09:16:22.440,-0.9114,-0.037,9.9402
2026-03-14 09:16:22.450,-0.8425,-0.1508,10.3396
2026-03-14 09:16:22.460,-1.2058,-0.4836,10.1842
2026-03-14 09:16:22.470,-1.2223,-0.6807,10.0479
2026-03-14 09:16:22.480,-1.1638,-0.6151,10.2703
2026-03-14 09:16:22.490,,-0.9509,9.7402
2026-03-14 09:16:22.500,-1.4495,-1.1325,9.7062
2026-03-14 09:16:22.510,-1.5421,-0.9492,9.4042
2026-03-14 09:16:22.520,-1.5839,-1.0333,9.1162
2026-03-14 09:16:22.530,-1.8127,-1.0367,9.6978
2026-03-14 09:16:22.540,-1.4397,-1.1177,9.4118
2026-03-14 09:16:22.550,-1.3381,-1.1684,9.862
2026-03-14 09:16:22.560,-0.8698,-1.1611,9.7756
2026-03-14 09:16:22.570,-1.0552,-0.76,9.8327
2026-03-14 09:16:22.580,-0.8431,-0.9878,9.5308
2026-03-14 09:16:22.590,-0.6936,-0.5558,9.6291
2026-03-14 09:16:22.600,-0.5573,-0.4003,9.4439
2026-03-14 09:16:22.610,-0.4732,-0.1475,9.6842
2026-03-14 09:16:22.620,-0.1507,0.0011,9.5425
2026-03-14 09:16:22.630,0.0343,0.3362,10.0895
2026-03-14 09:16:22.640,0.4417,0.3989,10.1963
2026-03-14 09:16:22.650,0.5473,0.3616,9.8576
2026-03-14 09:16:22.660,0.6935,0.6837,10.0663
2026-03-14 09:16:22.670,0.9373,0.7813,10.2126
2026-03-14 09:16:22.680,0.8836,1.0903,9.7694
2026-03-14 09:16:22.690,0.9236,1.1587,9.7878
2026-03-14 09:16:22.700,0.9726,0.8764,9.789
2026-03-14 09:16:22.710,1.1501,0.9429,9.7353
2026-03-14 09:16:22.720,1.4686,0.9851,9.9164
2026-03-14 09:16:22.730,1.4626,1.0167,9.9316
2026-03-14 09:16:22.740,1.4713,0.4649,10.0516
2026-03-14 09:16:22.750,1.5302,0.4446,10.0618
2026-03-14 09:16:22.760,1.2158,0.3564,9.6294
2026-03-14 09:16:22.770,1.6744,0.389,9.6492
2026-03-14 09:16:22.780,1.2468,0.3501,9.6237
2026-03-14 09:16:22.790,1.3242,0.2305,9.1913
2026-03-14 09:16:22.800,1.2761,0.087,8.9546
2026-03-14 09:16:22.810,1.0156,-0.0105,9.2199
2026-03-14 09:16:22.820,0.7946,-0.1258,9.9484
2026-03-14 09:16:22.830,0.8167,0.0958,9.8385
2026-03-14 09:16:22.840,0.5905,0.0037,9.7686
2026-03-14 09:16:22.850,0.2004,-0.01,9.7213
2026-03-14 09:16:22.860,0.3233,-0.2203,9.6093
2026-03-14 09:16:22.870,0.3346,0.0618,9.7356
2026-03-14 09:16:22.880,0.0907,0.3205,9.6241
2026-03-14 09:16:22.890,0.245,0.1671,9.5301
2026-03-14 09:16:22.900,-0.1599,0.1634,10.171
2026-03-14 09:16:22.910,-0.1613,0.3293,9.8582
2026-03-14 09:16:22.920,-0.274,0.2645,10.3366
2026-03-14 09:16:22.930,-0.4749,0.443,10.3082
2026-03-14 09:16:22.940,-0.4217,-0.1024,10.0456
2026-03-14 09:16:22.950,-0.5148,0.1059,10.1489
2026-03-14 09:16:22.960,-0.875,0.1164,9.9945
2026-03-14 09:16:22.970,-0.9334,0.3097,9.7553
2026-03-14 09:16:22.980,-1.1853,-0.2451,9.3856
2026-03-14 09:16:22.990,-1.197,-0.4556,9.8076
2026-03-14 09:16:23.000,-1.2351,-0.6019,9.9555
2026-03-14 09:16:23.010,-1.1946,-0.8719,9.9983
2026-03-14 09:16:23.020,-1.6991,-0.8525,10.0699
2026-03-14 09:16:23.030,-1.5844,-1.033,9.7778
2026-03-14 09:16:23.040,-1.4477,-1.2655,9.651
2026-03-14 09:16:23.050,-1.5819,-0.9964,9.2161
2026-03-14 09:16:23.060,-1.3307,-1.1789,9.3259
2026-03-14 09:16:23.070,-1.3621,-1.1767,9.6817
2026-03-14 09:16:23.080,-1.124,-1.15,9.3986
2026-03-14 09:16:23.090,-1.2185,-1.2408,9.3089
2026-03-14 09:16:23.100,-1.1021,-0.77,9.2683
2026-03-14 09:16:23.110,-0.7453,-0.6977,10.1975
2026-03-14 09:16:23.120,-0.7795,-0.5551,9.7646
2026-03-14 09:16:23.130,-0.4538,-0.2935,9.5426
2026-03-14 09:16:23.140,-0.342,-0.1961,10.0114
2026-03-14 09:16:23.150,-0.1143,-0.2064,9.5138
2026-03-14 09:16:23.160,-0.0141,0.2444,9.7571
2026-03-14 09:16:23.170,0.1426,0.4191,9.7531
2026-03-14 09:16:23.180,0.6712,0.69,9.9481
2026-03-14 09:16:23.190,0.4656,0.5378,9.9625
2026-03-14 09:16:23.200,0.8734,0.7776,10.1877
2026-03-14 09:16:23.210,1.1423,0.9589,9.9818
2026-03-14 09:16:23.220,1.2163,1.1094,9.9659
2026-03-14 09:16:23.230,1.1751,0.8083,10.0371
2026-03-14 09:16:23.240,1.4568,1.1325,9.7475
2026-03-14 09:16:23.250,1.3994,1.0728,9.3851
2026-03-14 09:16:23.260,1.5703,0.8039,9.9471
2026-03-14 09:16:23.270,1.2918,0.8409,9.7414
2026-03-14 09:16:23.280,1.2487,0.5082,9.5176
2026-03-14 09:16:23.290,1.1539,0.3703,9.8251
2026-03-14 09:16:23.300,1.4527,0.2493,9.9146
2026-03-14 09:16:23.310,1.4029,-0.1218,9.6834
2026-03-14 09:16:23.320,1.0596,-0.0553,9.4031
2026-03-14 09:16:23.330,1.2038,0.2403,9.773
2026-03-14 09:16:23.340,0.9337,0.0767,9.3503
2026-03-14 09:16:23.350,0.9158,-0.4172,9.2258
2026-03-14 09:16:23.360,0.4731,0.014,9.8798
2026-03-14 09:16:23.370,0.5559,-0.0094,9.9447
2026-03-14 09:16:23.380,0.5376,-0.0247,9.77
2026-03-14 09:16:23.390,0.6216,0.1923,9.849
2026-03-14 09:16:23.400,-0.0472,0.4519,10.3884
2026-03-14 09:16:23.410,0.5006,0.2803,9.601
2026-03-14 09:16:23.420,0.1633,0.0678,9.6364
2026-03-14 09:16:23.430,-0.3488,0.3557,9.3411
2026-03-14 09:16:23.440,,0.3547,9.9141
2026-03-14 09:16:23.450,-0.2396,,9.7807
2026-03-14 09:16:23.460,-0.2976,0.3528,10.0041
2026-03-14 09:16:23.470,-0.5633,0.2844,10.3693
2026-03-14 09:16:23.480,-0.7543,0.0521,10.2469
2026-03-14 09:16:23.490,-1.0316,-0.0081,10.1195
2026-03-14 09:16:23.500,-1.2691,-0.0411,9.7786
2026-03-14 09:16:23.510,-1.1654,0.1561,9.4753
2026-03-14 09:16:23.520,-1.1332,-0.3126,9.856
2026-03-14 09:16:23.530,-1.2102,-0.6626,9.9226
2026-03-14 09:16:23.540,-1.3352,-0.7195,9.9669
2026-03-14 09:16:23.550,-1.3239,-0.8152,9.6789
2026-03-14 09:16:23.560,-1.3985,-0.9313,10.1539
2026-03-14 09:16:23.570,-1.4978,-1.0791,10.1114
2026-03-14 09:16:23.580,-1.5089,-1.1162,9.8331
2026-03-14 09:16:23.590,-1.4931,-1.023,9.4637
2026-03-14 09:16:23.600,-1.4409,-1.4274,9.6431
2026-03-14 09:16:23.610,-1.1509,-1.0024,9.4125
2026-03-14 09:16:23.620,-0.9749,-1.0337,9.4419
2026-03-14 09:16:23.630,-0.99,-0.8534,9.3799
2026-03-14 09:16:23.640,-0.8566,-0.957,9.8921
2026-03-14 09:16:23.650,-0.6301,-0.5585,9.5951
2026-03-14 09:16:23.660,-0.5275,-0.2079,10.0358
2026-03-14 09:16:23.670,-0.4252,-0.0262,10.4778
2026-03-14 09:16:23.680,0.0582,0.1623,9.9047
2026-03-14 09:16:23.690,-0.0351,0.426,9.9924
2026-03-14 09:16:23.700,0.4109,0.6815,9.8205
2026-03-14 09:16:23.710,0.5932,1.1023,9.419
2026-03-14 09:16:23.720,0.693,0.8939,9.9044
2026-03-14 09:16:23.730,0.9444,0.9194,10.2277
2026-03-14 09:16:23.740,0.9462,1.1774,10.4131
2026-03-14 09:16:23.750,1.1949,1.2637,9.7573
2026-03-14 09:16:23.760,0.9999,1.0031,9.9266
2026-03-14 09:16:23.770,1.2109,1.2345,9.8541
2026-03-14 09:16:23.780,1.2693,1.1259,9.5889
2026-03-14 09:16:23.790,1.2376,0.5161,9.7462
2026-03-14 09:16:23.800,1.5607,0.6363,9.6806
2026-03-14 09:16:23.810,1.483,0.5509,9.9545
2026-03-14 09:16:23.820,1.2835,0.4405,9.4626
2026-03-14 09:16:23.830,1.311,0.3811,10.0862
2026-03-14 09:16:23.840,1.0207,0.2425,9.8601
2026-03-14 09:16:23.850,0.8133,-0.1221,10.081
2026-03-14 09:16:23.860,1.1386,0.0804,9.6904
2026-03-14 09:16:23.870,0.9133,-0.2236,9.3198
2026-03-14 09:16:23.880,0.7082,0.0207,8.9502
2026-03-14 09:16:23.890,0.6295,-0.3015,9.0242
2026-03-14 09:16:23.900,0.5548,0.1186,9.3671
2026-03-14 09:16:23.910,0.2367,-0.2191,9.8752
2026-03-14 09:16:23.920,0.6539,0.2038,9.8808
2026-03-14 09:16:23.930,0.2889,0.1097,10.0532
2026-03-14 09:16:23.940,-0.0573,0.445,9.9915
2026-03-14 09:16:23.950,0.113,0.0584,9.8979
2026-03-14 09:16:23.960,0.0198,0.3542,9.7606
2026-03-14 09:16:23.970,-0.4983,0.3424,9.7112
2026-03-14 09:16:23.980,-0.4037,0.2304,9.6761
2026-03-14 09:16:23.990,-0.8571,0.3906,10.0076
2026-03-14 09:16:24.000,-0.675,0.0646,9.9654
2026-03-14 09:16:24.010,-0.852,-0.1129,10.327
2026-03-14 09:16:24.020,-0.9889,-0.1403,10.26
2026-03-14 09:16:24.030,-1.1424,-0.292,10.2248
2026-03-14 09:16:24.040,-1.0728,-0.487,9.8634
2026-03-14 09:16:24.050,-1.2091,-0.2585,9.8252
2026-03-14 09:16:24.060,-1.2779,-0.8701,9.7182
2026-03-14 09:16:24.070,-1.5809,-0.708,
2026-03-14 09:16:24.080,-1.3363,-0.9315,9.8761
2026-03-14 09:16:24.090,,-0.9266,9.6243
2026-03-14 09:16:24.100,-1.4742,-0.9879,10.0045
2026-03-14 09:16:24.110,-1.5373,-1.3193,9.8076
2026-03-14 09:16:24.120,-1.0935,-1.1046,9.9129
2026-03-14 09:16:24.130,-1.2302,-1.0972,9.3353
2026-03-14 09:16:24.140,-1.4336,-0.9042,9.6247
2026-03-14 09:16:24.150,-1.0555,-0.8599,8.9455
2026-03-14 09:16:24.160,-0.6615,-1.0102,9.2212
2026-03-14 09:16:24.170,-0.9208,-0.6955,9.686
2026-03-14 09:16:24.180,-0.7192,-0.2687,10.0973
2026-03-14 09:16:24.190,-0.4973,-0.1468,9.646
2026-03-14 09:16:24.200,-0.2377,-0.0407,
2026-03-14 09:16:24.210,-0.0711,0.1727,10.2934
2026-03-14 09:16:24.220,0.2527,0.5388,10.1115
2026-03-14 09:16:24.230,0.251,0.7057,9.908
2026-03-14 09:16:24.240,0.6895,0.7809,9.3753
2026-03-14 09:16:24.250,1.1658,1.05,9.7922
2026-03-14 09:16:24.260,1.1879,0.9325,10.0293
2026-03-14 09:16:24.270,1.2031,0.9485,9.992
2026-03-14 09:16:24.280,1.0739,1.0012,9.9366
2026-03-14 09:16:24.290,1.2876,0.9265,9.976
2026-03-14 09:16:24.300,1.2401,0.9337,10.2528
2026-03-14 09:16:24.310,1.3536,0.9523,9.7045
2026-03-14 09:16:24.320,1.5388,0.7829,
2026-03-14 09:16:24.330,1.6233,0.6739,9.6054
2026-03-14 09:16:24.340,1.6061,0.6004,9.4854
2026-03-14 09:16:24.350,1.2452,0.4142,9.5737
2026-03-14 09:16:24.360,1.1925,0.5013,9.7214
2026-03-14 09:16:24.370,1.3221,0.0826,9.6888
2026-03-14 09:16:24.380,1.2661,-0.0215,9.4413
2026-03-14 09:16:24.390,1.1165,0.1031,9.7168
2026-03-14 09:16:24.400,0.7513,0.2447,9.5667
2026-03-14 09:16:24.410,0.6579,0.0241,9.4216
2026-03-14 09:16:24.420,0.76,0.1155,9.2365
2026-03-14 09:16:24.430,0.847,0.3094,9.3672
2026-03-14 09:16:24.440,0.3348,0.0446,9.4355
2026-03-14 09:16:24.450,0.2497,0.1506,9.5269
2026-03-14 09:16:24.460,0.2987,0.0758,10.2036
2026-03-14 09:16:24.470,0.1645,0.2488,10.3309
2026-03-14 09:16:24.480,-0.1608,0.1097,10.3532
2026-03-14 09:16:24.490,-0.1532,0.5383,9.802
2026-03-14 09:16:24.500,-0.1185,0.3118,9.9997
2026-03-14 09:16:24.510,-0.4655,0.0936,9.4158
2026-03-14 09:16:24.520,-0.5265,0.3652,9.9478
2026-03-14 09:16:24.530,-0.6985,0.1339,10.1912
2026-03-14 09:16:24.540,-1.0247,-0.0928,10.1754
2026-03-14 09:16:24.550,-1.0715,-0.0694,10.1824
2026-03-14 09:16:24.560,-1.1184,-0.1373,10.1651
2026-03-14 09:16:24.570,-1.1294,-0.2328,10.0712
2026-03-14 09:16:24.580,-1.4082,-0.5319,10.3087
2026-03-14 09:16:24.590,-1.0647,-0.9546,9.9416
2026-03-14 09:16:24.600,-1.4334,-1.0746,9.8413
2026-03-14 09:16:24.610,-1.4952,-0.7395,9.5891
2026-03-14 09:16:24.620,-1.2835,-1.1829,9.1939
2026-03-14 09:16:24.630,-1.4879,-1.3563,10.0023
2026-03-14 09:16:24.640,-1.4421,-1.2292,9.7033
2026-03-14 09:16:24.650,-1.0562,-1.259,9.6658
2026-03-14 09:16:24.660,-1.2772,-1.007,9.7943
2026-03-14 09:16:24.670,-1.1925,-1.1812,9.8116
2026-03-14 09:16:24.680,-1.1628,-0.7273,10.0032
2026-03-14 09:16:24.690,-0.9084,-0.8019,9.4699
2026-03-14 09:16:24.700,-0.559,-0.5217,9.8601
2026-03-14 09:16:24.710,-0.6563,-0.5208,9.4002
2026-03-14 09:16:24.720,0.0565,-0.1701,9.5929
2026-03-14 09:16:24.730,-0.1296,-0.0733,9.8386
2026-03-14 09:16:24.740,-0.0223,0.2499,10.189
2026-03-14 09:16:24.750,0.3359,0.5766,10.3174
2026-03-14 09:16:24.760,0.6309,0.5464,10.1521
2026-03-14 09:16:24.770,0.5343,0.8831,10.2753
2026-03-14 09:16:24.780,1.1493,0.7864,10.0844
2026-03-14 09:16:24.790,0.8814,0.7281,9.8689
2026-03-14 09:16:24.800,1.3418,0.9829,9.776
2026-03-14 09:16:24.810,1.196,1.0535,9.7043
2026-03-14 09:16:24.820,1.0768,0.7519,9.8249
2026-03-14 09:16:24.830,1.4925,0.9369,9.8749
2026-03-14 09:16:24.840,1.4387,0.5541,9.8928
2026-03-14 09:16:24.850,1.6934,0.5794,10.1591
2026-03-14 09:16:24.860,1.676,0.3474,9.844
2026-03-14 09:16:24.870,1.432,0.5665,9.6973
2026-03-14 09:16:24.880,1.4661,0.3265,9.4126
2026-03-14 09:16:24.890,1.1873,0.2589,9.188
2026-03-14 09:16:24.900,1.026,0.2356,
2026-03-14 09:16:24.910,1.0265,0.0632,9.7805
2026-03-14 09:16:24.920,0.9582,-0.079,9.6482
2026-03-14 09:16:24.930,0.7283,0.1803,9.9154
2026-03-14 09:16:24.940,0.76,-0.0436,10.1508
2026-03-14 09:16:24.950,0.4844,-0.4113,9.7833
2026-03-14 09:16:24.960,0.4392,-0.0414,9.6311
2026-03-14 09:16:24.970,0.4468,0.054,9.3138
2026-03-14 09:16:24.980,0.4174,-0.0024,9.5512
2026-03-14 09:16:24.990,0.1184,0.0649,9.7772
2026-03-14 09:16:25.000,0.061,0.3235,10.059
2026-03-14 09:16:25.010,-0.1578,0.1234,10.1732
2026-03-14 09:16:25.020,-0.2316,0.1962,10.1838
2026-03-14 09:16:25.030,-0.1303,,10.5148
2026-03-14 09:16:25.040,-0.3374,0.254,10.2785
2026-03-14 09:16:25.050,-0.5886,0.2974,9.6235
2026-03-14 09:16:25.060,-0.6834,0.0958,9.8929
2026-03-14 09:16:25.070,-0.9438,0.1857,9.6699
2026-03-14 09:16:25.080,-0.9648,-0.4145,9.8194
2026-03-14 09:16:25.090,-1.3379,-0.1389,10.1281
2026-03-14 09:16:25.100,-1.2703,-0.125,9.8782
2026-03-14 09:16:25.110,-1.4922,-0.3695,10.3884
2026-03-14 09:16:25.120,-1.4921,-0.9047,9.9917
2026-03-14 09:16:25.130,-1.5459,-0.8322,
2026-03-14 09:16:25.140,-1.6227,-1.1482,9.6551
2026-03-14 09:16:25.150,-1.4056,-1.1156,9.4592
2026-03-14 09:16:25.160,-1.4804,-1.2737,9.1762
2026-03-14 09:16:25.170,-1.4259,-0.911,9.417
2026-03-14 09:16:25.180,-1.2547,-0.9184,9.5013
2026-03-14 09:16:25.190,-1.2105,-0.9242,9.5345
2026-03-14 09:16:25.200,-0.8311,-0.8245,10.0791
2026-03-14 09:16:25.210,-1.0066,-0.9114,9.9815
2026-03-14 09:16:25.220,-0.491,-0.6944,9.7626
2026-03-14 09:16:25.230,-0.7658,-0.5154,9.5897
2026-03-14 09:16:25.240,-0.3965,-0.2511,9.7562
2026-03-14 09:16:25.250,-0.0425,0.0804,9.5129
2026-03-14 09:16:25.260,-0.172,0.2903,9.5114
2026-03-14 09:16:25.270,0.2508,0.3896,10.1429
2026-03-14 09:16:25.280,0.428,0.105,10.3195
2026-03-14 09:16:25.290,0.3742,0.924,10.4179
2026-03-14 09:16:25.300,0.7932,0.9635,10.5226
2026-03-14 09:16:25.310,1.1252,0.8162,9.9056
2026-03-14 09:16:25.320,,1.0877,10.0915
2026-03-14 09:16:25.330,0.8184,0.9378,9.9765
2026-03-14 09:16:25.340,1.0473,0.8808,9.7486
2026-03-14 09:16:25.350,1.4644,1.1505,9.3628
2026-03-14 09:16:25.360,1.1315,0.7216,9.9404
2026-03-14 09:16:25.370,1.2084,1.0739,9.7425
2026-03-14 09:16:25.380,1.1825,0.6451,9.8633
2026-03-14 09:16:25.390,1.2651,0.4343,9.8819
2026-03-14 09:16:25.400,1.4041,0.504,9.8422
2026-03-14 09:16:25.410,1.154,0.5151,9.6947
2026-03-14 09:16:25.420,1.1486,,9.6665
2026-03-14 09:16:25.430,1.0129,0.3149,9.2395
2026-03-14 09:16:25.440,0.9602,-0.2808,9.7237
2026-03-14 09:16:25.450,0.7584,0.1078,9.6607
2026-03-14 09:16:25.460,0.8765,-0.337,9.7789
2026-03-14 09:16:25.470,0.8415,0.0644,10.0555
2026-03-14 09:16:25.480,0.5055,0.1077,9.6458
2026-03-14 09:16:25.490,0.354,-0.0417,9.4553
2026-03-14 09:16:25.500,0.4398,0.0684,9.8398
2026-03-14 09:16:25.510,0.1018,0.4399,9.7052
2026-03-14 09:16:25.520,-0.106,0.2485,9.4486
2026-03-14 09:16:25.530,-0.3043,0.2226,9.8665
2026-03-14 09:16:25.540,-0.092,0.4742,9.9774
2026-03-14 09:16:25.550,-0.2449,0.3433,10.1818
2026-03-14 09:16:25.560,-0.4204,0.3767,10.2522
2026-03-14 09:16:25.570,-0.2342,0.3598,10.1776
2026-03-14 09:16:25.580,-0.6309,0.1398,10.2616
2026-03-14 09:16:25.590,-0.9466,0.2134,9.8935
2026-03-14 09:16:25.600,-0.9148,0.1505,9.7935
2026-03-14 09:16:25.610,-1.095,-0.4886,10.0652
2026-03-14 09:16:25.620,-1.1979,-0.3367,9.5086
2026-03-14 09:16:25.630,-1.4439,-0.7294,10.3061
2026-03-14 09:16:25.640,-1.5008,-0.8507,9.7965
2026-03-14 09:16:25.650,-1.5973,-1.1001,10.0484
2026-03-14 09:16:25.660,-1.4429,-1.1553,10.1374
2026-03-14 09:16:25.670,-1.6101,-1.0999,9.6578
2026-03-14 09:16:25.680,-1.5609,-1.2266,9.7091
2026-03-14 09:16:25.690,-1.5631,-1.0117,9.2424
2026-03-14 09:16:25.700,-1.0712,-1.2128,9.4634
2026-03-14 09:16:25.710,-1.3638,-1.2742,9.4727
2026-03-14 09:16:25.720,-1.1805,-1.1695,
2026-03-14 09:16:25.730,-1.0122,-1.0564,9.6037
2026-03-14 09:16:25.740,-0.6136,-0.5484,10.2383
2026-03-14 09:16:25.750,-0.964,-0.692,9.7494
2026-03-14 09:16:25.760,-0.7962,-0.4071,10.1624
2026-03-14 09:16:25.770,-0.3412,-0.1578,9.9082
2026-03-14 09:16:25.780,-0.1578,-0.2394,9.5208
2026-03-14 09:16:25.790,-0.1577,0.3374,9.7444
2026-03-14 09:16:25.800,0.1517,0.4278,9.5208
2026-03-14 09:16:25.810,0.615,0.2699,9.8426
2026-03-14 09:16:25.820,0.6289,1.0997,10.3584
2026-03-14 09:16:25.830,0.7352,1.062,10.0438
2026-03-14 09:16:25.840,0.7632,1.0213,10.3243
2026-03-14 09:16:25.850,1.0877,1.1023,10.2829
2026-03-14 09:16:25.860,1.0886,0.9499,9.6587
2026-03-14 09:16:25.870,1.373,0.8833,9.9588
2026-03-14 09:16:25.880,1.2627,0.8872,9.6723
2026-03-14 09:16:25.890,1.2712,0.7994,9.4677
2026-03-14 09:16:25.900,1.3406,0.686,9.6306
2026-03-14 09:16:25.910,1.1437,0.5615,9.595
2026-03-14 09:16:25.920,1.3105,0.4158,10.0108
2026-03-14 09:16:25.930,1.3669,0.4154,9.9991
2026-03-14 09:16:25.940,1.3528,0.2566,9.6982
2026-03-14 09:16:25.950,0.9846,0.2255,9.8174
2026-03-14 09:16:25.960,0.9273,0.0318,9.6123
2026-03-14 09:16:25.970,0.7242,-0.0465,9.1501
2026-03-14 09:16:25.980,0.7271,0.1459,9.0051
2026-03-14 09:16:25.990,0.8482,-0.0245,9.7209
2026-03-14 09:16:26.000,0.7867,0.0113,9.6037
2026-03-14 09:16:26.010,0.3143,-0.2641,
2026-03-14 09:16:26.020,0.492,0.2357,9.7958
2026-03-14 09:16:26.030,0.1926,0.2787,9.941
2026-03-14 09:16:26.040,0.1765,-0.1793,9.7925
2026-03-14 09:16:26.050,0.0635,0.5181,9.7236
2026-03-14 09:16:26.060,0.0097,0.3287,9.5974
2026-03-14 09:16:26.070,0.0534,0.1979,9.3725
2026-03-14 09:16:26.080,-0.3332,0.3017,9.5669
2026-03-14 09:16:26.090,-0.7104,0.3486,10.1438
2026-03-14 09:16:26.100,-0.3,0.1592,10.1614
2026-03-14 09:16:26.110,-0.8026,0.0615,10.269
2026-03-14 09:16:26.120,-0.8265,0.1915,9.9279
2026-03-14 09:16:26.130,-1.0845,-0.1637,10.0314
2026-03-14 09:16:26.140,-1.411,-0.2113,9.7535
2026-03-14 09:16:26.150,-1.2799,-0.1207,9.6182
2026-03-14 09:16:26.160,-1.4099,-0.8893,9.5684
2026-03-14 09:16:26.170,-1.2276,-0.942,9.6278
2026-03-14 09:16:26.180,-1.3449,-1.0836,9.7336
2026-03-14 09:16:26.190,-1.5125,-1.1809,9.8277
2026-03-14 09:16:26.200,-1.5053,-1.1677,9.9133
2026-03-14 09:16:26.210,-1.4482,-1.0543,9.7452
2026-03-14 09:16:26.220,-1.191,-1.158,10.0878
2026-03-14 09:16:26.230,-1.2396,-0.8659,9.4747
2026-03-14 09:16:26.240,-1.3013,-1.0668,9.1229
2026-03-14 09:16:26.250,-1.3375,-1.0303,9.3602
2026-03-14 09:16:26.260,-1.0267,,9.66
2026-03-14 09:16:26.270,-0.8703,-0.4358,9.9466
2026-03-14 09:16:26.280,-0.4448,-0.7242,9.8502
2026-03-14 09:16:26.290,-0.5304,-0.3403,9.8748
2026-03-14 09:16:26.300,-0.0998,-0.0162,9.7569
2026-03-14 09:16:26.310,0.1964,-0.089,9.8008
2026-03-14 09:16:26.320,0.0536,0.5807,9.7145
2026-03-14 09:16:26.330,0.3843,0.4078,10.0069
2026-03-14 09:16:26.340,0.3317,0.5814,9.4556
2026-03-14 09:16:26.350,0.6891,0.75,9.4866
2026-03-14 09:16:26.360,0.965,0.8172,9.9067
2026-03-14 09:16:26.370,1.2575,0.9183,
2026-03-14 09:16:26.380,1.1316,1.1061,10.007
2026-03-14 09:16:26.390,1.2649,1.1005,10.5079
2026-03-14 09:16:26.400,1.0257,0.9034,9.9313
2026-03-14 09:16:26.410,1.5041,0.9436,9.9444
2026-03-14 09:16:26.420,1.1959,1.1462,9.6641
2026-03-14 09:16:26.430,1.6131,0.8186,9.4012
2026-03-14 09:16:26.440,1.3127,0.6094,9.512
2026-03-14 09:16:26.450,,0.4143,9.3682
2026-03-14 09:16:26.460,1.1698,0.0338,9.5233
2026-03-14 09:16:26.470,,0.494,9.9651
2026-03-14 09:16:26.480,1.0727,0.5209,9.8451
2026-03-14 09:16:26.490,1.4037,0.1338,9.6132
2026-03-14 09:16:26.500,1.0715,-0.0008,9.6916
2026-03-14 09:16:26.510,0.9404,-0.2075,9.5633
2026-03-14 09:16:26.520,0.8794,-0.1384,9.2371
2026-03-14 09:16:26.530,0.6492,0.1036,9.0046
2026-03-14 09:16:26.540,0.5837,-0.156,9.6521
2026-03-14 09:16:26.550,0.4289,0.1065,9.8947
2026-03-14 09:16:26.560,0.2498,0.0316,9.8618
2026-03-14 09:16:26.570,0.1609,-0.1366,9.9932
2026-03-14 09:16:26.580,0.2542,0.086,
2026-03-14 09:16:26.590,0.017,0.1831,9.7064
2026-03-14 09:16:26.600,-0.1194,0.4046,9.8444
2026-03-14 09:16:26.610,-0.2199,0.2309,9.6842
2026-03-14 09:16:26.620,-0.8323,0.1477,9.6584
2026-03-14 09:16:26.630,-0.5555,0.1991,9.8228
2026-03-14 09:16:26.640,-0.6409,-0.0893,10.2575
2026-03-14 09:16:26.650,-0.8251,0.1446,10.233
2026-03-14 09:16:26.660,-1.0695,-0.2289,10.2625
2026-03-14 09:16:26.670,-1.087,-0.4215,10.4339
2026-03-14 09:16:26.680,-1.0863,-0.7742,9.8479
2026-03-14 09:16:26.690,-1.2755,-0.6155,9.6189
2026-03-14 09:16:26.700,-1.4419,-0.7253,9.4696
2026-03-14 09:16:26.710,-1.5487,-0.9308,9.4536
2026-03-14 09:16:26.720,-1.5276,-0.8624,9.664
2026-03-14 09:16:26.730,-1.3607,-1.167,9.9781
2026-03-14 09:16:26.740,-1.5167,-1.3866,9.669
2026-03-14 09:16:26.750,-1.3437,-1.0935,10.2784
2026-03-14 09:16:26.760,-1.1273,-1.3487,9.9035
2026-03-14 09:16:26.770,-1.1125,-1.3517,9.574
2026-03-14 09:16:26.780,-1.2067,-0.94,9.0986
2026-03-14 09:16:26.790,-1.2129,-0.6321,9.2484
2026-03-14 09:16:26.800,-0.7599,-0.38,9.373
2026-03-14 09:16:26.810,-0.5138,-0.7506,9.8028
2026-03-14 09:16:26.820,-0.4026,-0.3647,10.0877
2026-03-14 09:16:26.830,-0.0626,0.1194,10.5141
2026-03-14 09:16:26.840,-0.1518,0.0649,10.3008
2026-03-14 09:16:26.850,0.1136,0.1762,10.0549
2026-03-14 09:16:26.860,0.4163,0.6896,10.3133
2026-03-14 09:16:26.870,0.4654,0.7009,9.8692
2026-03-14 09:16:26.880,0.6643,0.8562,9.8394
2026-03-14 09:16:26.890,1.0635,,10.0064
2026-03-14 09:16:26.900,1.3088,1.0103,10.2232
2026-03-14 09:16:26.910,1.2413,1.1506,9.9583
2026-03-14 09:16:26.920,1.1797,1.1138,10.1897
2026-03-14 09:16:26.930,1.1718,1.1432,10.1496
2026-03-14 09:16:26.940,1.3345,0.754,10.2177
2026-03-14 09:16:26.950,1.2152,0.7972,10.0254
2026-03-14 09:16:26.960,1.5071,0.5566,9.9182
2026-03-14 09:16:26.970,1.5888,0.5139,9.3263
2026-03-14 09:16:26.980,1.2463,0.1662,9.09
2026-03-14 09:16:26.990,1.0165,0.3046,9.3366
2026-03-14 09:16:27.000,1.1196,0.0802,9.6779
2026-03-14 09:16:27.010,1.1052,0.0214,9.7418
2026-03-14 09:16:27.020,1.0473,-0.1433,10.1845
2026-03-14 09:16:27.030,0.9092,0.062,9.6444
2026-03-14 09:16:27.040,0.8809,-0.1597,9.3662
2026-03-14 09:16:27.050,0.7108,-0.2032,9.2901
2026-03-14 09:16:27.060,0.3707,0.2322,9.5189
2026-03-14 09:16:27.070,0.4299,0.0025,9.8631
2026-03-14 09:16:27.080,0.7528,0.0132,9.3346
2026-03-14 09:16:27.090,0.2778,0.3858,9.9661
2026-03-14 09:16:27.100,0.0978,0.401,9.94
2026-03-14 09:16:27.110,-0.1669,0.253,10.1276
2026-03-14 09:16:27.120,-0.037,0.2174,10.264
2026-03-14 09:16:27.130,-0.4022,0.365,10.1255
2026-03-14 09:16:27.140,-0.2164,0.0412,9.5515
2026-03-14 09:16:27.150,-0.3839,0.3438,9.9143
2026-03-14 09:16:27.160,-0.6798,0.1368,9.7537
2026-03-14 09:16:27.170,-0.8484,0.1498,9.6838
2026-03-14 09:16:27.180,-0.998,-0.2183,9.8947
2026-03-14 09:16:27.190,-1.0419,-0.251,9.7614
2026-03-14 09:16:27.200,-0.8053,-0.3433,10.3795
2026-03-14 09:16:27.210,-1.0231,-0.3442,10.1604
2026-03-14 09:16:27.220,-1.2623,-0.6792,9.637
2026-03-14 09:16:27.230,-1.6528,-0.6642,9.6295
2026-03-14 09:16:27.240,-1.6338,-0.7953,9.4655
2026-03-14 09:16:27.250,-1.3614,-0.9674,9.2791
2026-03-14 09:16:27.260,-1.2654,-1.2532,9.6601
2026-03-14 09:16:27.270,-1.6208,-0.9841,9.5823
2026-03-14 09:16:27.280,-1.4793,-1.1947,9.4325
2026-03-14 09:16:27.290,-1.6247,-1.213,10.0174
2026-03-14 09:16:27.300,-0.9624,-0.9919,9.6689
2026-03-14 09:16:27.310,-1.3446,-0.7425,9.7108
2026-03-14 09:16:27.320,-0.7651,-1.0946,9.6398
2026-03-14 09:16:27.330,-0.8319,-0.6128,9.2874
2026-03-14 09:16:27.340,-0.5861,-0.5652,9.6926
2026-03-14 09:16:27.350,-0.0163,-0.1851,9.6301
2026-03-14 09:16:27.360,-0.1879,0.1166,9.7064
2026-03-14 09:16:27.370,0.0969,0.1787,10.5016
2026-03-14 09:16:27.380,0.34,0.4814,10.1835
2026-03-14 09:16:27.390,0.3752,0.6685,10.1811
2026-03-14 09:16:27.400,,1.067,9.8866
2026-03-14 09:16:27.410,0.732,0.9674,9.747
2026-03-14 09:16:27.420,0.5805,0.9908,9.8623
2026-03-14 09:16:27.430,1.227,1.1474,9.8095
2026-03-14 09:16:27.440,1.3625,1.0129,9.8344
2026-03-14 09:16:27.450,1.2403,0.9984,10.0382
2026-03-14 09:16:27.460,1.6552,0.9835,10.3792
2026-03-14 09:16:27.470,1.2024,0.5938,10.061
2026-03-14 09:16:27.480,1.2182,0.873,10.1927
2026-03-14 09:16:27.490,1.3352,0.8958,9.9755
2026-03-14 09:16:27.500,1.162,0.367,9.2926
2026-03-14 09:16:27.510,1.208,0.2486,9.6781
2026-03-14 09:16:27.520,1.3967,0.4216,9.3615
2026-03-14 09:16:27.530,1.4009,0.2962,9.6848
2026-03-14 09:16:27.540,,0.1418,9.4018
2026-03-14 09:16:27.550,0.9631,0.1062,9.3133
2026-03-14 09:16:27.560,0.7758,0.0942,9.5805
2026-03-14 09:16:27.570,0.8006,-0.2009,9.8945
2026-03-14 09:16:27.580,0.4086,-0.0595,10.0662
2026-03-14 09:16:27.590,0.555,-0.0777,9.8368
2026-03-14 09:16:27.600,0.6581,-0.1849,9.5163
2026-03-14 09:16:27.610,0.6114,0.3284,9.3767
2026-03-14 09:16:27.620,0.1072,0.3986,9.8634
2026-03-14 09:16:27.630,0.2866,0.3529,9.4315
2026-03-14 09:16:27.640,-0.1517,0.092,10.0432
2026-03-14 09:16:27.650,-0.2637,0.0851,10.5089
2026-03-14 09:16:27.660,-0.1282,0.54,10.1503
2026-03-14 09:16:27.670,-0.6738,0.4458,10.2841
2026-03-14 09:16:27.680,-0.4052,0.3113,
2026-03-14 09:16:27.690,-0.4698,-0.0745,9.6649
2026-03-14 09:16:27.700,-0.7793,-0.1926,9.638
2026-03-14 09:16:27.710,-1.1589,-0.075,9.3795
2026-03-14 09:16:27.720,-0.9391,-0.0854,9.9642
2026-03-14 09:16:27.730,-1.2717,0.0246,10.1018
2026-03-14 09:16:27.740,-1.2214,-0.5777,10.2208
2026-03-14 09:16:27.750,-1.2838,,10.2756
2026-03-14 09:16:27.760,-1.5305,-0.9332,9.7006
2026-03-14 09:16:27.770,-1.5494,,9.5024
2026-03-14 09:16:27.780,-1.6845,-1.2913,9.6002
2026-03-14 09:16:27.790,-1.2578,-0.8989,9.582
2026-03-14 09:16:27.800,-1.4016,-1.2727,9.2711
2026-03-14 09:16:27.810,,-1.4413,9.3043
2026-03-14 09:16:27.820,-1.2968,-1.1488,9.4551
2026-03-14 09:16:27.830,-0.9163,-0.989,9.7883
2026-03-14 09:16:27.840,-1.1723,-0.79,9.4906
2026-03-14 09:16:27.850,-0.7763,-0.805,10.0636
2026-03-14 09:16:27.860,-0.5724,-0.3775,9.6237
2026-03-14 09:16:27.870,-0.7962,-0.2912,9.674
2026-03-14 09:16:27.880,-0.3515,-0.2104,9.5182
2026-03-14 09:16:27.890,-0.1931,0.0024,9.4052
2026-03-14 09:16:27.900,0.2517,0.3664,9.772
2026-03-14 09:16:27.910,0.3447,0.3161,10.212
2026-03-14 09:16:27.920,0.6033,0.6497,10.1361
2026-03-14 09:16:27.930,0.6923,0.9676,10.2699
2026-03-14 09:16:27.940,0.5554,0.9647,10.4715
2026-03-14 09:16:27.950,1.0572,1.0156,10.0523
2026-03-14 09:16:27.960,1.0512,0.6472,9.9885
2026-03-14 09:16:27.970,1.0967,1.0253,9.5634
2026-03-14 09:16:27.980,1.1585,0.9133,9.4961
2026-03-14 09:16:27.990,1.4135,1.2735,9.5855
2026-03-14 09:16:30.000,0.0744,0.1782,
2026-03-14 09:16:30.010,0.1255,0.4111,9.479
2026-03-14 09:16:30.020,0.5844,0.6978,10.3878
2026-03-14 09:16:30.030,0.4849,0.7921,10.1554
2026-03-14 09:16:30.040,0.8581,0.9432,10.4167
2026-03-14 09:16:30.050,1.2454,0.825,10.3823
2026-03-14 09:16:30.060,0.8257,0.9844,9.9235
2026-03-14 09:16:30.070,1.1329,,9.6273
2026-03-14 09:16:30.080,1.4024,1.0379,9.8777
2026-03-14 09:16:30.090,1.487,0.908,9.8013
2026-03-14 09:16:30.100,1.2883,1.0491,10.274
2026-03-14 09:16:30.110,1.4511,0.9189,9.9521
2026-03-14 09:16:30.120,1.3389,0.6453,
2026-03-14 09:16:30.130,1.7641,0.6439,9.8448
2026-03-14 09:16:30.140,1.2688,0.2331,9.5394
2026-03-14 09:16:30.150,1.2556,0.3616,9.4591
2026-03-14 09:16:30.160,1.2154,0.0573,9.7723
2026-03-14 09:16:30.170,1.2782,-0.1658,9.4885
2026-03-14 09:16:30.180,0.7654,0.1082,9.7315
2026-03-14 09:16:30.190,1.2396,0.0876,9.6217
2026-03-14 09:16:30.200,0.9038,0.0465,9.7803
2026-03-14 09:16:30.210,0.6447,-0.2269,9.8386
2026-03-14 09:16:30.220,0.6833,0.1651,9.8598
2026-03-14 09:16:30.230,0.5292,0.0235,9.7921
2026-03-14 09:16:30.240,0.185,-0.0086,9.1976
2026-03-14 09:16:30.250,0.1029,0.0995,9.6624
2026-03-14 09:16:30.260,0.0865,0.346,10.1314
2026-03-14 09:16:30.270,-0.1124,0.1863,10.0692
2026-03-14 09:16:30.280,-0.2715,0.1834,9.7392
2026-03-14 09:16:30.290,-0.1654,0.43,10.5404
2026-03-14 09:16:30.300,-0.3811,0.2896,10.0578
2026-03-14 09:16:30.310,-0.6668,,10.4029
2026-03-14 09:16:30.320,-0.7746,-0.0175,9.7777
2026-03-14 09:16:30.330,-0.7868,0.0359,9.8206
2026-03-14 09:16:30.340,-0.8069,-0.1939,9.8045
2026-03-14 09:16:30.350,-0.7073,-0.1862,10.0801
2026-03-14 09:16:30.360,-1.1886,-0.2835,10.0353
2026-03-14 09:16:30.370,-1.2216,-0.5215,10.3119
2026-03-14 09:16:30.380,-1.5468,-0.6579,10.2234
2026-03-14 09:16:30.390,-1.3889,-0.7263,10.0466
2026-03-14 09:16:30.400,-1.6111,-0.9078,10.1045
2026-03-14 09:16:30.410,-1.514,-1.0405,9.7092
2026-03-14 09:16:30.420,-1.5198,-1.2782,9.7364
2026-03-14 09:16:30.430,-1.3572,-1.2146,9.5479
2026-03-14 09:16:30.440,-1.5921,-1.2594,9.7926
2026-03-14 09:16:30.450,-1.3704,-1.0938,9.5018
2026-03-14 09:16:30.460,-0.8632,-1.0508,9.2984
2026-03-14 09:16:30.470,-0.9996,-0.7845,9.667
2026-03-14 09:16:30.480,-0.6808,-0.5344,9.9403
2026-03-14 09:16:30.490,-0.6714,-0.6126,9.565
2026-03-14 09:16:30.500,-0.4045,-0.3764,9.6879
2026-03-14 09:16:30.510,-0.0536,-0.1827,9.3944
2026-03-14 09:16:30.520,0.0865,-0.0189,9.4137
2026-03-14 09:16:30.530,0.3584,0.3353,9.7254
2026-03-14 09:16:30.540,0.4768,0.6424,10.0047
2026-03-14 09:16:30.550,0.6449,0.7472,10.0202
2026-03-14 09:16:30.560,0.8839,0.7905,10.1118
2026-03-14 09:16:30.570,0.8969,0.7617,10.3767
2026-03-14 09:16:30.580,0.8742,1.0247,10.1786
2026-03-14 09:16:30.590,1.1587,1.0516,9.9054
2026-03-14 09:16:30.600,1.0672,1.0549,
2026-03-14 09:16:30.610,1.3538,1.0989,10.0986
2026-03-14 09:16:30.620,1.3438,1.129,9.7614
2026-03-14 09:16:30.630,1.4726,1.0331,9.4253
2026-03-14 09:16:30.640,1.3978,0.8415,9.7592
2026-03-14 09:16:30.650,1.5569,0.615,9.7821
2026-03-14 09:16:30.660,1.4461,0.4082,9.7378
2026-03-14 09:16:30.670,1.2029,0.4744,9.8941
2026-03-14 09:16:30.680,1.1974,0.1563,9.3071
2026-03-14 09:16:30.690,1.1017,0.0174,9.3596
2026-03-14 09:16:30.700,0.995,0.0027,9.3093
2026-03-14 09:16:30.710,1.0339,0.0067,9.4683
2026-03-14 09:16:30.720,0.9695,-0.1778,9.5476
2026-03-14 09:16:30.730,0.759,-0.1183,9.5997
2026-03-14 09:16:30.740,0.4373,-0.085,9.5928
2026-03-14 09:16:30.750,0.6771,-0.0985,10.1837
2026-03-14 09:16:30.760,0.3701,0.0865,9.7578
2026-03-14 09:16:30.770,0.2902,0.3638,9.6979
2026-03-14 09:16:30.780,0.1434,0.2464,9.621
2026-03-14 09:16:30.790,-0.0562,0.4502,9.5293
2026-03-14 09:16:30.800,0.1419,0.3633,9.9574
2026-03-14 09:16:30.810,-0.4413,0.3678,9.8481
2026-03-14 09:16:30.820,-0.4,0.2081,10.1907
2026-03-14 09:16:30.830,-0.2692,0.2586,10.1879
2026-03-14 09:16:30.840,-0.5633,0.346,10.1572
2026-03-14 09:16:30.850,-0.636,-0.0192,10.1498
2026-03-14 09:16:30.860,-1.0842,-0.0034,10.1025
2026-03-14 09:16:30.870,-1.219,-0.0358,9.599
2026-03-14 09:16:30.880,-1.1536,-0.2186,9.631
2026-03-14 09:16:30.890,-1.3707,-0.4054,9.7652
2026-03-14 09:16:30.900,-1.3381,-0.6157,9.86
2026-03-14 09:16:30.910,-1.3568,-0.907,9.6619
2026-03-14 09:16:30.920,-1.7531,-0.9673,9.4812
2026-03-14 09:16:30.930,-1.5162,-1.0737,9.6926
2026-03-14 09:16:30.940,-1.3343,-0.9524,10.0574
2026-03-14 09:16:30.950,-1.5833,-1.1415,10.3175
2026-03-14 09:16:30.960,-1.2058,-1.194,
2026-03-14 09:16:30.970,,-1.0495,9.4105
2026-03-14 09:16:30.980,-1.4833,-1.0801,9.2789
2026-03-14 09:16:30.990,-0.9415,-1.2126,9.3556
2026-03-14 09:16:31.000,-0.9488,-1.1709,9.4886
2026-03-14 09:16:31.010,-0.7116,-0.612,9.9895
2026-03-14 09:16:31.020,-0.6779,-0.4096,9.3241
2026-03-14 09:16:31.030,-0.3098,-0.556,10.083
2026-03-14 09:16:31.040,-0.1941,-0.3574,9.8451
2026-03-14 09:16:31.050,0.1592,0.3794,9.5336
2026-03-14 09:16:31.060,0.1334,0.2845,9.7001
2026-03-14 09:16:31.070,0.3903,0.8161,9.9106
2026-03-14 09:16:31.080,0.548,0.6872,9.7694
2026-03-14 09:16:31.090,0.6771,0.9959,10.0999
2026-03-14 09:16:31.100,0.7869,1.1229,10.1805
2026-03-14 09:16:31.110,1.0184,0.9086,
2026-03-14 09:16:31.120,1.1083,0.8704,10.3604
2026-03-14 09:16:31.130,1.3145,1.1882,10.1139
2026-03-14 09:16:31.140,1.0871,0.5655,10.0358
2026-03-14 09:16:31.150,1.4079,1.0226,9.2428
2026-03-14 09:16:31.160,1.3424,0.9048,9.2229
2026-03-14 09:16:31.170,,0.8801,9.6119
2026-03-14 09:16:31.180,1.3503,0.3891,9.4529
2026-03-14 09:16:31.190,1.7044,0.3531,9.7364
2026-03-14 09:16:31.200,1.414,0.4315,10.0584
2026-03-14 09:16:31.210,0.9166,0.1438,9.8393
2026-03-14 09:16:31.220,1.1316,0.029,9.4532
2026-03-14 09:16:31.230,0.9689,-0.0736,9.6513
2026-03-14 09:16:31.240,0.8717,0.0963,9.3554
2026-03-14 09:16:31.250,0.6028,0.0035,9.7168
2026-03-14 09:16:31.260,0.7451,-0.1618,9.2188
2026-03-14 09:16:31.270,0.571,-0.0094,9.6798
2026-03-14 09:16:31.280,0.516,0.0058,9.6117
2026-03-14 09:16:31.290,0.1043,0.2802,9.8425
2026-03-14 09:16:31.300,0.1735,-0.2257,10.0626
2026-03-14 09:16:31.310,0.2384,0.1565,9.8562
2026-03-14 09:16:31.320,-0.0207,0.4033,10.1135
2026-03-14 09:16:31.330,-0.2702,0.1431,9.9605
2026-03-14 09:16:31.340,-0.2292,0.0911,9.7146
2026-03-14 09:16:31.350,-0.3702,0.192,9.9535
2026-03-14 09:16:31.360,-0.4434,-0.0191,9.9488
2026-03-14 09:16:31.370,-0.413,0.2072,10.0623
2026-03-14 09:16:31.380,-0.6617,0.1149,10.4628
2026-03-14 09:16:31.390,-0.916,-0.2342,9.8552
2026-03-14 09:16:31.400,-1.0163,-0.1972,10.3996
2026-03-14 09:16:31.410,-1.3348,-0.4161,10.2377
2026-03-14 09:16:31.420,-1.2613,-0.5589,9.9145
2026-03-14 09:16:31.430,-1.3277,-0.6895,9.7928
2026-03-14 09:16:31.440,-1.3339,-0.722,9.2892
2026-03-14 09:16:31.450,-1.5243,-1.2125,9.574
2026-03-14 09:16:31.460,-1.2943,-1.1355,9.5142
2026-03-14 09:16:31.470,-1.5206,-1.19,9.9499
2026-03-14 09:16:31.480,-1.4294,-1.047,9.7328
2026-03-14 09:16:31.490,-1.2682,-1.3693,9.9968
2026-03-14 09:16:31.500,-1.354,-1.25,9.9228
2026-03-14 09:16:31.510,-1.0102,-1.4047,9.473
2026-03-14 09:16:31.520,-1.0034,-0.8701,9.2554
2026-03-14 09:16:31.530,-1.0419,-1.0786,9.5985
2026-03-14 09:16:31.540,-0.585,-0.683,9.554
2026-03-14 09:16:31.550,-0.7307,-0.4827,9.9547
2026-03-14 09:16:31.560,-0.3217,-0.2315,10.0733
2026-03-14 09:16:31.570,-0.2413,-0.2675,10.2013
2026-03-14 09:16:31.580,-0.024,0.3285,9.8246
2026-03-14 09:16:31.590,0.1049,0.5199,9.6094
2026-03-14 09:16:31.600,0.2318,0.8024,9.625
2026-03-14 09:16:31.610,0.7173,0.7562,9.7883
2026-03-14 09:16:31.620,0.71,1.102,9.7391
2026-03-14 09:16:31.630,0.9574,1.1638,9.7966
2026-03-14 09:16:31.640,1.158,1.1052,9.863
2026-03-14 09:16:31.650,1.5452,1.0704,10.0375
2026-03-14 09:16:31.660,1.1338,1.1407,9.9377
2026-03-14 09:16:31.670,1.2496,0.9952,9.7594
2026-03-14 09:16:31.680,1.4018,0.5903,9.7054
2026-03-14 09:16:31.690,1.2908,0.7065,9.7035
2026-03-14 09:16:31.700,1.2817,0.688,9.6992
2026-03-14 09:16:31.710,1.4767,0.4512,9.5506
2026-03-14 09:16:31.720,1.0583,0.4271,9.8207
2026-03-14 09:16:31.730,0.9867,0.0973,9.4855
2026-03-14 09:16:31.740,1.275,-0.171,9.5457
2026-03-14 09:16:31.750,0.9916,0.0539,9.6827
2026-03-14 09:16:31.760,1.29,-0.2563,9.4224
2026-03-14 09:16:31.770,1.0626,0.0407,9.8976
2026-03-14 09:16:31.780,0.7956,0.1256,9.54
2026-03-14 09:16:31.790,0.6183,-0.0692,9.4291
2026-03-14 09:16:31.800,0.5087,0.0338,9.4919
2026-03-14 09:16:31.810,0.4075,0.0019,9.9149
2026-03-14 09:16:31.820,0.323,0.1758,10.0636
2026-03-14 09:16:31.830,0.2882,0.2906,10.2189
2026-03-14 09:16:31.840,0.0174,-0.0229,10.4015
2026-03-14 09:16:31.850,0.1884,0.1481,9.9426
2026-03-14 09:16:31.860,-0.1662,0.5157,9.9671
2026-03-14 09:16:31.870,-0.2188,0.3888,9.8638
2026-03-14 09:16:31.880,-0.3637,0.3872,9.8934
2026-03-14 09:16:31.890,-0.4687,0.3832,9.8042
2026-03-14 09:16:31.900,-0.6155,0.1538,10.1166
2026-03-14 09:16:31.910,-0.9534,0.0429,10.0466
2026-03-14 09:16:31.920,-1.0113,-0.1884,9.9624
2026-03-14 09:16:31.930,-1.1293,0.0729,10.0798
2026-03-14 09:16:31.940,-1.2401,-0.2055,10.2852
2026-03-14 09:16:31.950,-1.0277,-0.4406,9.8208
2026-03-14 09:16:31.960,-1.4635,-0.7152,9.765
2026-03-14 09:16:31.970,-1.3145,-1.0695,9.5424
2026-03-14 09:16:31.980,-1.4605,-0.8658,9.2851
2026-03-14 09:16:31.990,-1.5942,-1.0153,9.0326
2026-03-14 09:16:32.000,-1.4476,-1.2452,9.6917
2026-03-14 09:16:32.010,-1.3066,-1.2171,9.3806
2026-03-14 09:16:32.020,-1.2451,-1.3469,9.8721
2026-03-14 09:16:32.030,-1.2157,-1.1922,9.7278
2026-03-14 09:16:32.040,-1.3601,-0.9478,9.5278
2026-03-14 09:16:32.050,-0.9661,-0.7926,9.6371
2026-03-14 09:16:32.060,-0.9635,-0.7251,9.6827
2026-03-14 09:16:32.070,-0.6151,-0.1726,9.2185
2026-03-14 09:16:32.080,-0.4448,-0.4385,9.5201
2026-03-14 09:16:32.090,-0.4586,-0.3789,10.0303
2026-03-14 09:16:32.100,0.1919,-0.1382,9.8525
2026-03-14 09:16:32.110,0.2306,0.3459,10.372
2026-03-14 09:16:32.120,0.3039,0.6483,10.2172
2026-03-14 09:16:32.130,0.4663,0.7913,10.2639
2026-03-14 09:16:32.140,0.5839,0.9188,9.7833
2026-03-14 09:16:32.150,0.9081,0.8917,9.8251
2026-03-14 09:16:32.160,1.0585,0.9677,9.649
2026-03-14 09:16:32.170,1.3646,,10.0196
2026-03-14 09:16:32.180,1.2167,1.1388,9.4742
2026-03-14 09:16:32.190,1.1255,1.2051,9.8175
2026-03-14 09:16:32.200,1.7602,0.8713,9.9358
2026-03-14 09:16:32.210,1.276,0.8147,10.3267
2026-03-14 09:16:32.220,1.3621,0.8365,10.1268
2026-03-14 09:16:32.230,1.5066,0.2403,9.5927
2026-03-14 09:16:32.240,1.3292,0.2372,9.5339
2026-03-14 09:16:32.250,1.068,0.3985,9.1201
2026-03-14 09:16:32.260,0.9645,0.3199,9.617
2026-03-14 09:16:32.270,1.2327,0.2399,9.4508
2026-03-14 09:16:32.280,1.2462,-0.0694,9.8627
2026-03-14 09:16:32.290,1.0734,-0.0473,9.412
2026-03-14 09:16:32.300,0.9712,-0.029,10.2246
2026-03-14 09:16:32.310,0.7565,-0.071,9.7262
2026-03-14 09:16:32.320,0.4713,-0.1121,9.3072
2026-03-14 09:16:32.330,0.6396,0.1239,9.2521
2026-03-14 09:16:32.340,0.3793,0.137,9.3786
2026-03-14 09:16:32.350,0.2193,0.2147,9.5783
2026-03-14 09:16:32.360,0.5352,0.2629,9.9168
2026-03-14 09:16:32.370,0.1474,0.337,10.1089
2026-03-14 09:16:32.380,-0.3377,0.0179,10.0397
2026-03-14 09:16:32.390,-0.2746,0.2263,9.7279
2026-03-14 09:16:32.400,-0.6643,0.0347,10.0668
2026-03-14 09:16:32.410,-0.3263,0.2711,9.9236
2026-03-14 09:16:32.420,-0.3576,0.3103,9.6794
2026-03-14 09:16:32.430,-0.7683,0.2793,9.621
2026-03-14 09:16:32.440,-0.9076,0.0513,10.0754
2026-03-14 09:16:32.450,-0.8523,-0.3183,10.1036
2026-03-14 09:16:32.460,-1.274,-0.4183,10.3472
2026-03-14 09:16:32.470,-1.2819,-0.5941,10.271
2026-03-14 09:16:32.480,-1.2592,-0.4909,10.3643
2026-03-14 09:16:32.490,-1.2976,-1.0009,10.0711
2026-03-14 09:16:32.500,-1.5045,-0.9801,9.6311
2026-03-14 09:16:32.510,-1.6731,-0.748,9.4954
2026-03-14 09:16:32.520,-1.4041,-1.153,9.4274
2026-03-14 09:16:32.530,-1.5551,-1.054,9.2953
2026-03-14 09:16:32.540,-1.3876,-1.3073,9.5184
2026-03-14 09:16:32.550,,-1.2173,9.6699
2026-03-14 09:16:32.560,-1.3372,-1.0951,
2026-03-14 09:16:32.570,-0.9974,-0.9908,9.9208
2026-03-14 09:16:32.580,-0.9167,-0.6808,10.043
2026-03-14 09:16:32.590,-0.9242,-0.7062,9.695
2026-03-14 09:16:32.600,-0.4495,-0.4357,9.4996
2026-03-14 09:16:32.610,-0.6598,-0.2623,9.7335
2026-03-14 09:16:32.620,-0.3314,0.1142,9.617
2026-03-14 09:16:32.630,-0.3407,-0.2401,
2026-03-14 09:16:32.640,0.2381,0.733,10.1605
2026-03-14 09:16:32.650,0.6122,0.7268,9.9039
2026-03-14 09:16:32.660,0.6989,0.7823,10.1215
2026-03-14 09:16:32.670,0.6951,0.5829,9.9903
2026-03-14 09:16:32.680,0.9321,0.7466,10.1527
2026-03-14 09:16:32.690,0.9608,1.1657,9.9572
2026-03-14 09:16:32.700,0.8666,1.3888,9.9438
2026-03-14 09:16:32.710,1.6602,0.947,9.8604
2026-03-14 09:16:32.720,1.2233,1.0316,10.0002
2026-03-14 09:16:32.730,1.3822,0.8153,10.1304
2026-03-14 09:16:32.740,1.4508,0.6115,10.1609
2026-03-14 09:16:32.750,1.4512,0.8477,9.8027
2026-03-14 09:16:32.760,1.1899,0.5946,10.1364
2026-03-14 09:16:32.770,1.5268,0.2235,9.6877
2026-03-14 09:16:32.780,1.22,0.0581,9.5563
2026-03-14 09:16:32.790,0.9424,0.1455,8.9591
2026-03-14 09:16:32.800,1.1543,0.2175,9.1146
2026-03-14 09:16:32.810,1.0128,-0.214,9.2574
2026-03-14 09:16:32.820,0.6835,-0.2888,9.5336
2026-03-14 09:16:32.830,0.8059,-0.0284,9.3726
2026-03-14 09:16:32.840,0.9737,-0.023,9.8915
2026-03-14 09:16:32.850,0.7003,-0.1493,9.4315
2026-03-14 09:16:32.860,0.5924,-0.116,10.0402
2026-03-14 09:16:32.870,0.4102,0.3339,9.7691
2026-03-14 09:16:32.880,0.0738,-0.2093,9.2091
2026-03-14 09:16:32.890,-0.0642,0.1584,9.8231
2026-03-14 09:16:32.900,0.2326,0.4814,9.9846
2026-03-14 09:16:32.910,-0.1385,0.3652,10.3621
2026-03-14 09:16:32.920,-0.3299,0.3092,10.3286
2026-03-14 09:16:32.930,-0.2885,0.263,10.3473
2026-03-14 09:16:32.940,-0.4861,0.0847,10.168
2026-03-14 09:16:32.950,-0.7272,0.448,10.0169
2026-03-14 09:16:32.960,-0.8564,-0.0042,9.9017
2026-03-14 09:16:32.970,-0.9186,-0.1021,9.8295
2026-03-14 09:16:32.980,-1.1238,-0.0692,9.3427
2026-03-14 09:16:32.990,-1.1191,-0.2138,9.7076
2026-03-14 09:16:33.000,-1.1871,-0.7539,9.895
2026-03-14 09:16:33.010,-1.5253,-0.7986,9.9335
2026-03-14 09:16:33.020,-1.3086,-0.768,10.1456
2026-03-14 09:16:33.030,-1.6655,-0.9063,9.7982
2026-03-14 09:16:33.040,-1.6991,-1.2465,10.0959
2026-03-14 09:16:33.050,-1.531,-0.9223,9.4677
2026-03-14 09:16:33.060,-1.6811,-1.2959,9.4655
2026-03-14 09:16:33.070,-1.5311,-1.0993,9.2178
2026-03-14 09:16:33.080,-1.4638,-0.8254,9.185
2026-03-14 09:16:33.090,-1.2299,-1.157,9.752
2026-03-14 09:16:33.100,-1.0612,-0.7301,10.0525
2026-03-14 09:16:33.110,-1.1012,-0.6462,9.7419
2026-03-14 09:16:33.120,-0.7326,-0.5548,10.2857
2026-03-14 09:16:33.130,-0.5713,-0.1751,10.1271
2026-03-14 09:16:33.140,-0.2617,-0.055,9.8565
2026-03-14 09:16:33.150,-0.3419,-0.1434,9.6195
2026-03-14 09:16:33.160,0.3539,0.1361,9.9305
2026-03-14 09:16:33.170,0.2909,0.5417,9.7098
2026-03-14 09:16:33.180,0.3193,0.7033,9.8141
2026-03-14 09:16:33.190,0.9317,0.8277,10.2866
2026-03-14 09:16:33.200,0.6567,1.1274,10.3013
2026-03-14 09:16:33.210,0.9707,0.6841,10.503
2026-03-14 09:16:33.220,0.7843,0.6827,10.2332
2026-03-14 09:16:33.230,1.0016,1.2911,10.0472
2026-03-14 09:16:33.240,1.1946,1.2479,10.3679
2026-03-14 09:16:33.250,1.611,0.905,9.5678
2026-03-14 09:16:33.260,1.3595,0.7995,9.6727
2026-03-14 09:16:33.270,1.2106,0.7552,9.9811
2026-03-14 09:16:33.280,1.3284,0.6658,9.9503
2026-03-14 09:16:33.290,1.3537,0.2019,9.5186
2026-03-14 09:16:33.300,1.2171,0.3892,9.6973
2026-03-14 09:16:33.310,1.3406,0.1121,9.6514
2026-03-14 09:16:33.320,1.1759,0.0371,9.6825
2026-03-14 09:16:33.330,0.9688,0.127,9.3184
2026-03-14 09:16:33.340,1.1686,0.2159,9.1171
2026-03-14 09:16:33.350,0.8092,-0.0406,9.2338
2026-03-14 09:16:33.360,0.7959,-0.0958,9.3733
2026-03-14 09:16:33.370,0.8021,0.2639,9.852
2026-03-14 09:16:33.380,0.4512,0.1552,9.8607
2026-03-14 09:16:33.390,0.2595,0.1446,9.967
2026-03-14 09:16:33.400,0.1951,-0.0073,9.8379
2026-03-14 09:16:33.410,0.1347,0.2293,9.6884
2026-03-14 09:16:33.420,0.3036,0.3124,10.066
2026-03-14 09:16:33.430,-0.203,0.2156,9.3122
2026-03-14 09:16:33.440,-0.0958,0.3308,9.6941
2026-03-14 09:16:33.450,-0.4833,0.084,10.2477
2026-03-14 09:16:33.460,-0.9044,0.1711,10.0012
2026-03-14 09:16:33.470,-0.6293,0.1438,10.6129
2026-03-14 09:16:33.480,-0.8861,0.494,10.366
2026-03-14 09:16:33.490,-1.1496,0.0535,10.1853
2026-03-14 09:16:33.500,-0.8287,-0.4069,9.7123
2026-03-14 09:16:33.510,-1.263,-0.3845,9.989
2026-03-14 09:16:33.520,-1.3625,-0.4955,9.6309
2026-03-14 09:16:33.530,-1.3409,-0.6654,9.4101
2026-03-14 09:16:33.540,-1.3284,-0.5901,9.934
2026-03-14 09:16:33.550,-1.4437,-0.9243,9.5832
2026-03-14 09:16:33.560,-1.7498,-1.0959,9.3814
2026-03-14 09:16:33.570,-1.3501,-1.3235,10.0617
2026-03-14 09:16:33.580,-1.5176,,9.9307
2026-03-14 09:16:33.590,-1.2711,-1.1119,9.454
2026-03-14 09:16:33.600,-1.225,-1.335,9.5825
2026-03-14 09:16:33.610,-1.145,-1.3922,9.05
2026-03-14 09:16:33.620,-1.1182,-1.0814,9.163
2026-03-14 09:16:33.630,-0.7476,-0.7481,9.4484
2026-03-14 09:16:33.640,-0.517,-0.6606,9.4686
2026-03-14 09:16:33.650,-0.5794,-0.5226,9.853
2026-03-14 09:16:33.660,-0.2967,-0.2128,10.1757
2026-03-14 09:16:33.670,-0.2378,-0.1462,9.7089
2026-03-14 09:16:33.680,-0.3359,0.1418,9.7514
2026-03-14 09:16:33.690,0.1641,0.158,9.9024
2026-03-14 09:16:33.700,0.365,0.719,9.7346
2026-03-14 09:16:33.710,0.7119,0.9711,10.1694
2026-03-14 09:16:33.720,0.6625,0.7617,10.0438
2026-03-14 09:16:33.730,0.9378,1.1161,10.3156
2026-03-14 09:16:33.740,1.2205,1.0813,10.2592
2026-03-14 09:16:33.750,0.9611,1.1455,10.1635
2026-03-14 09:16:33.760,1.3758,0.9385,10.0996
2026-03-14 09:16:33.770,1.2721,0.7421,9.921
2026-03-14 09:16:33.780,1.3791,0.9518,9.5393
2026-03-14 09:16:33.790,1.3628,0.9499,9.8705
2026-03-14 09:16:33.800,1.2281,0.7838,9.6072
2026-03-14 09:16:33.810,1.4733,0.5112,9.8442
2026-03-14 09:16:33.820,1.4167,0.3544,9.6977
2026-03-14 09:16:33.830,1.3431,0.5201,9.9196
2026-03-14 09:16:33.840,1.2168,0.1126,9.7283
2026-03-14 09:16:33.850,0.9877,0.1597,9.7213
2026-03-14 09:16:33.860,0.9856,0.0185,9.7442
2026-03-14 09:16:33.870,0.9486,-0.1494,9.3324
2026-03-14 09:16:33.880,0.5469,-0.0598,9.3637
2026-03-14 09:16:33.890,0.6669,0.3879,9.6868
2026-03-14 09:16:33.900,0.4569,0.0102,9.5209
2026-03-14 09:16:33.910,0.393,-0.2285,9.6452
2026-03-14 09:16:33.920,0.4309,-0.0547,10.0514
2026-03-14 09:16:33.930,0.3597,0.3901,10.1187
2026-03-14 09:16:33.940,0.143,0.3197,9.9825
2026-03-14 09:16:33.950,-0.0314,0.0602,9.7924
2026-03-14 09:16:33.960,0.08,0.452,9.8753
2026-03-14 09:16:33.970,-0.2965,0.2545,10.3424
2026-03-14 09:16:33.980,-0.6476,-0.1268,9.666
2026-03-14 09:16:33.990,-0.5008,-0.0437,9.9745
2026-03-14 09:16:34.000,-0.6573,0.1034,10.1406
2026-03-14 09:16:34.010,-0.9601,0.1611,10.1158
2026-03-14 09:16:34.020,-1.0099,0.032,10.6118
2026-03-14 09:16:34.030,,-0.0649,10.4962
2026-03-14 09:16:34.040,-1.1053,-0.2508,10.4265
2026-03-14 09:16:34.050,-1.6052,-0.7438,9.7061
2026-03-14 09:16:34.060,-1.4415,-0.7335,9.2902
2026-03-14 09:16:34.070,-1.5146,-0.8223,9.3745
2026-03-14 09:16:34.080,-1.4272,-0.6354,9.7248
2026-03-14 09:16:34.090,-1.4003,,9.8512
2026-03-14 09:16:34.100,-1.4198,-1.1844,9.9417
2026-03-14 09:16:34.110,-1.3755,-1.4182,9.5442
2026-03-14 09:16:34.120,-1.3498,-1.4527,9.785
2026-03-14 09:16:34.130,-1.1302,-1.1396,9.7435
2026-03-14 09:16:34.140,-1.2562,-1.3605,9.3142
2026-03-14 09:16:34.150,-1.2178,-0.8587,9.0856
2026-03-14 09:16:34.160,-0.7624,-0.8826,9.4137
2026-03-14 09:16:34.170,-0.6042,-0.8626,9.2964
2026-03-14 09:16:34.180,-0.7441,-0.4805,9.7602
2026-03-14 09:16:34.190,-0.3913,-0.0922,10.0299
2026-03-14 09:16:34.200,,-0.1032,10.1224
2026-03-14 09:16:34.210,0.3,0.3573,10.0194
2026-03-14 09:16:34.220,,0.2573,10.1668
2026-03-14 09:16:34.230,0.3685,0.4339,10.242
2026-03-14 09:16:34.240,0.0841,0.9274,9.8567
2026-03-14 09:16:34.250,0.5191,1.02,9.8487
2026-03-14 09:16:34.260,1.0729,0.9655,9.741
2026-03-14 09:16:34.270,1.264,0.9878,10.0512
2026-03-14 09:16:34.280,1.3817,0.8306,9.8706
2026-03-14 09:16:34.290,1.404,0.9025,10.0775
2026-03-14 09:16:34.300,1.1694,1.1785,10.1426
2026-03-14 09:16:34.310,1.375,0.9139,10.0392
2026-03-14 09:16:34.320,1.3559,1.0228,9.8208
2026-03-14 09:16:34.330,1.2326,0.6392,9.5998
2026-03-14 09:16:34.340,1.3625,0.4355,9.6537
2026-03-14 09:16:34.350,1.4477,0.3041,
2026-03-14 09:16:34.360,0.9594,0.2283,9.7574
2026-03-14 09:16:34.370,1.3327,0.2342,9.7442
2026-03-14 09:16:34.380,1.3089,-0.1326,10.1989
2026-03-14 09:16:34.390,0.8918,0.062,10.1343
2026-03-14 09:16:34.400,1.0991,-0.0018,9.6997
2026-03-14 09:16:34.410,0.7078,0.0133,9.7123
2026-03-14 09:16:34.420,0.7374,0.1648,9.3047
2026-03-14 09:16:34.430,0.6286,0.0129,9.4452
2026-03-14 09:16:34.440,0.5116,0.2656,9.5653
2026-03-14 09:16:34.450,0.373,-0.0135,9.9658
2026-03-14 09:16:34.460,0.2332,0.1147,9.9776
2026-03-14 09:16:34.470,0.0688,0.0122,10.0653
2026-03-14 09:16:34.480,-0.0392,0.3137,10.5544
2026-03-14 09:16:34.490,-0.3096,0.1761,10.0811
2026-03-14 09:16:34.500,-0.2445,0.4805,9.8375
2026-03-14 09:16:34.510,-0.4263,-0.0244,9.8785
2026-03-14 09:16:34.520,-0.6391,0.2614,9.6697
2026-03-14 09:16:34.530,-0.8556,0.1768,9.7529
2026-03-14 09:16:34.540,-0.5809,-0.0688,9.708
2026-03-14 09:16:34.550,-1.0487,0.0503,9.7511
2026-03-14 09:16:34.560,-1.1301,-0.1538,10.2248
2026-03-14 09:16:34.570,-1.2073,-0.4001,10.0257
2026-03-14 09:16:34.580,-1.2596,-0.8258,10.2361
2026-03-14 09:16:34.590,-1.4123,-0.75,9.8615
2026-03-14 09:16:34.600,-1.3655,-0.8922,9.4584
2026-03-14 09:16:34.610,-1.4248,-0.8545,9.4413
2026-03-14 09:16:34.620,-1.4156,-1.3799,9.2386
2026-03-14 09:16:34.630,-1.2319,-1.3723,9.2281
2026-03-14 09:16:34.640,-1.5757,-1.2415,9.6912
2026-03-14 09:16:34.650,-1.0307,-1.1557,9.6437
2026-03-14 09:16:34.660,,-0.9725,9.7793
2026-03-14 09:16:34.670,-1.2588,-1.2315,9.3524
2026-03-14 09:16:34.680,,-0.8326,9.6739
2026-03-14 09:16:34.690,-1.1058,-0.7787,9.4367
2026-03-14 09:16:34.700,-0.6029,-0.4212,9.5973
2026-03-14 09:16:34.710,-0.3491,-0.2038,9.6823
2026-03-14 09:16:34.720,-0.114,-0.1952,9.6968
2026-03-14 09:16:34.730,0.0702,0.1058,10.0161
2026-03-14 09:16:34.740,0.1765,0.5166,10.0798
2026-03-14 09:16:34.750,0.4942,0.3011,10.2909
2026-03-14 09:16:34.760,0.6244,0.7474,10.346
2026-03-14 09:16:34.770,0.6983,0.7853,10.0659
2026-03-14 09:16:34.780,0.6388,1.1679,9.7417
2026-03-14 09:16:34.790,0.9079,1.038,9.7341
2026-03-14 09:16:34.800,1.0506,0.9378,9.836
2026-03-14 09:16:34.810,1.2935,0.7954,9.9991
2026-03-14 09:16:34.820,1.3995,0.996,10.1887
2026-03-14 09:16:34.830,1.4164,1.0333,10.1634
2026-03-14 09:16:34.840,1.057,0.7575,10.2814
2026-03-14 09:16:34.850,1.5847,0.6937,9.6352
2026-03-14 09:16:34.860,1.1845,0.4554,9.9392
2026-03-14 09:16:34.870,1.3854,0.357,9.4937
2026-03-14 09:16:34.880,1.2791,0.0436,9.2158
2026-03-14 09:16:34.890,1.5873,0.1728,9.5237
2026-03-14 09:16:34.900,0.9989,0.0145,9.1672
2026-03-14 09:16:34.910,1.018,-0.0406,9.7086
2026-03-14 09:16:34.920,0.9498,0.067,9.6418
2026-03-14 09:16:34.930,1.0906,0.0685,9.8148
2026-03-14 09:16:34.940,0.5218,0.0123,9.5039
2026-03-14 09:16:34.950,0.5239,-0.2277,9.5489
2026-03-14 09:16:34.960,0.712,0.1651,9.6845
2026-03-14 09:16:34.970,0.5421,0.2467,9.2938
2026-03-14 09:16:34.980,0.4336,0.018,9.7181
2026-03-14 09:16:34.990,0.0539,0.2937,9.5524
2026-03-14 09:16:35.000,0.1207,0.3294,9.8708
2026-03-14 09:16:35.010,-0.0808,0.3566,10.0214
2026-03-14 09:16:35.020,-0.1531,0.4149,10.1652
2026-03-14 09:16:35.030,-0.231,0.229,9.7512
2026-03-14 09:16:35.040,-0.4043,0.3085,10.1639
2026-03-14 09:16:35.050,-0.6499,0.0559,9.7569
2026-03-14 09:16:35.060,-0.7611,0.0508,9.6831
2026-03-14 09:16:35.070,-0.414,0.187,10.0412
2026-03-14 09:16:35.080,-1.011,-0.076,9.9991
2026-03-14 09:16:35.090,-0.9613,-0.2994,9.9077
2026-03-14 09:16:35.100,-1.2304,-0.2917,9.8853
2026-03-14 09:16:35.110,-1.4727,-0.9656,9.927
2026-03-14 09:16:35.120,-1.5691,-0.5158,10.1297
2026-03-14 09:16:35.130,-1.4332,-0.9444,9.7274
2026-03-14 09:16:35.140,-1.4864,-0.9087,9.7882
2026-03-14 09:16:35.150,-1.374,-1.1518,9.1077
2026-03-14 09:16:35.160,,-1.1329,9.0981
2026-03-14 09:16:35.170,-1.5251,-1.0494,9.0272
2026-03-14 09:16:35.180,-1.2167,-1.067,9.3871
2026-03-14 09:16:35.190,-1.393,-0.8941,9.8159
2026-03-14 09:16:35.200,-1.0151,-1.2641,10.0546
2026-03-14 09:16:35.210,-1.0175,-0.9879,9.7466
2026-03-14 09:16:35.220,-0.613,-0.8729,10.2498
2026-03-14 09:16:35.230,-0.5318,-0.6587,9.4727
2026-03-14 09:16:35.240,-0.5531,-0.3044,9.9631
2026-03-14 09:16:35.250,-0.1325,-0.1081,9.5114
2026-03-14 09:16:35.260,-0.0199,0.358,9.6449
2026-03-14 09:16:35.270,0.1253,0.4856,9.7839
2026-03-14 09:16:35.280,0.6689,0.6237,10.0084
2026-03-14 09:16:35.290,0.4165,0.6834,10.1871
2026-03-14 09:16:35.300,0.7579,0.8278,10.0249
2026-03-14 09:16:35.310,0.5797,0.8343,9.9726
2026-03-14 09:16:35.320,0.6783,0.8653,9.8984
2026-03-14 09:16:35.330,0.9511,0.9327,9.9584
2026-03-14 09:16:35.340,1.0266,1.0823,9.6327
2026-03-14 09:16:35.350,1.3125,0.9529,9.7103
2026-03-14 09:16:35.360,1.5809,0.9036,9.6162
2026-03-14 09:16:35.370,1.3786,0.7853,9.8496
2026-03-14 09:16:35.380,1.1352,0.5991,9.8924
2026-03-14 09:16:35.390,1.5395,0.4353,9.8103
2026-03-14 09:16:35.400,1.4717,0.4034,9.6584
2026-03-14 09:16:35.410,1.1541,0.1792,9.8561
2026-03-14 09:16:35.420,1.2282,0.4233,9.3452
2026-03-14 09:16:35.430,1.027,-0.032,9.4668
2026-03-14 09:16:35.440,1.0061,-0.0112,
2026-03-14 09:16:35.450,0.8838,-0.0024,9.4247
2026-03-14 09:16:35.460,0.5823,-0.2738,9.7734
2026-03-14 09:16:35.470,0.6198,-0.0096,9.8283
2026-03-14 09:16:35.480,0.5174,-0.0911,9.861
2026-03-14 09:16:35.490,0.2846,0.0671,10.0176
2026-03-14 09:16:35.500,0.2977,0.1009,9.6239
2026-03-14 09:16:35.510,0.2902,-0.0299,9.568
2026-03-14 09:16:35.520,0.1943,0.305,9.725
2026-03-14 09:16:35.530,0.0361,0.166,9.4662
2026-03-14 09:16:35.540,0.1518,0.2383,9.8819
2026-03-14 09:16:35.550,-0.0087,0.3625,10.3429
2026-03-14 09:16:35.560,-0.5321,0.0551,10.3066
2026-03-14 09:16:35.570,-0.4532,0.3094,10.4237
2026-03-14 09:16:35.580,-0.5939,-0.0834,10.1469
2026-03-14 09:16:35.590,-0.6465,0.321,9.9948
2026-03-14 09:16:35.600,-0.742,0.1467,9.9079
2026-03-14 09:16:35.610,-1.3322,-0.1111,9.9979
2026-03-14 09:16:35.620,-1.3905,-0.2559,9.3379
2026-03-14 09:16:35.630,-1.3727,-0.8261,9.7259
2026-03-14 09:16:35.640,-1.4177,-0.5624,9.9716
2026-03-14 09:16:35.650,-1.5644,-0.4929,9.7868
2026-03-14 09:16:35.660,-1.6657,-1.1692,9.7972
2026-03-14 09:16:35.670,-1.2674,-0.9347,9.8066
2026-03-14 09:16:35.680,-1.5746,-1.0866,9.3689
2026-03-14 09:16:35.690,-1.357,-1.0972,9.5478
2026-03-14 09:16:35.700,-1.2712,-1.1076,9.3723
2026-03-14 09:16:35.710,-1.2333,-1.34,9.5129
2026-03-14 09:16:35.720,-1.0132,-1.2234,9.2474
2026-03-14 09:16:35.730,,-0.8685,9.4276
2026-03-14 09:16:35.740,-0.9695,-0.866,9.9237
2026-03-14 09:16:35.750,-0.5202,-0.5464,10.1141
2026-03-14 09:16:35.760,-0.7098,-0.3645,9.686
2026-03-14 09:16:35.770,-0.4714,-0.3084,9.8252
2026-03-14 09:16:35.780,-0.2532,-0.0589,9.6308
2026-03-14 09:16:35.790,0.0403,-0.04,9.7611
2026-03-14 09:16:35.800,0.2096,0.5541,9.9505
2026-03-14 09:16:35.810,0.5078,0.7671,9.8741
2026-03-14 09:16:35.820,0.7912,0.9873,10.2827
2026-03-14 09:16:35.830,0.6133,0.8978,10.5271
2026-03-14 09:16:35.840,0.9091,0.8831,10.523
2026-03-14 09:16:35.850,1.1364,1.0428,10.0858
2026-03-14 09:16:35.860,1.0712,1.192,9.9154
2026-03-14 09:16:35.870,1.3127,0.982,9.4595
2026-03-14 09:16:35.880,1.4614,1.1189,9.997
2026-03-14 09:16:35.890,1.3966,1.0983,9.5469
2026-03-14 09:16:35.900,1.3533,0.521,9.7358
2026-03-14 09:16:35.910,1.1475,0.687,9.9691
2026-03-14 09:16:35.920,1.3422,0.4227,10.1799
2026-03-14 09:16:35.930,1.5697,0.4022,9.7512
2026-03-14 09:16:35.940,1.3943,0.3547,9.792
2026-03-14 09:16:35.950,1.4359,0.1993,9.275
2026-03-14 09:16:35.960,1.418,-0.1539,9.8435
2026-03-14 09:16:35.970,0.9266,-0.3162,9.8109
2026-03-14 09:16:35.980,1.1591,0.0957,9.8434
2026-03-14 09:16:35.990,0.8524,-0.0578,9.5902
2026-03-14 09:16:36.000,0.6575,-0.0773,9.4366
2026-03-14 09:16:36.010,0.7851,-0.0111,9.636
2026-03-14 09:16:36.020,0.2638,-0.1466,9.724
2026-03-14 09:16:36.030,0.4515,0.191,9.4849
2026-03-14 09:16:36.040,0.3891,0.312,9.584
2026-03-14 09:16:36.050,,0.4433,9.6919
2026-03-14 09:16:36.060,-0.1365,0.0967,9.6602
2026-03-14 09:16:36.070,-0.1135,0.2628,9.6818
2026-03-14 09:16:36.080,-0.1093,0.0883,10.0052
2026-03-14 09:16:36.090,-0.5896,0.2157,10.0657
2026-03-14 09:16:36.100,-0.6566,0.1531,10.3158
2026-03-14 09:16:36.110,-0.7399,0.0329,10.3381
2026-03-14 09:16:36.120,-1.0421,0.0944,10.5289
2026-03-14 09:16:36.130,-1.1382,0.0991,10.046
2026-03-14 09:16:36.140,-1.3934,-0.0747,9.8595
2026-03-14 09:16:36.150,-1.2476,-0.6076,10.2271
2026-03-14 09:16:36.160,-1.302,-0.6595,9.4192
2026-03-14 09:16:36.170,-1.555,-0.899,9.5301
2026-03-14 09:16:36.180,-1.5792,-0.8204,9.6306
2026-03-14 09:16:36.190,-1.2752,-1.1409,10.1331
2026-03-14 09:16:36.200,-1.6938,-1.0421,9.9916
2026-03-14 09:16:36.210,-1.6522,-0.9177,9.9785
2026-03-14 09:16:36.220,-1.571,-1.1286,9.6283
2026-03-14 09:16:36.230,-1.5055,-1.3715,9.6206
2026-03-14 09:16:36.240,-1.305,-1.5177,9.2339
2026-03-14 09:16:36.250,-1.1819,-1.1899,8.7944
2026-03-14 09:16:36.260,-0.8816,-0.6468,9.2174
2026-03-14 09:16:36.270,-0.8159,-0.8167,9.8621
2026-03-14 09:16:36.280,-0.7852,-0.4187,9.7492
2026-03-14 09:16:36.290,-0.5703,-0.3067,9.9817
2026-03-14 09:16:36.300,-0.2282,-0.1685,9.7636
2026-03-14 09:16:36.310,-0.1013,0.1571,10.0907
2026-03-14 09:16:36.320,0.1791,0.5499,9.7397
2026-03-14 09:16:36.330,0.3173,0.5333,9.8977
2026-03-14 09:16:36.340,0.361,0.7873,10.0466
2026-03-14 09:16:36.350,0.9535,1.1039,9.395
2026-03-14 09:16:36.360,0.8604,1.0064,10.0312
2026-03-14 09:16:36.370,1.1156,1.0666,10.3472
2026-03-14 09:16:36.380,1.0097,1.2401,10.0947
2026-03-14 09:16:36.390,1.2986,1.0716,10.387
2026-03-14 09:16:36.400,1.6621,1.0221,10.4603
2026-03-14 09:16:36.410,0.9034,1.1277,10.1993
2026-03-14 09:16:36.420,1.306,0.5778,9.8218
2026-03-14 09:16:36.430,1.5348,0.5231,9.4303
2026-03-14 09:16:36.440,1.3471,0.4214,9.2125
2026-03-14 09:16:36.450,1.1506,0.4903,9.6039
2026-03-14 09:16:36.460,1.2511,0.2021,9.7995
2026-03-14 09:16:36.470,1.3053,0.1063,10.0392
2026-03-14 09:16:36.480,0.9142,0.1848,9.8595
2026-03-14 09:16:36.490,0.8148,0.1064,9.6016
2026-03-14 09:16:36.500,1.0555,0.1291,9.2877
2026-03-14 09:16:36.510,0.9561,-0.151,9.5247
2026-03-14 09:16:36.520,0.6917,-0.2517,9.8503
2026-03-14 09:16:36.530,0.567,-0.0629,9.75
2026-03-14 09:16:36.540,0.611,-0.0247,9.6823
2026-03-14 09:16:36.550,,-0.2425,9.9028
2026-03-14 09:16:36.560,0.4683,,10.249
2026-03-14 09:16:36.570,0.3571,0.1896,9.7874
2026-03-14 09:16:36.580,-0.1347,0.0501,
2026-03-14 09:16:36.590,-0.0324,0.2718,9.7388
2026-03-14 09:16:36.600,-0.2091,0.2907,10.0673
2026-03-14 09:16:36.610,-0.2502,0.1979,9.8326
2026-03-14 09:16:36.620,-0.3544,0.0954,9.5823
2026-03-14 09:16:36.630,-0.5284,0.0879,9.8633
2026-03-14 09:16:36.640,-0.8633,-0.0976,10.4246
2026-03-14 09:16:36.650,-0.9258,-0.0592,10.2452
2026-03-14 09:16:36.660,-0.8428,0.0944,10.1154
2026-03-14 09:16:36.670,-1.3741,-0.0699,10.0921
2026-03-14 09:16:36.680,-1.2063,-0.5601,9.9872
2026-03-14 09:16:36.690,-1.6044,-0.4946,9.5491
2026-03-14 09:16:36.700,-1.2523,-0.5461,9.5451
2026-03-14 09:16:36.710,-1.4282,-1.3463,9.6125
2026-03-14 09:16:36.720,-1.2779,-1.1412,9.7682
2026-03-14 09:16:36.730,-1.5653,-1.1953,9.3878
2026-03-14 09:16:36.740,-1.4375,,9.9423
2026-03-14 09:16:36.750,-1.456,-1.271,9.6965
2026-03-14 09:16:36.760,,-1.1241,10.0444
2026-03-14 09:16:36.770,-1.4345,-1.2605,9.3058
2026-03-14 09:16:36.780,-1.3313,-0.9509,9.6801
2026-03-14 09:16:36.790,-0.8878,-0.7346,9.1968
2026-03-14 09:16:36.800,-0.8513,-0.8493,9.1258
2026-03-14 09:16:36.810,-0.4992,-0.3614,9.6495
2026-03-14 09:16:36.820,,-0.2731,9.7142
2026-03-14 09:16:36.830,-0.4072,-0.2835,10.0941
2026-03-14 09:16:36.840,-0.1086,0.1845,10.4777
2026-03-14 09:16:36.850,0.1275,0.2317,9.9838
2026-03-14 09:16:36.860,0.4196,0.5542,10.0685
2026-03-14 09:16:36.870,0.6515,0.8522,10.1442
2026-03-14 09:16:36.880,0.8523,0.6932,9.8178
2026-03-14 09:16:36.890,0.8787,1.0737,9.6594
2026-03-14 09:16:36.900,0.9704,1.19,10.0033
2026-03-14 09:16:36.910,1.2322,1.1889,10.2254
2026-03-14 09:16:36.920,1.1655,0.991,9.9388
2026-03-14 09:16:36.930,1.3374,1.0791,10.6939
2026-03-14 09:16:36.940,1.1603,1.1149,10.4936
2026-03-14 09:16:36.950,1.3503,0.6685,10.244
2026-03-14 09:16:36.960,1.4276,0.5575,9.8111
2026-03-14 09:16:36.970,1.4106,0.5438,9.8201
2026-03-14 09:16:36.980,1.3182,0.1353,9.8142
2026-03-14 09:16:36.990,1.2248,0.3713,9.3555
2026-03-14 09:16:37.000,1.4536,0.0503,9.5135
2026-03-14 09:16:37.010,0.9677,0.0051,9.8787
2026-03-14 09:16:37.020,,-0.3431,9.9617
2026-03-14 09:16:37.030,1.0593,-0.0834,9.6014
2026-03-14 09:16:37.040,0.6315,0.1173,9.8578
2026-03-14 09:16:37.050,0.5988,0.2105,9.8914
2026-03-14 09:16:37.060,0.6152,-0.0501,9.1516
2026-03-14 09:16:37.070,0.4508,0.0419,9.3021
2026-03-14 09:16:37.080,0.3494,0.0,9.5327
2026-03-14 09:16:37.090,0.1786,0.3013,10.0683
2026-03-14 09:16:37.100,0.255,0.3695,10.2027
2026-03-14 09:16:37.110,-0.1068,0.2425,10.2677
2026-03-14 09:16:37.120,-0.2594,0.0653,10.1938
2026-03-14 09:16:37.130,0.0439,-0.0026,10.229
2026-03-14 09:16:37.140,-0.3037,0.4651,10.1754
2026-03-14 09:16:37.150,-0.8798,0.1812,10.2189
2026-03-14 09:16:37.160,-0.8357,0.0588,9.8414
2026-03-14 09:16:37.170,-0.6451,0.1222,9.9279
2026-03-14 09:16:37.180,-0.9816,0.0446,10.0959
2026-03-14 09:16:37.190,-0.8451,-0.0654,10.1213
2026-03-14 09:16:37.200,-1.3044,-0.4693,10.0389
2026-03-14 09:16:37.210,-1.1537,-0.679,10.244
2026-03-14 09:16:37.220,-1.4185,-0.7758,9.8228
2026-03-14 09:16:37.230,-1.2547,-0.8884,9.8088
2026-03-14 09:16:37.240,-1.464,-0.9242,9.516
2026-03-14 09:16:37.250,-1.5105,-1.2456,9.5379
2026-03-14 09:16:37.260,-1.6461,-1.5691,9.1717
2026-03-14 09:16:37.270,-1.6411,-1.3144,8.9288
2026-03-14 09:16:37.280,-1.5351,-0.9911,9.5915
2026-03-14 09:16:37.290,-1.1729,-1.1247,10.0141
2026-03-14 09:16:37.300,-1.2665,-0.892,9.9784
2026-03-14 09:16:37.310,-1.1354,-0.735,9.8247
2026-03-14 09:16:37.320,-0.7407,-0.7231,9.6526
2026-03-14 09:16:37.330,-0.8641,-0.5297,9.461
2026-03-14 09:16:37.340,-0.5306,-0.4225,9.349
2026-03-14 09:16:37.350,-0.1659,0.0537,9.5446
2026-03-14 09:16:37.360,0.2457,0.1013,9.8516
2026-03-14 09:16:37.370,0.1219,0.1201,10.4701
2026-03-14 09:16:37.380,0.5476,0.8438,10.1959
2026-03-14 09:16:37.390,0.4191,0.6846,10.1317
2026-03-14 09:16:37.400,0.8256,0.7119,10.3115
2026-03-14 09:16:37.410,1.2603,0.9032,9.8598
2026-03-14 09:16:37.420,1.0059,0.9691,9.5652
2026-03-14 09:16:37.430,1.0936,1.1533,10.0498
2026-03-14 09:16:37.440,1.0781,0.9585,9.7371
2026-03-14 09:16:37.450,1.2577,1.2844,10.0625
2026-03-14 09:16:37.460,1.425,1.0801,10.2594
2026-03-14 09:16:37.470,1.2058,0.9213,9.9234
2026-03-14 09:16:37.480,1.5799,0.5077,9.8343
2026-03-14 09:16:37.490,1.583,0.4125,9.9757
2026-03-14 09:16:37.500,1.1663,0.4346,9.5852
2026-03-14 09:16:37.510,1.2593,0.1188,9.801
2026-03-14 09:16:37.520,1.1113,0.4657,9.062
2026-03-14 09:16:37.530,1.1659,0.1674,9.3775
2026-03-14 09:16:37.540,1.4571,-0.0666,9.0801
2026-03-14 09:16:37.550,1.0096,-0.0585,9.284
2026-03-14 09:16:37.560,0.8977,-0.0201,9.927
2026-03-14 09:16:37.570,0.6439,-0.1878,9.4827
2026-03-14 09:16:37.580,0.3941,-0.0013,10.1278
2026-03-14 09:16:37.590,0.52,-0.0295,9.9479
2026-03-14 09:16:37.600,0.656,0.1696,9.5306
2026-03-14 09:16:37.610,0.5463,0.2198,9.7996
2026-03-14 09:16:37.620,0.4207,-0.1404,9.4367
2026-03-14 09:16:37.630,0.1157,0.2492,9.9013
2026-03-14 09:16:37.640,0.0059,0.4138,
2026-03-14 09:16:37.650,-0.0578,0.1148,10.1879
2026-03-14 09:16:37.660,-0.3625,0.2284,10.272
2026-03-14 09:16:37.670,-0.47,0.1669,10.1722
2026-03-14 09:16:37.680,-0.5291,0.2747,10.2973
2026-03-14 09:16:37.690,-0.7533,0.1211,9.5623
2026-03-14 09:16:37.700,-1.0451,-0.0771,9.8006
2026-03-14 09:16:37.710,-1.096,-0.2484,9.4974
2026-03-14 09:16:37.720,-1.3554,-0.0426,10.0001
2026-03-14 09:16:37.730,-1.1108,-0.3654,10.1639
2026-03-14 09:16:37.740,-1.0499,-0.8243,9.8747
2026-03-14 09:16:37.750,-1.403,-0.7465,10.0087
2026-03-14 09:16:37.760,-1.4548,-0.8778,9.9743
2026-03-14 09:16:37.770,-1.6096,-1.0547,9.6667
2026-03-14 09:16:37.780,-1.4693,-1.0442,9.3068
2026-03-14 09:16:37.790,-1.4767,-1.1001,9.5989
2026-03-14 09:16:37.800,-1.6818,-1.3531,9.4063
2026-03-14 09:16:37.810,-1.3056,-1.2366,9.4312
2026-03-14 09:16:37.820,-1.5136,-0.9597,9.7883
2026-03-14 09:16:37.830,-0.9572,-1.4568,9.6746
2026-03-14 09:16:37.840,-1.0597,-1.0731,9.7071
2026-03-14 09:16:37.850,-1.0762,-1.0425,9.9049
2026-03-14 09:16:37.860,-0.4076,-0.552,9.8506
2026-03-14 09:16:37.870,-0.4513,-0.3529,9.6184
2026-03-14 09:16:37.880,-0.1383,-0.2886,9.9264
2026-03-14 09:16:37.890,-0.076,0.1665,9.7662
2026-03-14 09:16:37.900,0.3569,0.5018,
2026-03-14 09:16:37.910,0.3605,0.7476,9.7644
2026-03-14 09:16:37.920,0.721,0.4779,10.4312
2026-03-14 09:16:37.930,0.6431,1.0267,10.6178
2026-03-14 09:16:37.940,0.9617,0.8564,10.0022
2026-03-14 09:16:37.950,1.1314,1.2393,10.1371
2026-03-14 09:16:37.960,0.851,1.1687,10.0626
2026-03-14 09:16:37.970,1.3225,0.9813,9.7048
2026-03-14 09:16:37.980,1.5901,0.8919,9.6903
2026-03-14 09:16:37.990,1.1829,0.822,9.669
2026-03-14 09:16:38.000,1.5359,0.9883,9.8773
2026-03-14 09:16:38.010,1.2734,0.7097,9.6444
2026-03-14 09:16:38.020,1.1969,0.4342,9.9724
2026-03-14 09:16:38.030,1.4008,0.2094,9.868
2026-03-14 09:16:38.040,1.0583,0.2224,9.4325
2026-03-14 09:16:38.050,1.1917,-0.036,9.7587
2026-03-14 09:16:38.060,1.1026,-0.0305,9.2997
2026-03-14 09:16:38.070,1.3066,0.0203,9.5382
2026-03-14 09:16:38.080,0.7098,0.0285,9.1304
2026-03-14 09:16:38.090,1.0047,0.0673,9.7767
2026-03-14 09:16:38.100,0.7083,0.2775,9.4443
2026-03-14 09:16:38.110,0.5273,-0.1157,9.3791
2026-03-14 09:16:38.120,0.5372,-0.2441,9.9626
2026-03-14 09:16:38.130,0.1576,0.2908,10.0678
2026-03-14 09:16:38.140,0.1109,0.0925,10.1775
2026-03-14 09:16:38.150,0.2114,0.2169,9.7241
2026-03-14 09:16:38.160,0.146,-0.0147,9.8365
2026-03-14 09:16:38.170,-0.1267,0.2583,9.7125
2026-03-14 09:16:38.180,-0.0831,0.0458,10.1336
2026-03-14 09:16:38.190,-0.5528,0.3989,10.0861
2026-03-14 09:16:38.200,-0.1679,0.326,10.2546
2026-03-14 09:16:38.210,-0.7837,0.0987,10.148
2026-03-14 09:16:38.220,-0.6958,0.0418,10.1796
2026-03-14 09:16:38.230,-1.1997,-0.1651,10.0268
2026-03-14 09:16:38.240,-0.9522,-0.239,9.8841
2026-03-14 09:16:38.250,-1.2477,-0.2193,9.597
2026-03-14 09:16:38.260,-1.2071,-0.5837,9.4508
2026-03-14 09:16:38.270,-1.4872,-0.625,9.884
2026-03-14 09:16:38.280,-1.5479,-0.8141,9.9079
2026-03-14 09:16:38.290,-1.7428,-0.9007,9.7734
2026-03-14 09:16:38.300,-1.6107,-1.107,9.7851
2026-03-14 09:16:38.310,-1.4885,-0.9798,9.8845
2026-03-14 09:16:38.320,-1.3597,-1.1902,9.3929
2026-03-14 09:16:38.330,-1.5304,-1.0712,9.4894
2026-03-14 09:16:38.340,-1.2312,-0.7701,9.0115
2026-03-14 09:16:38.350,-1.1718,-1.1954,9.1055
2026-03-14 09:16:38.360,-1.125,-0.9599,9.1987
2026-03-14 09:16:38.370,-0.9259,-0.8718,9.6161
2026-03-14 09:16:38.380,-0.757,-0.6387,10.1018
2026-03-14 09:16:38.390,-0.5297,-0.2935,10.2888
2026-03-14 09:16:38.400,-0.4097,-0.5877,10.3574
2026-03-14 09:16:38.410,-0.043,0.1008,9.7772
2026-03-14 09:16:38.420,0.0922,0.3008,9.9036
2026-03-14 09:16:38.430,0.2028,0.3024,9.4575
2026-03-14 09:16:38.440,0.3226,0.6356,9.6371
2026-03-14 09:16:38.450,0.391,0.8957,10.0093
2026-03-14 09:16:38.460,0.9933,1.291,10.5575
2026-03-14 09:16:38.470,0.9729,1.0786,10.25
2026-03-14 09:16:38.480,1.1216,0.9544,10.3064
2026-03-14 09:16:38.490,1.2292,0.9993,10.0729
2026-03-14 09:16:38.500,1.3705,1.1057,9.9207
2026-03-14 09:16:38.510,1.4161,1.0723,9.8545
2026-03-14 09:16:38.520,,0.6502,9.7378
2026-03-14 09:16:38.530,1.4001,0.8114,9.7498
2026-03-14 09:16:38.540,1.1647,0.7732,9.7344
2026-03-14 09:16:38.550,1.0596,0.2556,9.7425
2026-03-14 09:16:38.560,1.3233,0.1932,9.5672
2026-03-14 09:16:38.570,0.7945,0.0214,9.7633
2026-03-14 09:16:38.580,1.108,0.0986,10.0982
2026-03-14 09:16:38.590,1.389,0.0272,9.726
2026-03-14 09:16:38.600,1.1768,0.1342,9.2042
2026-03-14 09:16:38.610,1.0355,-0.0104,9.3537
2026-03-14 09:16:38.620,0.5884,0.1556,9.3595
2026-03-14 09:16:38.630,0.7645,-0.1605,9.648
2026-03-14 09:16:38.640,0.6745,0.2332,9.6682
2026-03-14 09:16:38.650,0.4139,0.0735,9.5781
2026-03-14 09:16:38.660,0.133,0.2536,9.9805
2026-03-14 09:16:38.670,0.1046,-0.0388,9.8052
2026-03-14 09:16:38.680,0.0154,0.2754,9.311
2026-03-14 09:16:38.690,-0.3228,0.2933,9.8931
2026-03-14 09:16:38.700,-0.1673,0.2918,9.5766
2026-03-14 09:16:38.710,-0.222,0.5211,9.7693
2026-03-14 09:16:38.720,-0.4868,0.298,9.8267
2026-03-14 09:16:38.730,-0.2595,0.4637,10.0966
2026-03-14 09:16:38.740,-0.6118,0.1813,10.1508
2026-03-14 09:16:38.750,-0.8788,0.1186,10.0201
2026-03-14 09:16:38.760,-1.0541,-0.3134,10.0846
2026-03-14 09:16:38.770,-1.1393,-0.4023,9.9007
2026-03-14 09:16:38.780,-1.1387,-0.4922,9.7621
2026-03-14 09:16:38.790,-0.9387,-0.589,9.7701
2026-03-14 09:16:38.800,-1.2116,-0.6967,9.291
2026-03-14 09:16:38.810,-1.2377,-0.5961,9.7725
2026-03-14 09:16:38.820,-1.5039,-0.9548,9.409
2026-03-14 09:16:38.830,-1.6579,-0.7936,9.5043
2026-03-14 09:16:38.840,-1.6332,-1.3653,9.7607
2026-03-14 09:16:38.850,-1.3861,-1.0726,
2026-03-14 09:16:38.860,-1.2485,-1.1206,9.8896
2026-03-14 09:16:38.870,-1.0171,-1.2155,9.7344
2026-03-14 09:16:38.880,-1.139,-1.101,9.2924
2026-03-14 09:16:38.890,-1.1277,-0.941,9.5882
2026-03-14 09:16:38.900,-0.901,-0.7835,9.8133
2026-03-14 09:16:38.910,-0.7649,-0.6508,9.3959
2026-03-14 09:16:38.920,-0.439,-0.1517,10.3823
2026-03-14 09:16:38.930,-0.0677,0.0862,10.3891
2026-03-14 09:16:38.940,0.019,0.4526,9.9273
2026-03-14 09:16:38.950,0.2701,0.3357,10.0402
2026-03-14 09:16:38.960,0.1689,0.4393,
2026-03-14 09:16:38.970,0.8994,0.5646,9.783
2026-03-14 09:16:38.980,0.6974,0.7619,9.8586
2026-03-14 09:16:38.990,0.7631,0.764,9.4961
2026-03-14 09:16:39.000,0.9011,1.1491,10.0412
2026-03-14 09:16:39.010,1.1078,1.0784,9.8604
2026-03-14 09:16:39.020,1.2404,1.1285,10.6172
2026-03-14 09:16:39.030,1.5401,0.993,10.4546
2026-03-14 09:16:39.040,1.6579,0.9799,10.1129
2026-03-14 09:16:39.050,1.3769,0.7851,9.4
2026-03-14 09:16:39.060,1.5312,0.6639,9.793
2026-03-14 09:16:39.070,,0.4255,9.3693
2026-03-14 09:16:39.080,1.3868,0.2752,9.9144
2026-03-14 09:16:39.090,1.2852,0.068,9.7606
2026-03-14 09:16:39.100,0.9879,0.0044,9.6776
2026-03-14 09:16:39.110,1.2574,0.0006,10.0719
2026-03-14 09:16:39.120,0.876,0.0476,9.5577
2026-03-14 09:16:39.130,1.0771,-0.25,9.6809
2026-03-14 09:16:39.140,1.0776,-0.0318,9.2291
2026-03-14 09:16:39.150,0.5434,-0.1073,9.4866
2026-03-14 09:16:39.160,0.727,-0.0813,9.5475
2026-03-14 09:16:39.170,0.4154,-0.1347,9.3607
2026-03-14 09:16:39.180,0.2637,0.0891,9.4005
2026-03-14 09:16:39.190,-0.0249,0.349,10.2489
2026-03-14 09:16:39.200,,0.2535,9.831
2026-03-14 09:16:39.210,-0.0309,0.2396,10.1315
2026-03-14 09:16:39.220,-0.2712,0.2858,10.1958
2026-03-14 09:16:39.230,-0.1993,0.2789,
2026-03-14 09:16:39.240,-0.299,0.0767,9.492
2026-03-14 09:16:39.250,-0.3696,0.4609,9.6053
2026-03-14 09:16:39.260,-0.8573,0.0287,9.7908
2026-03-14 09:16:39.270,-0.8354,0.2167,10.0979
2026-03-14 09:16:39.280,-1.1313,0.2832,10.2835
2026-03-14 09:16:39.290,-0.9875,-0.1093,10.4507
2026-03-14 09:16:39.300,-1.1204,-0.0853,10.2107
2026-03-14 09:16:39.310,-1.5182,-0.6377,10.2747
2026-03-14 09:16:39.320,-0.9877,-0.5974,9.9888
2026-03-14 09:16:39.330,-1.2509,-0.9406,9.5906
2026-03-14 09:16:39.340,-1.3665,-1.0463,9.1654
2026-03-14 09:16:39.350,-1.4948,-0.9338,9.4726
2026-03-14 09:16:39.360,-1.5063,-1.0806,9.3728
2026-03-14 09:16:39.370,-1.6378,,10.1037
2026-03-14 09:16:39.380,-1.4524,-1.3888,9.4497
2026-03-14 09:16:39.390,-1.2771,-0.9982,10.0391
2026-03-14 09:16:39.400,-1.2724,-1.3329,9.6111
2026-03-14 09:16:39.410,-0.9275,-0.9747,9.9511
2026-03-14 09:16:39.420,-0.9718,-0.9147,9.7287
2026-03-14 09:16:39.430,-0.8263,-0.5768,9.6319
2026-03-14 09:16:39.440,-0.514,-0.6989,9.8241
2026-03-14 09:16:39.450,-0.5033,-0.1626,9.5599
2026-03-14 09:16:39.460,-0.1049,-0.1449,9.7166
2026-03-14 09:16:39.470,-0.1651,-0.1164,9.894
2026-03-14 09:16:39.480,0.1569,0.4222,10.4064
2026-03-14 09:16:39.490,0.5681,0.4189,10.0229
2026-03-14 09:16:39.500,0.4853,0.7131,10.0737
2026-03-14 09:16:39.510,0.5248,0.609,9.8174
2026-03-14 09:16:39.520,0.831,0.7903,10.1339
2026-03-14 09:16:39.530,0.7338,1.082,9.7332
2026-03-14 09:16:39.540,1.1071,0.8738,9.9615
2026-03-14 09:16:39.550,1.3503,0.955,10.092
2026-03-14 09:16:39.560,1.109,1.0688,10.185
2026-03-14 09:16:39.570,1.489,0.8642,10.3416
2026-03-14 09:16:39.580,1.4854,0.8294,9.9236
2026-03-14 09:16:39.590,1.3272,0.8778,9.6341
2026-03-14 09:16:39.600,1.113,0.8203,9.5579
2026-03-14 09:16:39.610,1.0708,0.6544,9.3649
2026-03-14 09:16:39.620,1.2709,-0.0829,9.141
2026-03-14 09:16:39.630,0.9826,0.0397,9.4688
2026-03-14 09:16:39.640,0.9713,0.145,10.0384
2026-03-14 09:16:39.650,0.9488,-0.0133,10.0985
2026-03-14 09:16:39.660,1.0202,0.0418,9.666
2026-03-14 09:16:39.670,0.3935,0.0555,10.0566
2026-03-14 09:16:39.680,0.9869,-0.199,9.8323
2026-03-14 09:16:39.690,0.7288,0.1042,9.6534
2026-03-14 09:16:39.700,0.4772,-0.0096,9.3712
2026-03-14 09:16:39.710,0.5205,-0.0551,9.3546
2026-03-14 09:16:39.720,0.2062,-0.2223,9.7465
2026-03-14 09:16:39.730,0.0621,,9.6559
2026-03-14 09:16:39.740,0.0203,0.308,9.953
2026-03-14 09:16:39.750,-0.0613,0.1616,9.6699
2026-03-14 09:16:39.760,-0.3448,0.2954,10.003
2026-03-14 09:16:39.770,-0.406,0.3752,10.2576
2026-03-14 09:16:39.780,-0.3993,0.5791,9.8528
2026-03-14 09:16:39.790,-0.5883,0.1668,9.5721
2026-03-14 09:16:39.800,-0.9732,0.18,9.8212
2026-03-14 09:16:39.810,-1.0064,-0.1834,10.046
2026-03-14 09:16:39.820,-0.862,-0.1378,9.9623
2026-03-14 09:16:39.830,-1.2936,-0.2652,10.1725
2026-03-14 09:16:39.840,-1.0913,-0.5739,10.2715
2026-03-14 09:16:39.850,-0.9497,-0.8803,10.0947
2026-03-14 09:16:39.860,-1.5047,-0.8957,9.7577
2026-03-14 09:16:39.870,-1.5649,-0.8732,9.7519
2026-03-14 09:16:39.880,-1.6979,-1.2394,9.4341
2026-03-14 09:16:39.890,-1.3352,-1.0794,9.4157
2026-03-14 09:16:39.900,-1.864,-1.3104,9.563
2026-03-14 09:16:39.910,-1.3064,-1.1762,9.8829
2026-03-14 09:16:39.920,-1.2913,-1.1552,9.7041
2026-03-14 09:16:39.930,-1.4014,-0.7897,9.9479
2026-03-14 09:16:39.940,-1.0907,-0.6517,9.9288
2026-03-14 09:16:39.950,-0.8141,-0.826,9.8857
2026-03-14 09:16:39.960,-0.7279,-0.631,9.9576
2026-03-14 09:16:39.970,-0.3153,-0.2373,9.244
2026-03-14 09:16:39.980,-0.486,-0.3473,9.4399
2026-03-14 09:16:39.990,-0.3018,0.018,9.7006
2026-03-14 09:16:40.000,-0.1049,0.306,10.2968
2026-03-14 09:16:40.010,0.4286,0.34,10.1676
2026-03-14 09:16:40.020,0.3267,0.5025,10.5298
2026-03-14 09:16:40.030,0.5453,0.9871,10.153
2026-03-14 09:16:40.040,0.7111,0.8788,10.2156
2026-03-14 09:16:40.050,1.0151,0.9071,10.2525
2026-03-14 09:16:40.060,0.904,1.2262,9.4733
2026-03-14 09:16:40.070,0.9312,0.9502,9.7273
2026-03-14 09:16:40.080,1.2649,1.0377,9.446
2026-03-14 09:16:40.090,1.2417,0.7738,10.0906
2026-03-14 09:16:40.100,1.0699,0.7974,9.7089
2026-03-14 09:16:40.110,1.3107,0.9774,10.1291
2026-03-14 09:16:40.120,1.4849,0.4874,9.9917
2026-03-14 09:16:40.130,1.1471,0.1845,9.856
2026-03-14 09:16:40.140,1.1961,0.4588,9.4938
2026-03-14 09:16:40.150,1.2981,0.5645,9.485
2026-03-14 09:16:40.160,1.1147,0.2938,9.5317
2026-03-14 09:16:40.170,1.2825,0.0828,9.1767
2026-03-14 09:16:40.180,1.0595,-0.3367,9.5638
2026-03-14 09:16:40.190,0.9359,-0.0347,9.7263
2026-03-14 09:16:40.200,0.6644,-0.1127,9.8513
2026-03-14 09:16:40.210,0.5545,0.0501,9.8338
2026-03-14 09:16:40.220,0.5381,-0.268,9.7882
2026-03-14 09:16:40.230,0.3954,0.1523,10.2252
2026-03-14 09:16:40.240,0.4092,0.2805,9.419
2026-03-14 09:16:40.250,0.4633,0.0052,9.7213
2026-03-14 09:16:40.260,0.1396,0.1645,9.8983
2026-03-14 09:16:40.270,-0.2564,0.1272,10.0403
2026-03-14 09:16:40.280,-0.1649,0.0597,9.9919
2026-03-14 09:16:40.290,-0.49,0.1478,10.1259
2026-03-14 09:16:40.300,-0.3217,0.1483,10.5829
2026-03-14 09:16:40.310,-0.5988,0.5201,10.6466
2026-03-14 09:16:40.320,-0.685,0.1439,9.683
2026-03-14 09:16:40.330,-0.9321,0.358,9.8025
2026-03-14 09:16:40.340,-0.9645,-0.1892,9.6431
2026-03-14 09:16:40.350,-1.2514,-0.1256,9.8949
2026-03-14 09:16:40.360,-1.0699,-0.6416,9.5182
2026-03-14 09:16:40.370,-1.5534,-0.7248,9.971
2026-03-14 09:16:40.380,-1.2831,-0.4711,10.0299
2026-03-14 09:16:40.390,-1.3841,-0.7174,9.9504
2026-03-14 09:16:40.400,-1.5364,-1.0286,9.8448
2026-03-14 09:16:40.410,-1.5257,-0.9205,9.7312
2026-03-14 09:16:40.420,-1.3981,-1.2643,9.6039
2026-03-14 09:16:40.430,-1.5215,-1.0958,9.6608
2026-03-14 09:16:40.440,-1.4511,-1.1056,9.1889
2026-03-14 09:16:40.450,-1.0838,-1.1896,9.5459
2026-03-14 09:16:40.460,-1.1677,-0.9541,9.7482
2026-03-14 09:16:40.470,-1.1073,-1.0375,9.8158
2026-03-14 09:16:40.480,-0.9536,-0.473,9.7789
2026-03-14 09:16:40.490,-0.6849,-0.5514,9.6701
2026-03-14 09:16:40.500,-0.5344,-0.3598,9.635
2026-03-14 09:16:40.510,-0.2748,-0.1199,9.5537
2026-03-14 09:16:40.520,0.186,0.0321,9.5991
2026-03-14 09:16:40.530,-0.0217,0.4781,
2026-03-14 09:16:40.540,0.2017,0.3011,9.6348
2026-03-14 09:16:40.550,0.855,0.7871,10.304
2026-03-14 09:16:40.560,0.7589,1.0302,10.7848
2026-03-14 09:16:40.570,0.8424,0.8891,10.168
2026-03-14 09:16:40.580,0.9993,1.2073,10.4511
2026-03-14 09:16:40.590,0.9423,1.095,10.0156
2026-03-14 09:16:40.600,1.1541,1.0557,10.3003
2026-03-14 09:16:40.610,1.2966,1.1427,9.7748
2026-03-14 09:16:40.620,1.6712,0.7735,9.6935
2026-03-14 09:16:40.630,1.3025,0.8015,9.4431
2026-03-14 09:16:40.640,1.5476,0.6807,9.991
2026-03-14 09:16:40.650,1.3537,0.3423,9.8595
2026-03-14 09:16:40.660,1.3495,0.5077,10.1985
2026-03-14 09:16:40.670,1.1601,0.1593,9.9911
2026-03-14 09:16:40.680,1.0239,0.124,9.7051
2026-03-14 09:16:40.690,0.9432,0.1385,9.5085
2026-03-14 09:16:40.700,1.0721,0.3296,9.0476
2026-03-14 09:16:40.710,0.7022,-0.1384,9.507
2026-03-14 09:16:40.720,0.8216,-0.0759,9.7264
2026-03-14 09:16:40.730,0.7609,-0.129,9.8027
2026-03-14 09:16:40.740,0.5941,0.0943,9.6672
2026-03-14 09:16:40.750,0.5622,0.2242,10.0962
2026-03-14 09:16:40.760,0.4042,-0.1204,9.4216
2026-03-14 09:16:40.770,0.5231,0.1915,
2026-03-14 09:16:40.780,0.0799,0.1749,9.91
2026-03-14 09:16:40.790,-0.0962,0.4823,9.7048
2026-03-14 09:16:40.800,-0.0487,0.0381,9.8102
2026-03-14 09:16:40.810,-0.2124,0.1221,9.7879
2026-03-14 09:16:40.820,-0.2699,0.2257,10.0157
2026-03-14 09:16:40.830,-0.2705,0.3881,10.446
2026-03-14 09:16:40.840,-0.6366,0.3434,10.1316
2026-03-14 09:16:40.850,-0.8037,-0.0145,10.0904
2026-03-14 09:16:40.860,-1.0346,0.0348,9.7988
2026-03-14 09:16:40.870,-0.9709,-0.2479,9.7902
2026-03-14 09:16:40.880,-1.2824,-0.1791,9.6087
2026-03-14 09:16:40.890,-1.0653,-0.4423,9.5856
2026-03-14 09:16:40.900,-1.3324,-0.6875,9.5313
2026-03-14 09:16:40.910,-1.769,-1.0625,9.5713
2026-03-14 09:16:40.920,-1.4141,-1.0817,10.0392
2026-03-14 09:16:40.930,-1.506,-1.0908,10.1197
2026-03-14 09:16:40.940,-1.7256,-0.9294,10.0272
2026-03-14 09:16:40.950,-1.4804,-1.2045,9.6753
2026-03-14 09:16:40.960,-1.7025,-1.0705,9.1852
2026-03-14 09:16:40.970,-1.3307,-1.2194,9.7412
2026-03-14 09:16:40.980,-1.0381,-0.9204,9.3156
2026-03-14 09:16:40.990,-1.0965,-1.3671,9.4744
2026-03-14 09:16:41.000,-1.2608,-0.8782,9.8005
2026-03-14 09:16:41.010,-0.9299,-0.5415,9.9651
2026-03-14 09:16:41.020,-0.4195,-0.7906,10.0407
2026-03-14 09:16:41.030,-0.3192,-0.3889,10.2949
2026-03-14 09:16:41.040,-0.435,-0.1955,9.6808
2026-03-14 09:16:41.050,-0.0553,0.2605,9.9398
2026-03-14 09:16:41.060,-0.0449,0.6293,9.516
2026-03-14 09:16:41.070,0.2948,0.5735,9.5185
2026-03-14 09:16:41.080,0.4819,1.1629,9.7948
2026-03-14 09:16:41.090,0.8072,0.746,10.2282
2026-03-14 09:16:41.100,0.9956,0.6996,9.8187
2026-03-14 09:16:41.110,1.0823,1.0915,9.9363
2026-03-14 09:16:41.120,1.3344,0.9458,10.3038
2026-03-14 09:16:41.130,1.4154,0.8794,10.0802
2026-03-14 09:16:41.140,1.3046,0.7447,9.933
2026-03-14 09:16:41.150,1.1769,1.0869,9.888
2026-03-14 09:16:41.160,1.3109,0.9942,9.5185
2026-03-14 09:16:41.170,1.4795,0.4987,9.5149
2026-03-14 09:16:41.180,1.2615,0.6219,9.5157
2026-03-14 09:16:41.190,1.3078,0.3515,9.7476
2026-03-14 09:16:41.200,1.3054,0.1539,9.7887
2026-03-14 09:16:41.210,1.3045,0.1426,10.1452
2026-03-14 09:16:41.220,1.2381,-0.0964,9.5544
2026-03-14 09:16:41.230,1.1375,0.0834,9.6288
2026-03-14 09:16:41.240,1.1565,-0.0559,9.4486
2026-03-14 09:16:41.250,0.9074,-0.1809,9.1281
2026-03-14 09:16:41.260,0.8885,-0.2794,
2026-03-14 09:16:41.270,0.545,-0.0001,10.0007
2026-03-14 09:16:41.280,0.3828,0.2113,9.7062
2026-03-14 09:16:41.290,0.3876,0.2671,9.6909
2026-03-14 09:16:41.300,0.1925,0.1397,10.1157
2026-03-14 09:16:41.310,0.0464,0.2199,10.3509
2026-03-14 09:16:41.320,0.0836,0.2193,
2026-03-14 09:16:41.330,-0.0901,0.2153,9.5569
2026-03-14 09:16:41.340,-0.3244,0.0174,9.1465
2026-03-14 09:16:41.350,-0.327,0.3279,9.61
2026-03-14 09:16:41.360,-0.4293,-0.1269,10.1886
2026-03-14 09:16:41.370,-0.6078,0.0796,10.0284
2026-03-14 09:16:41.380,-0.4556,0.2319,10.2893
2026-03-14 09:16:41.390,-1.2293,-0.1224,10.3957
2026-03-14 09:16:41.400,-1.1203,-0.2452,10.1364
2026-03-14 09:16:41.410,-1.3581,-0.4115,9.9141
2026-03-14 09:16:41.420,-0.8815,-0.411,9.7468
2026-03-14 09:16:41.430,-1.2904,-0.831,9.4061
2026-03-14 09:16:41.440,-1.3572,-0.7728,9.5785
2026-03-14 09:16:41.450,-1.4416,-0.9052,9.2445
2026-03-14 09:16:41.460,-1.5749,-1.0989,9.6719
2026-03-14 09:16:41.470,-1.5255,-1.4217,9.6987
2026-03-14 09:16:41.480,-1.4494,-0.946,9.7629
2026-03-14 09:16:41.490,-1.3985,-1.1125,9.7136
2026-03-14 09:16:41.500,-1.0658,-1.1444,9.9125
2026-03-14 09:16:41.510,-1.1258,-1.0468,9.5196
2026-03-14 09:16:41.520,-1.189,-0.9351,9.4628
2026-03-14 09:16:41.530,-0.7083,-0.7646,9.4983
2026-03-14 09:16:41.540,-0.5571,-0.526,9.7114
2026-03-14 09:16:41.550,-0.3906,-0.4639,9.8621
2026-03-14 09:16:41.560,-0.3615,-0.4494,9.8409
2026-03-14 09:16:41.570,0.0099,0.1729,10.2677
2026-03-14 09:16:41.580,0.1318,0.1893,10.1423
2026-03-14 09:16:41.590,0.5098,0.4096,10.1053
2026-03-14 09:16:41.600,0.4671,0.5378,9.9861
2026-03-14 09:16:41.610,0.5772,0.655,9.6809
2026-03-14 09:16:41.620,1.146,0.7832,9.8987
2026-03-14 09:16:41.630,0.9332,1.0067,9.7707
2026-03-14 09:16:41.640,1.3318,0.9097,9.7191
2026-03-14 09:16:41.650,0.7676,1.3446,9.8507
2026-03-14 09:16:41.660,1.003,1.0732,10.1959
2026-03-14 09:16:41.670,1.5791,0.9548,10.4032
2026-03-14 09:16:41.680,1.2462,0.9215,9.8843
2026-03-14 09:16:41.690,1.4439,0.5249,9.6275
2026-03-14 09:16:41.700,1.4056,0.2214,9.3331
2026-03-14 09:16:41.710,1.405,0.7624,9.665
2026-03-14 09:16:41.720,1.1854,0.1736,9.595
2026-03-14 09:16:41.730,1.2998,0.1912,9.6921
2026-03-14 09:16:41.740,1.0545,0.2279,9.6191
2026-03-14 09:16:41.750,0.9151,0.1914,10.0538
2026-03-14 09:16:41.760,0.9925,-0.1261,9.8041
2026-03-14 09:16:41.770,0.8619,-0.1257,9.662
2026-03-14 09:16:41.780,0.8527,-0.0557,9.7301
2026-03-14 09:16:41.790,0.8826,-0.0916,9.2868
2026-03-14 09:16:41.800,0.233,-0.3711,9.2178
2026-03-14 09:16:41.810,0.2406,-0.3105,9.9759
2026-03-14 09:16:41.820,0.3795,0.0912,10.0657
2026-03-14 09:16:41.830,0.5848,,10.0138
2026-03-14 09:16:41.840,0.1185,0.1218,10.1572
2026-03-14 09:16:41.850,0.0781,0.5908,9.9689
2026-03-14 09:16:41.860,-0.0391,-0.0838,9.8027
2026-03-14 09:16:41.870,,0.1582,9.8003
2026-03-14 09:16:41.880,-0.5136,0.2654,10.1409
2026-03-14 09:16:41.890,-0.5841,0.3434,9.2914
2026-03-14 09:16:41.900,-1.1019,0.2221,9.4845
2026-03-14 09:16:41.910,-0.6644,-0.0192,9.979
2026-03-14 09:16:41.920,-0.9926,-0.237,10.0373
2026-03-14 09:16:41.930,-1.0901,-0.0885,10.3741
2026-03-14 09:16:41.940,-1.4854,-0.4893,10.336
2026-03-14 09:16:41.950,-1.2472,-0.5022,10.1751
2026-03-14 09:16:41.960,-1.5607,-0.6179,9.9298
2026-03-14 09:16:41.970,-1.8589,-0.8399,9.6095
2026-03-14 09:16:41.980,-1.7625,-0.9143,9.3263
2026-03-14 09:16:41.990,-1.3581,-1.0839,9.7903
2026-03-14 09:16:42.000,-1.3655,-1.2007,9.8852
2026-03-14 09:16:42.010,-1.5322,-0.9817,9.556
2026-03-14 09:16:42.020,-1.2897,-0.978,10.0496
2026-03-14 09:16:42.030,-1.1154,-1.1266,9.9923
2026-03-14 09:16:42.040,-1.3022,-1.2193,9.642
2026-03-14 09:16:42.050,-0.6278,-0.9234,9.6698
2026-03-14 09:16:42.060,-0.8581,-0.8341,9.468
2026-03-14 09:16:42.070,-0.595,-0.4051,9.3146
2026-03-14 09:16:42.080,-0.3816,-0.4837,9.5028
2026-03-14 09:16:42.090,-0.3598,0.0683,9.8224
2026-03-14 09:16:42.100,0.0546,0.4313,10.0351
2026-03-14 09:16:42.110,0.0397,0.229,10.2214
2026-03-14 09:16:42.120,0.2875,0.538,10.1955
2026-03-14 09:16:42.130,,0.5799,9.9493
2026-03-14 09:16:42.140,0.557,0.7875,10.3389
2026-03-14 09:16:42.150,0.7895,0.8899,9.7807
2026-03-14 09:16:42.160,0.8652,0.9919,9.5141
2026-03-14 09:16:42.170,0.9097,1.0193,9.6512
2026-03-14 09:16:42.180,1.3533,1.0437,9.711
2026-03-14 09:16:42.190,1.4023,1.2198,10.2484
2026-03-14 09:16:42.200,1.5438,0.6773,10.1677
2026-03-14 09:16:42.210,1.3922,0.9314,10.0957
2026-03-14 09:16:42.220,1.2842,0.8598,9.6584
2026-03-14 09:16:42.230,1.4147,0.4422,9.6724
2026-03-14 09:16:42.240,1.2451,0.5127,9.4276
2026-03-14 09:16:42.250,1.2676,,9.5729
2026-03-14 09:16:42.260,0.9335,0.2847,9.3469
2026-03-14 09:16:42.270,1.3439,0.253,9.6112
2026-03-14 09:16:42.280,1.1275,0.2788,9.8068
2026-03-14 09:16:42.290,1.0323,-0.0714,9.5747
2026-03-14 09:16:42.300,0.548,-0.2513,9.6066
2026-03-14 09:16:42.310,0.7434,-0.0909,9.5133
2026-03-14 09:16:42.320,0.6912,0.0469,9.3873
2026-03-14 09:16:42.330,0.1885,-0.278,10.0004
2026-03-14 09:16:42.340,0.3421,0.0842,9.4144
2026-03-14 09:16:42.350,0.2206,-0.3453,9.7493
2026-03-14 09:16:42.360,-0.0187,0.0294,9.8218
2026-03-14 09:16:42.370,-0.1655,,10.0272
2026-03-14 09:16:42.380,-0.0055,0.3092,10.0581
2026-03-14 09:16:42.390,-0.3667,0.2889,10.3664
2026-03-14 09:16:42.400,-0.2977,0.5198,10.4215
2026-03-14 09:16:42.410,-0.4412,0.1712,10.0693
2026-03-14 09:16:42.420,-0.4196,-0.008,9.8984
2026-03-14 09:16:42.430,-1.0621,0.0909,9.6349
2026-03-14 09:16:42.440,-0.922,-0.1869,9.7848
2026-03-14 09:16:42.450,-0.7842,-0.2687,9.8611
2026-03-14 09:16:42.460,-1.2487,-0.5914,10.2601
2026-03-14 09:16:42.470,-1.221,-0.4543,10.403
2026-03-14 09:16:42.480,-1.4341,-0.8031,9.6891
2026-03-14 09:16:42.490,-1.1863,-0.6638,9.6988
2026-03-14 09:16:42.500,-1.2764,-0.7158,9.2776
2026-03-14 09:16:42.510,-1.5683,-1.1039,9.5908
2026-03-14 09:16:42.520,-1.1377,-1.1583,9.2574
2026-03-14 09:16:42.530,-1.5381,-1.3277,9.2817
2026-03-14 09:16:42.540,-1.5114,-1.0359,9.5215
2026-03-14 09:16:42.550,-1.2422,-1.4168,9.7428
2026-03-14 09:16:42.560,-1.349,-1.2496,9.4075
2026-03-14 09:16:42.570,-1.2339,-0.8088,10.0171
2026-03-14 09:16:42.580,-0.8885,-0.6964,9.8112
2026-03-14 09:16:42.590,-0.454,-0.7795,9.8759
2026-03-14 09:16:42.600,-0.8051,-0.6034,9.5222
2026-03-14 09:16:42.610,-0.3845,-0.1507,9.593
2026-03-14 09:16:42.620,-0.4043,-0.0989,9.8798
2026-03-14 09:16:42.630,0.3016,0.0771,9.7958
2026-03-14 09:16:42.640,0.3083,0.5057,9.9352
2026-03-14 09:16:42.650,0.6439,0.8992,10.2729
2026-03-14 09:16:42.660,0.9439,0.5357,10.3269
2026-03-14 09:16:42.670,0.8627,1.0235,10.3114
2026-03-14 09:16:42.680,0.8098,0.7435,9.9647
2026-03-14 09:16:42.690,1.2683,1.0154,9.7033
2026-03-14 09:16:42.700,1.1509,0.7415,9.6659
2026-03-14 09:16:42.710,1.1472,1.3005,9.498
2026-03-14 09:16:42.720,1.4266,1.0589,10.1632
2026-03-14 09:16:42.730,1.5622,0.8318,10.3554
2026-03-14 09:16:42.740,1.3082,0.7704,9.7524
2026-03-14 09:16:42.750,1.4391,0.5846,10.0324
2026-03-14 09:16:42.760,1.2299,0.6152,9.9393
2026-03-14 09:16:42.770,1.389,0.3266,9.6593
2026-03-14 09:16:42.780,1.3206,0.063,9.4355
2026-03-14 09:16:42.790,1.3672,0.0387,9.2177
2026-03-14 09:16:42.800,1.0377,-0.1015,9.4308
2026-03-14 09:16:42.810,1.0314,-0.0419,9.1933
2026-03-14 09:16:42.820,0.9639,-0.0992,9.8499
2026-03-14 09:16:42.830,0.8213,0.1625,9.8624
2026-03-14 09:16:42.840,0.7185,-0.1484,10.0651
2026-03-14 09:16:42.850,0.6424,0.1516,9.8135
2026-03-14 09:16:42.860,0.326,0.0301,9.5287
2026-03-14 09:16:42.870,0.3456,0.1703,9.8273
2026-03-14 09:16:42.880,0.3213,0.2608,9.5522
2026-03-14 09:16:42.890,-0.0168,0.2176,
2026-03-14 09:16:42.900,-0.0587,0.3075,9.8258
2026-03-14 09:16:42.910,-0.198,0.2921,10.1797
2026-03-14 09:16:42.920,-0.3502,,10.0459
2026-03-14 09:16:42.930,-0.3347,0.2618,9.9774
2026-03-14 09:16:42.940,-0.7163,0.4366,10.3437
2026-03-14 09:16:42.950,-0.7042,0.1274,9.997
2026-03-14 09:16:42.960,-0.6015,0.1023,10.2313
2026-03-14 09:16:42.970,-1.0961,-0.0178,9.9779
2026-03-14 09:16:42.980,-1.1196,-0.3791,9.8703
2026-03-14 09:16:42.990,-1.2201,-0.5841,9.7716
2026-03-14 09:16:43.000,-1.469,-0.491,9.6796
2026-03-14 09:16:43.010,-1.4737,-0.8409,10.0444
2026-03-14 09:16:43.020,-1.4917,-1.1036,10.4172
2026-03-14 09:16:43.030,-1.5012,-0.9314,10.1527
2026-03-14 09:16:43.040,-1.5139,-1.2531,9.7253
2026-03-14 09:16:43.050,-1.2604,-1.203,9.6966
2026-03-14 09:16:43.060,-1.4558,-1.1337,9.3163
2026-03-14 09:16:43.070,-1.3021,-0.8974,9.1723
2026-03-14 09:16:43.080,-1.1851,-1.1071,9.5085
2026-03-14 09:16:43.090,-1.1305,-0.7007,9.5687
2026-03-14 09:16:43.100,-0.9713,-0.9802,9.8989
2026-03-14 09:16:43.110,-0.9668,-0.8766,10.0028
2026-03-14 09:16:43.120,-0.6155,-0.5222,10.1034
2026-03-14 09:16:43.130,-0.5149,-0.5564,9.9577
2026-03-14 09:16:43.140,-0.1649,-0.0062,9.7811
2026-03-14 09:16:43.150,0.0144,0.0689,10.0796
2026-03-14 09:16:43.160,0.1906,0.3578,9.3916
2026-03-14 09:16:43.170,0.5074,0.4923,9.3251
2026-03-14 09:16:43.180,0.5158,0.6093,10.0852
2026-03-14 09:16:43.190,0.5659,0.7265,10.431
2026-03-14 09:16:43.200,1.0179,0.9604,10.5289
2026-03-14 09:16:43.210,1.0146,1.209,10.144
2026-03-14 09:16:43.220,1.2811,1.045,9.875
2026-03-14 09:16:43.230,1.1658,1.0853,10.0247
2026-03-14 09:16:43.240,1.2424,1.1969,9.7824
2026-03-14 09:16:43.250,1.2264,1.1082,9.5421
2026-03-14 09:16:43.260,1.4154,0.5766,9.4885
2026-03-14 09:16:43.270,1.2698,0.3173,9.9778
2026-03-14 09:16:43.280,1.4082,0.4555,9.9048
2026-03-14 09:16:43.290,1.2201,0.6369,10.0092
2026-03-14 09:16:43.300,1.4932,0.3207,9.8079
2026-03-14 09:16:43.310,1.1349,0.4774,9.4944
2026-03-14 09:16:43.320,1.0984,0.3278,9.6224
2026-03-14 09:16:43.330,1.1803,0.0606,9.3948
2026-03-14 09:16:43.340,0.9087,0.0087,9.222
2026-03-14 09:16:43.350,0.785,-0.4229,9.2852
2026-03-14 09:16:43.360,0.6001,0.224,9.6823
2026-03-14 09:16:43.370,,-0.0632,9.5475
2026-03-14 09:16:43.380,0.4836,0.1889,10.1719
2026-03-14 09:16:43.390,0.8678,0.1326,9.7891
2026-03-14 09:16:43.400,0.4517,0.2179,9.8166
2026-03-14 09:16:43.410,0.4443,0.2709,9.6026
2026-03-14 09:16:43.420,0.0598,0.0929,9.7279
2026-03-14 09:16:43.430,0.2538,0.446,9.4272
2026-03-14 09:16:43.440,-0.4867,0.3409,9.7824
2026-03-14 09:16:43.450,-0.4671,0.1862,9.9237
2026-03-14 09:16:43.460,-0.3011,0.3874,10.3856
2026-03-14 09:16:43.470,-0.8167,0.0411,10.114
2026-03-14 09:16:43.480,-0.8607,0.0895,10.4839
2026-03-14 09:16:43.490,-0.7872,0.0933,10.2086
2026-03-14 09:16:43.500,-1.0166,-0.4014,10.155
2026-03-14 09:16:43.510,-1.1507,-0.3921,9.8974
2026-03-14 09:16:43.520,-1.3311,-0.4421,9.7881
2026-03-14 09:16:43.530,-1.4288,-0.8591,9.6618
2026-03-14 09:16:43.540,-1.4651,-0.8202,
2026-03-14 09:16:43.550,-1.4213,-0.9618,9.7678
2026-03-14 09:16:43.560,-1.4989,-1.2688,9.4639
2026-03-14 09:16:43.570,-1.2535,-1.1628,10.0459
2026-03-14 09:16:43.580,-1.5809,-1.3037,9.9698
2026-03-14 09:16:43.590,-1.4111,-1.2669,9.7176
2026-03-14 09:16:43.600,-1.2198,-1.2304,9.7402
2026-03-14 09:16:43.610,-1.1838,-1.262,9.53
2026-03-14 09:16:43.620,-1.2489,-1.0259,9.3765
2026-03-14 09:16:43.630,,-0.9657,9.6987
2026-03-14 09:16:43.640,-1.0026,-0.9286,9.3943
2026-03-14 09:16:43.650,-0.6876,-0.4949,9.8515
2026-03-14 09:16:43.660,-0.4396,-0.3272,10.3894
2026-03-14 09:16:43.670,-0.416,0.021,10.1331
2026-03-14 09:16:43.680,-0.0922,-0.0522,9.9495
2026-03-14 09:16:43.690,0.4294,0.2449,9.7393
2026-03-14 09:16:43.700,0.2908,0.6187,9.7574
2026-03-14 09:16:43.710,0.7568,0.9113,9.8214
2026-03-14 09:16:43.720,0.6368,1.0184,9.9488
2026-03-14 09:16:43.730,0.5467,1.112,10.2008
2026-03-14 09:16:43.740,0.8059,1.0471,9.9415
2026-03-14 09:16:43.750,1.2021,0.9825,10.3854
2026-03-14 09:16:43.760,1.1571,1.0835,10.4147
2026-03-14 09:16:43.770,1.4283,0.7789,10.0641
2026-03-14 09:16:43.780,1.3872,0.9835,9.6801
2026-03-14 09:16:43.790,1.2715,1.1877,9.6916
2026-03-14 09:16:43.800,1.3876,0.4978,9.5324
2026-03-14 09:16:43.810,1.4505,0.6244,9.5657
2026-03-14 09:16:43.820,1.1874,0.3083,9.6546
2026-03-14 09:16:43.830,1.0045,0.3225,10.0944
2026-03-14 09:16:43.840,1.4018,0.0763,10.0549
2026-03-14 09:16:43.850,1.3736,0.1004,9.891
2026-03-14 09:16:43.860,1.2062,-0.2514,9.7117
2026-03-14 09:16:43.870,0.9994,0.1988,9.5176
2026-03-14 09:16:43.880,0.8691,0.1744,9.2715
2026-03-14 09:16:43.890,1.1855,-0.0419,
2026-03-14 09:16:43.900,0.1844,-0.0117,9.5338
2026-03-14 09:16:43.910,0.2954,-0.1513,
2026-03-14 09:16:43.920,0.4198,0.0158,9.8475
2026-03-14 09:16:43.930,0.2233,0.2822,10.2678
2026-03-14 09:16:43.940,0.0982,0.4268,10.3602
2026-03-14 09:16:43.950,0.0759,0.2468,9.8266
2026-03-14 09:16:43.960,-0.0902,,9.827
2026-03-14 09:16:43.970,-0.1832,0.296,9.7851
2026-03-14 09:16:43.980,-0.6261,0.3068,10.0669
2026-03-14 09:16:43.990,,0.3293,9.677
2026-03-14 09:16:44.000,-0.8568,0.1279,10.2447
2026-03-14 09:16:44.010,-0.8562,-0.0631,10.3593
2026-03-14 09:16:44.020,-0.7883,0.2954,10.0485
2026-03-14 09:16:44.030,-1.1988,-0.3554,10.286
2026-03-14 09:16:44.040,-1.1899,-0.3044,10.0541
2026-03-14 09:16:44.050,-1.1416,-0.353,9.9997
2026-03-14 09:16:44.060,-1.2573,-0.5803,9.5699
2026-03-14 09:16:44.070,-1.3871,-0.9632,9.4495
2026-03-14 09:16:44.080,-1.5226,-0.9542,9.4845
2026-03-14 09:16:44.090,,-1.311,9.5184
2026-03-14 09:16:44.100,-1.5023,-1.0297,9.7053
2026-03-14 09:16:44.110,-1.2856,-0.9158,9.7192
2026-03-14 09:16:44.120,-1.5834,-1.3261,9.5664
2026-03-14 09:16:44.130,-1.1687,-1.2406,9.8239
2026-03-14 09:16:44.140,-1.3457,-1.1318,9.4577
2026-03-14 09:16:44.150,-1.0989,-0.9491,9.5956
2026-03-14 09:16:44.160,-0.8616,-1.167,
2026-03-14 09:16:44.170,-0.8093,-0.8035,9.7041
2026-03-14 09:16:44.180,-0.735,-0.4839,9.4971
2026-03-14 09:16:44.190,-0.5548,-0.1457,10.0147
2026-03-14 09:16:44.200,-0.3433,-0.1251,9.9649
2026-03-14 09:16:44.210,0.1804,0.4278,10.1429
2026-03-14 09:16:44.220,-0.0002,0.5718,9.9627
2026-03-14 09:16:44.230,0.317,0.5147,10.2832
2026-03-14 09:16:44.240,0.7627,0.6711,9.8715
2026-03-14 09:16:44.250,0.8614,0.7258,9.4678
2026-03-14 09:16:44.260,0.8616,1.1633,10.2181
2026-03-14 09:16:44.270,0.9681,0.9655,10.0392
2026-03-14 09:16:44.280,1.0998,1.1526,9.9239
2026-03-14 09:16:44.290,1.1318,1.1317,10.2029
2026-03-14 09:16:44.300,1.3182,0.8215,10.1287
2026-03-14 09:16:44.310,1.2487,0.9119,10.0305
2026-03-14 09:16:44.320,1.2483,0.7416,9.817
2026-03-14 09:16:44.330,1.2368,0.4656,9.8095
2026-03-14 09:16:44.340,1.2476,0.3076,9.6146
2026-03-14 09:16:44.350,1.2818,0.2323,9.2298
2026-03-14 09:16:44.360,1.2361,-0.0711,9.765
2026-03-14 09:16:44.370,0.9839,0.0139,9.6311
2026-03-14 09:16:44.380,1.0321,0.256,9.9101
2026-03-14 09:16:44.390,1.007,0.0245,10.0904
2026-03-14 09:16:44.400,1.1574,0.1038,9.6135
2026-03-14 09:16:44.410,0.6683,0.0989,
2026-03-14 09:16:44.420,0.7436,-0.1943,9.0826
2026-03-14 09:16:44.430,0.5332,0.0328,9.5707
2026-03-14 09:16:44.440,0.7762,0.0598,9.5406
2026-03-14 09:16:44.450,0.3672,-0.0892,9.6375
2026-03-14 09:16:44.460,0.2345,0.2412,9.866
2026-03-14 09:16:44.470,0.2072,0.0672,10.1794
2026-03-14 09:16:44.480,-0.0454,0.3394,10.1036
2026-03-14 09:16:44.490,-0.2984,0.2799,9.8826
2026-03-14 09:16:44.500,-0.5116,0.1293,9.751
2026-03-14 09:16:44.510,-0.3714,0.2392,9.8099
2026-03-14 09:16:44.520,-0.6249,0.3046,9.6162
2026-03-14 09:16:44.530,-0.5944,0.0918,9.8918
2026-03-14 09:16:44.540,-0.7195,0.0574,10.1281
2026-03-14 09:16:44.550,-0.7599,-0.0909,10.0559
2026-03-14 09:16:44.560,-1.0989,-0.0897,10.109
2026-03-14 09:16:44.570,-1.1378,-0.3625,10.0968
2026-03-14 09:16:44.580,-1.2704,-0.4184,9.6573
2026-03-14 09:16:44.590,-1.4803,-0.5849,9.8228
2026-03-14 09:16:44.600,-1.6878,-0.8373,9.656
2026-03-14 09:16:44.610,-1.4818,-1.0831,8.9264
2026-03-14 09:16:44.620,-1.3822,-1.0508,9.6503
2026-03-14 09:16:44.630,-1.5966,-1.2057,9.6635
2026-03-14 09:16:44.640,-1.5076,-1.3341,9.8438
2026-03-14 09:16:44.650,-1.4823,-1.2057,9.7468
2026-03-14 09:16:44.660,-1.3414,-1.2533,10.0182
2026-03-14 09:16:44.670,-1.1601,-0.7726,9.8745
2026-03-14 09:16:44.680,-1.0709,-1.1566,9.2127
2026-03-14 09:16:44.690,-0.8248,-0.3753,9.2241
2026-03-14 09:16:44.700,-0.6391,-0.5609,9.3244
2026-03-14 09:16:44.710,-0.0653,-0.5237,9.6429
2026-03-14 09:16:44.720,-0.4868,0.0032,9.6651
2026-03-14 09:16:44.730,-0.3205,0.1547,10.1134
2026-03-14 09:16:44.740,0.2008,0.326,10.1109
2026-03-14 09:16:44.750,0.4326,0.5799,10.184
2026-03-14 09:16:44.760,0.2514,1.0374,10.4782
2026-03-14 09:16:44.770,0.6893,0.6078,9.7698
2026-03-14 09:16:44.780,0.9149,0.989,9.9412
2026-03-14 09:16:44.790,0.957,1.3316,9.8813
2026-03-14 09:16:44.800,1.3762,0.9603,
2026-03-14 09:16:44.810,1.2531,1.0596,9.6244
2026-03-14 09:16:44.820,1.3301,1.2028,9.8767
2026-03-14 09:16:44.830,1.2359,1.0964,10.2402
2026-03-14 09:16:44.840,1.7085,0.9576,10.2626
2026-03-14 09:16:44.850,1.1198,0.8354,9.9433
2026-03-14 09:16:44.860,1.535,0.5049,9.6199
2026-03-14 09:16:44.870,1.0705,0.6191,9.4026
2026-03-14 09:16:44.880,1.4093,0.3366,9.3829
2026-03-14 09:16:44.890,1.3582,0.0977,9.0307
2026-03-14 09:16:44.900,1.1887,0.0761,9.5027
2026-03-14 09:16:44.910,0.95,-0.1699,9.7039
2026-03-14 09:16:44.920,1.1002,-0.1035,9.7423
2026-03-14 09:16:44.930,0.7811,-0.1512,9.8702
2026-03-14 09:16:44.940,0.9811,0.2972,10.0237
2026-03-14 09:16:44.950,0.5357,-0.0441,9.4662
2026-03-14 09:16:44.960,0.6861,-0.2472,9.7403
2026-03-14 09:16:44.970,0.497,0.0817,9.6709
2026-03-14 09:16:44.980,0.5322,0.4009,9.8552
2026-03-14 09:16:44.990,0.3272,0.2221,9.6497
2026-03-14 09:16:45.000,0.0429,0.2728,10.0004
2026-03-14 09:16:45.010,-0.1129,0.1025,10.1836
2026-03-14 09:16:45.020,-0.3389,0.4656,10.0189
2026-03-14 09:16:45.030,-0.5019,0.352,
2026-03-14 09:16:45.040,-0.623,0.3352,10.1034
2026-03-14 09:16:45.050,-0.6032,0.3413,9.8394
2026-03-14 09:16:45.060,-0.6767,0.1004,9.8116
2026-03-14 09:16:45.070,-0.796,0.2517,9.8192
2026-03-14 09:16:45.080,-0.8305,-0.099,10.0564
2026-03-14 09:16:45.090,-1.3681,-0.411,9.9597
2026-03-14 09:16:45.100,-1.159,-0.3718,10.1474
2026-03-14 09:16:45.110,-1.3075,-0.5059,10.2117
2026-03-14 09:16:45.120,-1.0905,-0.6004,9.6984
2026-03-14 09:16:45.130,-1.5044,-1.0416,9.9405
2026-03-14 09:16:45.140,-1.5381,-0.6821,9.7185
2026-03-14 09:16:45.150,-1.4896,-0.9791,9.5791
2026-03-14 09:16:45.160,-1.5373,-1.3339,9.0862
2026-03-14 09:16:45.170,-1.3824,-1.2108,9.6881
2026-03-14 09:16:45.180,-1.1883,-1.3324,9.4444
2026-03-14 09:16:45.190,-1.2056,-1.3427,9.77
2026-03-14 09:16:45.200,-1.0014,-1.0164,10.3042
2026-03-14 09:16:45.210,-1.2063,-0.6799,10.0077
2026-03-14 09:16:45.220,-0.933,-0.8209,9.7974
2026-03-14 09:16:45.230,-0.5332,-0.5684,9.6734
2026-03-14 09:16:45.240,-0.6986,-0.5044,9.6752
2026-03-14 09:16:45.250,-0.5705,-0.3922,9.465
2026-03-14 09:16:45.260,-0.0749,0.175,9.3397
2026-03-14 09:16:45.270,0.3314,0.3318,10.106
2026-03-14 09:16:45.280,0.3859,0.515,10.1187
2026-03-14 09:16:45.290,0.3972,0.6984,10.5577
2026-03-14 09:16:45.300,0.7835,0.5684,10.5272
2026-03-14 09:16:45.310,0.7335,0.8804,10.3714
2026-03-14 09:16:45.320,1.0892,0.9488,10.2423
2026-03-14 09:16:45.330,1.1791,0.71,9.8378
2026-03-14 09:16:45.340,1.2158,1.4314,9.819
2026-03-14 09:16:45.350,1.3711,0.9362,10.0076
2026-03-14 09:16:45.360,1.6707,0.8443,10.2359
2026-03-14 09:16:45.370,1.2056,0.7105,10.0792
2026-03-14 09:16:45.380,1.2826,0.5652,10.4646
2026-03-14 09:16:45.390,1.1768,0.5892,9.9405
2026-03-14 09:16:45.400,1.3092,0.3365,9.7833
2026-03-14 09:16:45.410,1.4281,0.4063,9.4888
2026-03-14 09:16:45.420,1.0873,0.6247,9.1983
2026-03-14 09:16:45.430,1.0249,0.1012,9.2007
2026-03-14 09:16:45.440,0.8205,0.2709,8.9868
2026-03-14 09:16:45.450,0.9131,0.0413,9.7134
2026-03-14 09:16:45.460,0.8927,0.0699,9.4461
2026-03-14 09:16:45.470,0.8104,0.0297,9.6695
2026-03-14 09:16:45.480,0.4916,0.0274,9.8047
2026-03-14 09:16:45.490,0.4136,0.0501,9.9515
2026-03-14 09:16:45.500,0.2555,0.0917,9.4656
2026-03-14 09:16:45.510,0.225,0.2243,9.6029
2026-03-14 09:16:45.520,0.111,-0.0922,9.7445
2026-03-14 09:16:45.530,0.0157,0.3328,9.7635
2026-03-14 09:16:45.540,-0.1352,,9.82
2026-03-14 09:16:45.550,-0.1034,0.5094,10.3575
2026-03-14 09:16:45.560,-0.3863,0.4351,10.2279
2026-03-14 09:16:45.570,-0.5787,0.2509,10.419
2026-03-14 09:16:45.580,-0.563,0.2557,10.1953
2026-03-14 09:16:45.590,-0.8206,0.1611,10.2502
2026-03-14 09:16:45.600,-1.0781,-0.0483,9.9552
2026-03-14 09:16:45.610,-1.0851,-0.2484,9.7832
2026-03-14 09:16:45.620,-1.1845,-0.3556,9.7797
2026-03-14 09:16:45.630,-1.2803,-0.5859,9.8771
2026-03-14 09:16:45.640,-1.3082,-0.6372,10.2047
2026-03-14 09:16:45.650,-1.2878,-0.8309,9.8319
2026-03-14 09:16:45.660,-1.3855,-0.8983,10.0008
2026-03-14 09:16:45.670,-1.3741,-1.0162,9.791
2026-03-14 09:16:45.680,-1.6591,-1.3094,9.3915
2026-03-14 09:16:45.690,-1.2805,-1.0807,9.2773
2026-03-14 09:16:45.700,-1.6176,-0.9154,8.9982
2026-03-14 09:16:45.710,-1.1506,-1.0471,8.7736
2026-03-14 09:16:45.720,-1.2064,-1.169,9.1983
2026-03-14 09:16:45.730,-0.8605,-1.006,9.9856
2026-03-14 09:16:45.740,-0.9137,-0.7386,9.8888
2026-03-14 09:16:45.750,-0.7912,-0.6992,10.055
2026-03-14 09:16:45.760,-0.7905,-0.6061,9.8823
2026-03-14 09:16:45.770,-0.3044,-0.4078,9.7443
2026-03-14 09:16:45.780,0.1465,-0.169,9.6975
2026-03-14 09:16:45.790,-0.3027,0.3838,9.5123
2026-03-14 09:16:45.800,0.1242,0.7407,9.4806
2026-03-14 09:16:45.810,0.4813,0.7448,9.9847
2026-03-14 09:16:45.820,0.7159,0.8665,10.1169
2026-03-14 09:16:45.830,0.832,0.9716,9.8009
2026-03-14 09:16:45.840,1.1051,1.1143,10.4515
2026-03-14 09:16:45.850,1.0669,0.8955,
2026-03-14 09:16:45.860,1.1852,1.0357,10.161
2026-03-14 09:16:45.870,1.2838,1.1039,10.0281
2026-03-14 09:16:45.880,1.3456,0.6987,9.8047
2026-03-14 09:16:45.890,1.4703,0.8645,9.9384
2026-03-14 09:16:45.900,1.2849,0.7706,
2026-03-14 09:16:45.910,1.5488,0.5805,9.4673
2026-03-14 09:16:45.920,1.3769,0.4859,10.1137
2026-03-14 09:16:45.930,1.3949,0.455,9.6383
2026-03-14 09:16:45.940,1.3152,0.0224,10.1002
2026-03-14 09:16:45.950,1.0748,-0.1098,9.8652
2026-03-14 09:16:45.960,1.3357,0.0266,9.3329
2026-03-14 09:16:45.970,1.1535,-0.2111,9.3966
2026-03-14 09:16:45.980,0.6307,-0.0679,9.188
2026-03-14 09:16:45.990,0.7441,0.0051,9.3727
2026-03-14 09:16:46.000,0.6611,0.0747,10.0922
2026-03-14 09:16:46.010,0.6839,-0.2511,9.3871
2026-03-14 09:16:46.020,0.514,0.1206,10.0218
2026-03-14 09:16:46.030,0.5022,0.0339,9.8535
2026-03-14 09:16:46.040,0.3766,0.0364,9.8739
2026-03-14 09:16:46.050,0.0514,-0.039,9.739
2026-03-14 09:16:46.060,-0.1273,0.4294,9.6381
2026-03-14 09:16:46.070,-0.2552,0.1303,10.0178
2026-03-14 09:16:46.080,-0.3367,0.2393,10.0668
2026-03-14 09:16:46.090,-0.6589,0.2642,
2026-03-14 09:16:46.100,-0.5377,0.1506,9.9291
2026-03-14 09:16:46.110,-0.6834,0.2691,10.3685
2026-03-14 09:16:46.120,-0.8938,0.2841,10.2198
2026-03-14 09:16:46.130,-0.8562,-0.0996,10.159
2026-03-14 09:16:46.140,-1.0233,-0.1198,9.7062
2026-03-14 09:16:46.150,-0.9054,-0.3602,9.4214
2026-03-14 09:16:46.160,-1.3378,-0.454,9.4528
2026-03-14 09:16:46.170,-1.419,-0.4974,9.5894
2026-03-14 09:16:46.180,-1.6133,-0.8709,9.7984
2026-03-14 09:16:46.190,-1.5668,-0.8194,10.0137
2026-03-14 09:16:46.200,-1.6294,-1.1997,9.6633
2026-03-14 09:16:46.210,-1.3811,-1.184,10.2578
2026-03-14 09:16:46.220,-1.3137,-1.3046,9.4903
2026-03-14 09:16:46.230,-1.4592,-1.2536,9.7191
2026-03-14 09:16:46.240,-1.3326,-1.1556,9.4113
2026-03-14 09:16:46.250,-1.1612,-1.0802,9.2783
2026-03-14 09:16:46.260,-1.1284,-0.748,9.5811
2026-03-14 09:16:46.270,-0.5966,-0.6264,9.4639
2026-03-14 09:16:46.280,-0.7539,-0.5856,9.907
2026-03-14 09:16:46.290,-0.5326,-0.4862,9.8573
2026-03-14 09:16:46.300,-0.459,-0.2802,10.2971
2026-03-14 09:16:46.310,-0.0108,0.3405,9.7143
2026-03-14 09:16:46.320,-0.0004,0.3093,9.8491
2026-03-14 09:16:46.330,0.4675,0.585,9.7058
2026-03-14 09:16:46.340,0.5513,0.7149,10.1493
2026-03-14 09:16:46.350,0.8113,0.8543,9.995
2026-03-14 09:16:46.360,0.8708,0.8171,9.6683
2026-03-14 09:16:46.370,1.3308,0.9245,10.1534
2026-03-14 09:16:46.380,0.9692,0.8748,10.3324
2026-03-14 09:16:46.390,1.0856,0.9592,
2026-03-14 09:16:46.400,1.3165,0.8892,10.1694
2026-03-14 09:16:46.410,1.5747,1.0073,10.1229
2026-03-14 09:16:46.420,1.3758,0.797,9.9472
2026-03-14 09:16:46.430,1.0238,0.7663,10.0715
2026-03-14 09:16:46.440,1.3774,0.6158,9.7117
2026-03-14 09:16:46.450,1.5029,0.3605,9.7196
2026-03-14 09:16:46.460,1.2589,0.2606,10.0307
2026-03-14 09:16:46.470,1.1453,0.3429,9.8873
2026-03-14 09:16:46.480,0.9518,0.2905,9.9785
2026-03-14 09:16:46.490,1.0993,0.0212,9.7954
2026-03-14 09:16:46.500,0.896,0.0013,9.6673
2026-03-14 09:16:46.510,0.9649,0.0701,9.2066
2026-03-14 09:16:46.520,0.5242,-0.1482,9.2031
2026-03-14 09:16:46.530,0.4748,-0.1383,9.1574
2026-03-14 09:16:46.540,0.4258,0.0676,9.7106
2026-03-14 09:16:46.550,0.6745,0.2011,10.1878
2026-03-14 09:16:46.560,0.2587,0.0587,10.0413
2026-03-14 09:16:46.570,0.3061,-0.016,10.3784
2026-03-14 09:16:46.580,0.1006,0.2708,9.938
2026-03-14 09:16:46.590,-0.0596,0.4208,9.6014
2026-03-14 09:16:46.600,-0.4151,,9.9001
2026-03-14 09:16:46.610,-0.354,0.2674,9.8223
2026-03-14 09:16:46.620,-0.5926,0.458,9.9097
2026-03-14 09:16:46.630,-0.524,0.2596,9.983
2026-03-14 09:16:46.640,-0.6676,-0.0861,10.2091
2026-03-14 09:16:46.650,-0.7469,-0.0435,10.1504
2026-03-14 09:16:46.660,-0.8742,-0.4234,10.2099
2026-03-14 09:16:46.670,-1.1182,-0.3338,10.4736
2026-03-14 09:16:46.680,-1.2223,-0.5294,10.0059
2026-03-14 09:16:46.690,-1.361,-0.5622,9.7312
2026-03-14 09:16:46.700,-1.4921,-0.9752,9.7827
2026-03-14 09:16:46.710,-1.7227,-0.9627,
2026-03-14 09:16:46.720,-1.3473,-1.3056,9.6429
2026-03-14 09:16:46.730,-1.5096,-1.0114,9.5541
2026-03-14 09:16:46.740,-1.5705,,9.7642
2026-03-14 09:16:46.750,-1.4683,-1.1804,9.7767
2026-03-14 09:16:46.760,-1.2733,-1.3118,9.6512
2026-03-14 09:16:46.770,-1.2395,-1.2356,9.6165
2026-03-14 09:16:46.780,-1.0139,-1.0099,9.5094
2026-03-14 09:16:46.790,-0.9282,-0.7996,9.487
2026-03-14 09:16:46.800,-0.4816,-0.7534,9.6284
2026-03-14 09:16:46.810,-0.4936,-0.5859,9.4758
2026-03-14 09:16:46.820,-0.326,-0.2993,9.8976
2026-03-14 09:16:46.830,0.0071,-0.0208,10.1795
2026-03-14 09:16:46.840,0.0696,0.139,10.0584
2026-03-14 09:16:46.850,0.1992,0.4842,9.8957
2026-03-14 09:16:46.860,0.484,0.5374,9.862
2026-03-14 09:16:46.870,,1.1975,
2026-03-14 09:16:46.880,0.6693,1.0258,9.51
2026-03-14 09:16:46.890,0.9102,,9.7796
2026-03-14 09:16:46.900,1.0826,0.7709,10.0463
2026-03-14 09:16:46.910,1.1549,,10.3029
2026-03-14 09:16:46.920,1.4415,0.9418,10.3984
2026-03-14 09:16:46.930,1.311,1.1291,10.4105
2026-03-14 09:16:46.940,1.4998,1.0711,10.2502
2026-03-14 09:16:46.950,1.2269,,10.3406
2026-03-14 09:16:46.960,1.0867,0.6228,9.5351
2026-03-14 09:16:46.970,1.3856,0.5291,9.6973
2026-03-14 09:16:46.980,1.4669,0.8776,9.2045
2026-03-14 09:16:46.990,1.4989,0.2516,9.5667
2026-03-14 09:16:47.000,1.0788,0.1294,9.8913
2026-03-14 09:16:47.010,1.0256,-0.2176,9.5255
2026-03-14 09:16:47.020,1.1862,-0.0186,9.5833
2026-03-14 09:16:47.030,1.0221,-0.0335,9.8797
2026-03-14 09:16:47.040,0.9026,0.2541,10.0062
2026-03-14 09:16:47.050,0.6799,0.0791,9.1901
2026-03-14 09:16:47.060,0.1628,-0.0345,9.3948
2026-03-14 09:16:47.070,0.4285,0.0684,9.3609
2026-03-14 09:16:47.080,0.0763,0.3806,9.5421
2026-03-14 09:16:47.090,0.4128,0.1753,10.0861
2026-03-14 09:16:47.100,0.2881,0.4917,9.9757
2026-03-14 09:16:47.110,0.0759,0.1917,10.2768
2026-03-14 09:16:47.120,0.0344,-0.0798,10.4879
2026-03-14 09:16:47.130,-0.1406,0.3665,10.0838
2026-03-14 09:16:47.140,-0.2823,0.4717,10.041
2026-03-14 09:16:47.150,-0.5109,0.1945,9.6284
2026-03-14 09:16:47.160,-0.5796,0.2005,10.0584
2026-03-14 09:16:47.170,-0.7378,0.1232,9.646
2026-03-14 09:16:47.180,-0.9192,-0.3388,9.9075
2026-03-14 09:16:47.190,-0.8966,-0.3903,10.3251
2026-03-14 09:16:47.200,-1.571,-0.6447,9.9104
2026-03-14 09:16:47.210,-1.4015,-0.582,10.2354
2026-03-14 09:16:47.220,-1.2913,-0.948,9.9118
2026-03-14 09:16:47.230,-1.3816,-0.9111,9.6379
2026-03-14 09:16:47.240,-1.4624,-0.8589,9.4712
2026-03-14 09:16:47.250,-1.5004,-0.8733,9.0302
2026-03-14 09:16:47.260,-1.3386,-1.0714,9.4265
2026-03-14 09:16:47.270,-1.1268,-1.112,9.3342
2026-03-14 09:16:47.280,-1.4638,-1.1574,9.5913
2026-03-14 09:16:47.290,-1.2044,-1.2192,9.9339
2026-03-14 09:16:47.300,-1.2649,-1.0535,9.8555
2026-03-14 09:16:47.310,-1.0361,-0.7084,9.5246
2026-03-14 09:16:47.320,-0.8275,-0.7924,9.7472
2026-03-14 09:16:47.330,,-0.2813,
2026-03-14 09:16:47.340,-0.4681,-0.5641,9.5824
2026-03-14 09:16:47.350,-0.1826,-0.021,9.673
2026-03-14 09:16:47.360,-0.3451,0.339,9.6026
2026-03-14 09:16:47.370,0.1385,0.0849,9.9785
2026-03-14 09:16:47.380,0.4303,0.3978,10.1739
2026-03-14 09:16:47.390,0.2774,0.5093,10.1289
2026-03-14 09:16:47.400,0.6421,0.5571,10.0069
2026-03-14 09:16:47.410,0.9336,1.0527,9.7931
2026-03-14 09:16:47.420,1.0501,0.8368,9.7034
2026-03-14 09:16:47.430,1.3339,0.8517,9.6904
2026-03-14 09:16:47.440,1.0927,0.9856,9.9251
2026-03-14 09:16:47.450,1.1159,1.2151,9.8376
2026-03-14 09:16:47.460,,0.8685,10.0538
2026-03-14 09:16:47.470,1.6327,1.0234,10.1193
2026-03-14 09:16:47.480,1.3197,0.5148,10.1609
2026-03-14 09:16:47.490,1.3564,0.6397,9.834
2026-03-14 09:16:47.500,1.1107,0.6733,10.005
2026-03-14 09:16:47.510,1.2148,0.5182,9.3082
2026-03-14 09:16:47.520,1.1899,0.3472,9.1029
2026-03-14 09:16:47.530,1.2213,0.1793,9.3813
2026-03-14 09:16:47.540,1.1296,-0.0464,9.583
2026-03-14 09:16:47.550,0.8314,-0.1012,9.7839
2026-03-14 09:16:47.560,0.9723,-0.1451,9.7925
2026-03-14 09:16:47.570,0.5954,-0.0506,9.8779
2026-03-14 09:16:47.580,0.7374,0.2874,9.6689
2026-03-14 09:16:47.590,0.5448,-0.0008,9.7809
2026-03-14 09:16:47.600,0.7472,0.0085,
2026-03-14 09:16:47.610,0.357,0.4709,9.2368
2026-03-14 09:16:47.620,0.1204,0.1217,9.7642
2026-03-14 09:16:47.630,0.1034,0.1463,9.7076
2026-03-14 09:16:47.640,-0.1378,0.3603,9.8803
2026-03-14 09:16:47.650,-0.3577,0.3869,9.9364
2026-03-14 09:16:47.660,0.0779,0.1352,10.2196
2026-03-14 09:16:47.670,-0.2655,0.3645,10.6809
2026-03-14 09:16:47.680,-0.5122,0.3789,10.2371
2026-03-14 09:16:47.690,-1.072,0.485,9.9117
2026-03-14 09:16:47.700,-0.8543,0.1368,10.071
2026-03-14 09:16:47.710,-1.0135,-0.1048,9.7165
2026-03-14 09:16:47.720,-1.241,-0.0474,10.2125
2026-03-14 09:16:47.730,-1.4011,-0.3543,10.3226
2026-03-14 09:16:47.740,-1.5287,-0.5256,10.0965
2026-03-14 09:16:47.750,-1.2998,-0.8119,10.2041
2026-03-14 09:16:47.760,-1.3959,-0.7674,9.6683
2026-03-14 09:16:47.770,-1.4941,-1.1813,9.4007
2026-03-14 09:16:47.780,-1.3745,-0.8976,9.2945
2026-03-14 09:16:47.790,-1.7144,-1.1741,9.5677
2026-03-14 09:16:47.800,-1.4938,-1.363,9.3373
2026-03-14 09:16:47.810,-1.3156,-1.2414,9.5392
2026-03-14 09:16:47.820,-1.3905,-0.9675,10.2163
2026-03-14 09:16:47.830,-1.1102,-1.2102,9.8377
2026-03-14 09:16:47.840,-1.042,-0.8111,9.9538
2026-03-14 09:16:47.850,-0.5513,-0.4987,9.6049
2026-03-14 09:16:47.860,-0.6345,-0.7769,9.6085
2026-03-14 09:16:47.870,-0.307,-0.4015,9.4155
2026-03-14 09:16:47.880,-0.4209,-0.0705,9.4185
2026-03-14 09:16:47.890,0.0115,,9.471
2026-03-14 09:16:47.900,0.2119,0.3264,9.6929
2026-03-14 09:16:47.910,0.2375,0.5072,10.0352
2026-03-14 09:16:47.920,0.3681,0.8533,10.3323
2026-03-14 09:16:47.930,0.9551,0.8485,10.3698
2026-03-14 09:16:47.940,0.9042,0.903,10.2097
2026-03-14 09:16:47.950,1.01,0.875,10.1598
2026-03-14 09:16:47.960,0.9636,1.0343,10.0091
2026-03-14 09:16:47.970,1.0811,1.0358,9.6998
2026-03-14 09:16:47.980,1.0733,0.92,9.4987
2026-03-14 09:16:47.990,1.2245,0.9288,9.381
2026-03-14 09:16:48.000,1.3247,1.1078,10.4899
2026-03-14 09:16:48.010,1.3874,0.6417,9.824
2026-03-14 09:16:48.020,1.5199,0.384,9.918
2026-03-14 09:16:48.030,1.1682,0.6347,9.9923
2026-03-14 09:16:48.040,1.5106,0.4621,9.9051
2026-03-14 09:16:48.050,1.5579,0.1062,9.4703
2026-03-14 09:16:48.060,0.9434,0.1842,9.2061
2026-03-14 09:16:48.070,0.8852,-0.1499,9.4359
2026-03-14 09:16:48.080,1.2623,-0.1623,9.395
2026-03-14 09:16:48.090,1.2123,-0.1807,9.32
2026-03-14 09:16:48.100,0.8436,-0.2849,9.3889
2026-03-14 09:16:48.110,0.593,-0.0276,9.7864
2026-03-14 09:16:48.120,0.5339,-0.0013,10.0092
2026-03-14 09:16:48.130,0.4886,0.0672,9.8429
2026-03-14 09:16:48.140,0.3757,0.1393,9.9089
2026-03-14 09:16:48.150,0.2757,0.0009,9.5992
2026-03-14 09:16:48.160,-0.1047,0.209,9.3776
2026-03-14 09:16:48.170,-0.0459,0.2723,9.7596
2026-03-14 09:16:48.180,-0.2714,0.2609,9.7463
2026-03-14 09:16:48.190,-0.4189,0.7339,10.3013
2026-03-14 09:16:48.200,-0.2494,0.1546,10.2135
2026-03-14 09:16:48.210,-0.3519,0.1349,10.1457
2026-03-14 09:16:48.220,-0.7925,-0.1847,10.0367
2026-03-14 09:16:48.230,-0.7309,-0.0091,10.0945
2026-03-14 09:16:48.240,-1.1099,-0.2391,9.9502
2026-03-14 09:16:48.250,-1.2561,-0.5593,9.8799
2026-03-14 09:16:48.260,-1.4768,-0.2868,9.3728
2026-03-14 09:16:48.270,-1.4926,-0.8248,9.8219
2026-03-14 09:16:48.280,-1.1472,-0.7961,10.0496
2026-03-14 09:16:48.290,-1.4337,-0.7802,10.1123
2026-03-14 09:16:48.300,-1.4654,-1.0728,9.9063
2026-03-14 09:16:48.310,-1.4744,-1.0084,9.7486
2026-03-14 09:16:48.320,-1.4341,-1.2105,9.7371
2026-03-14 09:16:48.330,-1.6362,-1.4306,9.099
2026-03-14 09:16:48.340,-1.3907,-1.2575,9.578
2026-03-14 09:16:48.350,-1.0061,-1.2656,9.856
2026-03-14 09:16:48.360,-0.7617,-0.9003,9.4863
2026-03-14 09:16:48.370,-1.0095,-0.7568,9.327
2026-03-14 09:16:48.380,-0.7032,-0.4696,9.8284
2026-03-14 09:16:48.390,-0.6388,-0.2442,10.1723
2026-03-14 09:16:48.400,-0.4657,-0.288,10.107
2026-03-14 09:16:48.410,-0.0921,0.0152,9.9595
2026-03-14 09:16:48.420,-0.1826,-0.0595,9.9109
2026-03-14 09:16:48.430,0.1247,0.2841,9.9133
2026-03-14 09:16:48.440,0.5228,0.4126,9.8922
2026-03-14 09:16:48.450,0.753,0.7006,10.0699
2026-03-14 09:16:48.460,0.8137,0.9214,9.9743
2026-03-14 09:16:48.470,0.8667,0.9455,10.3532
2026-03-14 09:16:48.480,1.1614,0.9538,10.2151
2026-03-14 09:16:48.490,1.163,0.8228,10.6371
2026-03-14 09:16:48.500,1.2381,1.0692,9.8466
2026-03-14 09:16:48.510,1.2674,1.1584,9.9452
2026-03-14 09:16:48.520,1.3254,0.7993,9.905
2026-03-14 09:16:48.530,1.3816,0.9463,9.5933
2026-03-14 09:16:48.540,1.434,0.5454,9.7257
2026-03-14 09:16:48.550,1.3255,0.2674,9.9681
2026-03-14 09:16:48.560,1.3286,0.6437,9.7589
2026-03-14 09:16:48.570,1.1751,0.3692,9.8888
2026-03-14 09:16:48.580,1.2475,0.1435,9.5495
2026-03-14 09:16:48.590,1.1015,-0.0741,9.4379
2026-03-14 09:16:48.600,0.8457,0.0786,9.7132
2026-03-14 09:16:48.610,0.768,-0.0532,9.5457
2026-03-14 09:16:48.620,0.7198,-0.0183,9.4277
2026-03-14 09:16:48.630,0.6525,-0.0782,9.4377
2026-03-14 09:16:48.640,0.777,0.0926,9.4441
2026-03-14 09:16:48.650,0.4356,-0.1159,9.9489
2026-03-14 09:16:48.660,0.1507,0.0099,9.954
2026-03-14 09:16:48.670,0.2059,0.0114,9.7386
2026-03-14 09:16:48.680,0.0887,0.1617,9.767
2026-03-14 09:16:48.690,0.1118,0.3017,9.8341
2026-03-14 09:16:48.700,-0.1216,0.1191,9.6711
2026-03-14 09:16:48.710,-0.2724,0.3282,9.7578
2026-03-14 09:16:48.720,-0.3387,,10.2222
2026-03-14 09:16:48.730,-0.6398,0.0492,
2026-03-14 09:16:48.740,-0.4756,0.3704,10.4628
2026-03-14 09:16:48.750,-0.8942,0.4058,10.4305
2026-03-14 09:16:48.760,-0.9626,0.0634,10.1446
2026-03-14 09:16:48.770,-1.1072,-0.4967,10.0325
2026-03-14 09:16:48.780,-1.1801,-0.4361,9.6254
2026-03-14 09:16:48.790,-1.3791,-0.7108,9.995
2026-03-14 09:16:48.800,-1.6268,-1.0997,9.8142
2026-03-14 09:16:48.810,-1.5345,-0.8478,9.7942
2026-03-14 09:16:48.820,-1.6064,-0.9128,9.709
2026-03-14 09:16:48.830,-1.426,-1.1889,10.1222
2026-03-14 09:16:48.840,-1.4887,-1.1074,9.9561
2026-03-14 09:16:48.850,-1.3992,-1.1457,9.8463
2026-03-14 09:16:48.860,-1.3228,-1.1934,9.7059
2026-03-14 09:16:48.870,-1.2397,-1.3697,9.4439
2026-03-14 09:16:48.880,-1.4697,-1.203,9.7004
2026-03-14 09:16:48.890,-0.9046,-1.0195,9.5685
2026-03-14 09:16:48.900,-0.6141,-0.5064,9.8943
2026-03-14 09:16:48.910,-0.5027,-0.4889,9.939
2026-03-14 09:16:48.920,-0.3844,-0.2875,9.9317
2026-03-14 09:16:48.930,-0.1259,0.1414,10.3303
2026-03-14 09:16:48.940,-0.3221,0.0825,9.8012
2026-03-14 09:16:48.950,0.1883,0.288,10.3481
2026-03-14 09:16:48.960,-0.004,0.2888,9.7459
2026-03-14 09:16:48.970,0.4165,0.9562,9.5919
2026-03-14 09:16:48.980,0.6502,0.7258,9.8579
2026-03-14 09:16:48.990,0.7169,1.2026,9.97
2026-03-14 09:16:49.000,1.1586,0.961,10.2624
2026-03-14 09:16:49.010,1.0783,1.0818,10.5909
2026-03-14 09:16:49.020,1.2557,1.0776,10.0884
2026-03-14 09:16:49.030,1.2606,0.8269,10.6422
2026-03-14 09:16:49.040,1.48,0.7592,10.2319
2026-03-14 09:16:49.050,1.3479,0.754,
2026-03-14 09:16:49.060,1.4262,0.6603,9.9413
2026-03-14 09:16:49.070,1.3757,0.2531,9.8642
2026-03-14 09:16:49.080,1.5208,0.7981,9.3844
2026-03-14 09:16:49.090,1.3178,0.2398,9.5391
2026-03-14 09:16:49.100,1.463,0.173,9.8236
2026-03-14 09:16:49.110,1.1435,0.3175,9.6721
2026-03-14 09:16:49.120,0.9545,0.0464,10.1372
2026-03-14 09:16:49.130,1.0266,-0.035,9.8209
2026-03-14 09:16:49.140,0.9544,-0.1544,9.5297
2026-03-14 09:16:49.150,0.651,0.0972,9.3281
2026-03-14 09:16:49.160,0.7283,-0.2771,9.3147
2026-03-14 09:16:49.170,0.7293,-0.4082,9.6286
2026-03-14 09:16:49.180,0.5172,-0.1015,9.7838
2026-03-14 09:16:49.190,0.2292,-0.0878,10.1076
2026-03-14 09:16:49.200,0.0833,0.1904,10.4453
2026-03-14 09:16:49.210,-0.0789,0.3846,10.3518
2026-03-14 09:16:49.220,0.0873,0.1021,10.3544
2026-03-14 09:16:49.230,-0.2316,0.2433,9.6933
2026-03-14 09:16:49.240,-0.3431,0.181,9.7872
2026-03-14 09:16:49.250,-0.5426,0.3614,10.2754
2026-03-14 09:16:49.260,-0.7188,0.5554,10.0228
2026-03-14 09:16:49.270,-0.5345,0.267,9.6541
2026-03-14 09:16:49.280,-0.7141,-0.072,10.3379
2026-03-14 09:16:49.290,-0.8882,-0.0077,10.1348
2026-03-14 09:16:49.300,-1.1859,-0.2782,10.2201
2026-03-14 09:16:49.310,-1.2643,-0.5997,10.1483
2026-03-14 09:16:49.320,-1.2949,-0.583,10.0409
2026-03-14 09:16:49.330,-1.3822,-0.6589,9.4838
2026-03-14 09:16:49.340,-1.263,-1.034,9.7206
2026-03-14 09:16:49.350,-1.3093,-1.0615,9.4704
2026-03-14 09:16:49.360,-1.3606,-1.0297,9.4195
2026-03-14 09:16:49.370,-1.1876,-1.2117,9.9188
2026-03-14 09:16:49.380,-1.3745,-1.2738,9.6715
2026-03-14 09:16:49.390,-1.2094,-1.3509,
2026-03-14 09:16:49.400,-1.2865,-1.176,9.7832
2026-03-14 09:16:49.410,-1.1221,-1.1443,9.7704
2026-03-14 09:16:49.420,-1.2113,-0.8526,9.3747
2026-03-14 09:16:49.430,-0.8667,-0.4991,9.4051
2026-03-14 09:16:49.440,-0.5868,-0.2899,9.5656
2026-03-14 09:16:49.450,-0.5331,0.0153,9.7594
2026-03-14 09:16:49.460,-0.0635,-0.1023,10.277
2026-03-14 09:16:49.470,0.0335,0.12,10.0456
2026-03-14 09:16:49.480,0.2633,0.3583,10.0673
2026-03-14 09:16:49.490,0.2236,0.5296,9.817
2026-03-14 09:16:49.500,0.4861,0.6095,10.047
2026-03-14 09:16:49.510,0.6572,0.9826,9.7457
2026-03-14 09:16:49.520,0.9225,1.078,9.6469
2026-03-14 09:16:49.530,1.2947,1.0785,9.7047
2026-03-14 09:16:49.540,1.3087,1.0681,10.072
2026-03-14 09:16:49.550,1.6003,1.0322,10.2647
2026-03-14 09:16:49.560,1.424,0.7719,10.0481
2026-03-14 09:16:49.570,1.2759,0.8856,10.3696
2026-03-14 09:16:49.580,1.3431,1.077,10.1842
2026-03-14 09:16:49.590,1.5563,0.7527,9.615
2026-03-14 09:16:49.600,1.4045,0.5557,9.6638
2026-03-14 09:16:49.610,1.3181,0.3756,9.2787
2026-03-14 09:16:49.620,1.489,0.2326,9.3473
2026-03-14 09:16:49.630,1.0527,0.1727,9.3445
2026-03-14 09:16:49.640,0.8613,0.2077,9.5838
2026-03-14 09:16:49.650,0.8424,0.2895,9.7568
2026-03-14 09:16:49.660,0.9621,0.0359,9.623
2026-03-14 09:16:49.670,0.7882,-0.0046,9.8837
2026-03-14 09:16:49.680,0.9858,-0.0102,9.3963
2026-03-14 09:16:49.690,0.7114,-0.3225,9.7906
2026-03-14 09:16:49.700,0.5617,0.0741,9.464
2026-03-14 09:16:49.710,0.2705,0.1227,9.7054
2026-03-14 09:16:49.720,0.2575,0.3222,9.7985
2026-03-14 09:16:49.730,0.2544,0.1836,9.7564
2026-03-14 09:16:49.740,-0.249,-0.0831,9.9978
2026-03-14 09:16:49.750,-0.0665,0.2655,10.5747
2026-03-14 09:16:49.760,-0.1583,0.4521,10.4486
2026-03-14 09:16:49.770,-0.6046,0.2348,10.3373
2026-03-14 09:16:49.780,-0.5714,0.466,10.1141
2026-03-14 09:16:49.790,-0.5754,0.1554,9.9407
2026-03-14 09:16:49.800,-0.7589,0.217,9.7658
2026-03-14 09:16:49.810,-0.9299,-0.1417,9.9651
2026-03-14 09:16:49.820,-1.0738,0.0417,9.927
2026-03-14 09:16:49.830,-0.9149,-0.0702,9.9271
2026-03-14 09:16:49.840,-1.0828,-0.4037,10.0794
2026-03-14 09:16:49.850,-1.4196,-0.678,10.2727
2026-03-14 09:16:49.860,-1.4441,-0.8046,9.7638
2026-03-14 09:16:49.870,-1.4862,-1.1166,9.4869
2026-03-14 09:16:49.880,-1.4563,-0.9414,9.3067
2026-03-14 09:16:49.890,-1.1754,-1.0001,9.5658
2026-03-14 09:16:49.900,-1.5958,-1.2057,9.5106
2026-03-14 09:16:49.910,-1.5585,-1.2659,9.5675
2026-03-14 09:16:49.920,-1.0342,-1.1459,10.115
2026-03-14 09:16:49.930,-1.3677,-1.0328,9.9082
2026-03-14 09:16:49.940,-1.293,-0.9444,9.5434
2026-03-14 09:16:49.950,-1.1019,-1.1703,9.7892
2026-03-14 09:16:49.960,-0.8012,-0.4081,9.5543
2026-03-14 09:16:49.970,-0.6195,-0.4313,9.3552
2026-03-14 09:16:49.980,-0.2147,-0.0229,9.3896
2026-03-14 09:16:49.990,-0.1375,-0.0985,9.8295
2026-03-14 09:16:50.000,-0.1141,0.1769,10.2061
2026-03-14 09:16:50.010,0.1656,0.3854,10.18
2026-03-14 09:16:50.020,0.5842,0.6112,10.028
2026-03-14 09:16:50.030,0.7717,0.9707,10.2049
2026-03-14 09:16:50.040,0.7052,0.978,10.2397
2026-03-14 09:16:50.050,0.7155,0.8346,10.0098
2026-03-14 09:16:50.060,0.8488,1.1222,10.0051
2026-03-14 09:16:50.070,1.2547,1.3209,9.4733
2026-03-14 09:16:50.080,1.1075,0.8954,9.8131
2026-03-14 09:16:50.090,1.2197,1.0732,9.5775
2026-03-14 09:16:50.100,1.2476,0.7346,10.3664
2026-03-14 09:16:50.110,1.2015,0.6694,10.2385
2026-03-14 09:16:50.120,1.3474,0.4772,10.0495
2026-03-14 09:16:50.130,1.2881,0.6498,9.9838
2026-03-14 09:16:50.140,1.4329,0.4859,9.4578
2026-03-14 09:16:50.150,1.1384,0.5686,9.5013
2026-03-14 09:16:50.160,0.9772,0.1249,9.1601
2026-03-14 09:16:50.170,1.0989,-0.1284,9.3918
2026-03-14 09:16:50.180,1.1633,0.0889,9.4693
2026-03-14 09:16:50.190,0.746,-0.0094,9.8896
2026-03-14 09:16:50.200,1.1945,0.0653,9.4917
2026-03-14 09:16:50.210,0.6765,-0.0385,9.7933
2026-03-14 09:16:50.220,0.6163,0.1721,9.8142
2026-03-14 09:16:50.230,0.5178,-0.0456,9.7173
2026-03-14 09:16:50.240,0.3036,0.0961,9.3117
2026-03-14 09:16:50.250,0.1629,-0.0735,9.6899
2026-03-14 09:16:50.260,0.2262,0.2396,9.9487
2026-03-14 09:16:50.270,0.094,0.2833,9.7666
2026-03-14 09:16:50.280,-0.2118,0.0867,10.1357
2026-03-14 09:16:50.290,0.1024,0.5124,10.2369
2026-03-14 09:16:50.300,-0.5731,0.2885,10.6597
2026-03-14 09:16:50.310,-0.4196,0.4323,10.2311
2026-03-14 09:16:50.320,-0.4047,0.2461,10.2328
2026-03-14 09:16:50.330,-1.0488,0.1034,9.6687
2026-03-14 09:16:50.340,-0.9672,0.0451,9.5359
2026-03-14 09:16:50.350,-1.1565,-0.3687,10.0631
2026-03-14 09:16:50.360,-1.4082,-0.3474,9.8205
2026-03-14 09:16:50.370,-1.3402,-0.618,10.0955
2026-03-14 09:16:50.380,-1.2641,-0.7889,10.1487
2026-03-14 09:16:50.390,-1.0679,-0.9354,9.7782
2026-03-14 09:16:50.400,-1.7615,,10.1509
2026-03-14 09:16:50.410,-1.5478,-0.9709,9.4787
2026-03-14 09:16:50.420,-1.4304,-0.9704,9.9426
2026-03-14 09:16:50.430,-1.3822,-1.2636,9.2845
2026-03-14 09:16:50.440,-1.2755,-1.1667,9.5614
2026-03-14 09:16:50.450,-1.2754,-1.2796,9.318
2026-03-14 09:16:50.460,-0.9631,-0.9883,9.6955
2026-03-14 09:16:50.470,-1.0459,-0.8257,9.5814
2026-03-14 09:16:50.480,-0.7559,-0.6735,9.7978
2026-03-14 09:16:50.490,-1.1637,-0.3968,9.7646
2026-03-14 09:16:50.500,-0.4182,-0.3285,9.4194
2026-03-14 09:16:50.510,-0.2399,-0.3387,9.7957
2026-03-14 09:16:50.520,0.1627,,9.7634
2026-03-14 09:16:50.530,0.2543,0.4733,9.8411
2026-03-14 09:16:50.540,0.5794,0.5682,10.1204
2026-03-14 09:16:50.550,0.6746,0.8851,10.2271
2026-03-14 09:16:50.560,0.9174,0.6616,10.32
2026-03-14 09:16:50.570,0.7938,0.9186,10.0909
2026-03-14 09:16:50.580,1.0021,,10.0839
2026-03-14 09:16:50.590,0.9812,0.9215,10.0728
2026-03-14 09:16:50.600,1.428,1.135,9.6841
2026-03-14 09:16:50.610,1.4461,0.946,9.8494
2026-03-14 09:16:50.620,1.3059,1.0245,9.579
2026-03-14 09:16:50.630,1.4489,0.7313,10.2038
2026-03-14 09:16:50.640,1.6285,0.9451,9.6821
2026-03-14 09:16:50.650,1.4187,0.2694,9.6135
2026-03-14 09:16:50.660,1.2101,0.5239,10.2095
2026-03-14 09:16:50.670,1.1558,0.2969,9.7434
2026-03-14 09:16:50.680,0.9061,0.1039,9.7357
2026-03-14 09:16:50.690,0.8458,-0.0828,9.3459
2026-03-14 09:16:50.700,0.9367,-0.2799,9.3273
2026-03-14 09:16:50.710,0.9591,-0.1397,8.8412
2026-03-14 09:16:50.720,0.8566,-0.3406,9.2285
2026-03-14 09:16:50.730,0.937,0.0862,9.7682
2026-03-14 09:16:50.740,0.7636,0.1168,9.7925
2026-03-14 09:16:50.750,0.3947,,10.2412
2026-03-14 09:16:50.760,0.2611,0.0873,9.8325
2026-03-14 09:16:50.770,0.3276,0.4879,9.4578
2026-03-14 09:16:50.780,-0.0048,0.4465,9.7675
2026-03-14 09:16:50.790,0.1894,0.3176,9.8593
2026-03-14 09:16:50.800,0.0462,0.2117,9.6964
2026-03-14 09:16:50.810,-0.4723,0.5982,9.3506
2026-03-14 09:16:50.820,-0.1603,0.3177,9.9092
2026-03-14 09:16:50.830,-0.49,0.2026,10.0859
2026-03-14 09:16:50.840,-0.5602,0.2423,10.3033
2026-03-14 09:16:50.850,-0.7765,0.3554,10.4525
2026-03-14 09:16:50.860,-0.9395,0.0637,9.8454
2026-03-14 09:16:50.870,-0.8493,-0.1681,9.724
2026-03-14 09:16:50.880,-1.1139,-0.2692,9.6585
2026-03-14 09:16:50.890,-1.362,-0.4512,9.4826
2026-03-14 09:16:50.900,-1.3519,-0.3862,9.6503
2026-03-14 09:16:50.910,-1.3456,-0.7699,9.812
2026-03-14 09:16:50.920,-1.488,-1.0059,10.0245
2026-03-14 09:16:50.930,,-1.1233,9.6416
2026-03-14 09:16:50.940,-1.5573,-1.0574,9.2459
2026-03-14 09:16:50.950,-1.4381,-0.9724,9.5917
2026-03-14 09:16:50.960,-1.4072,-1.2062,9.5543
2026-03-14 09:16:50.970,-1.3178,-1.1138,9.0841
2026-03-14 09:16:50.980,-1.2175,-0.8158,9.2457
2026-03-14 09:16:50.990,-1.1344,-1.2234,9.1935
2026-03-14 09:16:51.000,-1.0248,-0.728,9.967
2026-03-14 09:16:51.010,-0.3965,-0.6487,10.0639
2026-03-14 09:16:51.020,-0.6446,-0.5127,10.0488
2026-03-14 09:16:51.030,-0.4044,-0.1719,10.1583
2026-03-14 09:16:51.040,-0.0161,0.1467,9.8059
2026-03-14 09:16:51.050,0.1976,0.2051,9.6999
2026-03-14 09:16:51.060,-0.0353,0.318,9.7432
2026-03-14 09:16:51.070,0.4797,0.7063,9.7846
2026-03-14 09:16:51.080,0.5239,0.8309,9.8784
2026-03-14 09:16:51.090,0.7481,1.0739,9.6589
2026-03-14 09:16:51.100,0.9805,1.156,10.2925
2026-03-14 09:16:51.110,0.9833,0.999,10.3273
2026-03-14 09:16:51.120,0.9378,0.9182,10.3314
2026-03-14 09:16:51.130,1.4527,1.0468,9.9913
2026-03-14 09:16:51.140,1.2477,0.9797,9.7085
2026-03-14 09:16:51.150,1.4173,1.1168,9.6937
2026-03-14 09:16:51.160,1.346,1.0393,9.4496
2026-03-14 09:16:51.170,1.2902,0.8031,9.6374
2026-03-14 09:16:51.180,1.3087,0.2836,9.5776
2026-03-14 09:16:51.190,1.1398,0.3673,9.7406
2026-03-14 09:16:51.200,1.2883,0.0037,9.7459
2026-03-14 09:16:51.210,1.4515,0.1552,9.9876
2026-03-14 09:16:51.220,1.2453,-0.0878,9.857
2026-03-14 09:16:51.230,0.9504,0.2384,9.3422
2026-03-14 09:16:51.240,1.0033,-0.0508,9.6772
2026-03-14 09:16:51.250,0.5166,0.2502,9.4133
2026-03-14 09:16:51.260,0.6024,0.0672,9.4823
2026-03-14 09:16:51.270,0.5892,-0.1705,9.6056
2026-03-14 09:16:51.280,0.4444,-0.11,9.7722
2026-03-14 09:16:51.290,0.4444,0.2403,10.27
2026-03-14 09:16:51.300,0.3978,-0.0148,9.8539
2026-03-14 09:16:51.310,-0.102,-0.0088,10.044
2026-03-14 09:16:51.320,0.1522,0.3249,10.211
2026-03-14 09:16:51.330,-0.0562,0.5159,9.8262
2026-03-14 09:16:51.340,-0.4084,0.3196,9.5802
2026-03-14 09:16:51.350,-0.413,0.3147,9.8871
2026-03-14 09:16:51.360,-0.2459,0.1321,10.0743
2026-03-14 09:16:51.370,-0.5203,0.1219,10.1768
2026-03-14 09:16:51.380,-0.4979,0.0888,10.463
2026-03-14 09:16:51.390,-1.0268,0.3124,10.2437
2026-03-14 09:16:51.400,-1.1024,0.2007,10.0195
2026-03-14 09:16:51.410,-1.3844,-0.4614,9.7748
2026-03-14 09:16:51.420,-1.2854,-0.8133,9.5287
2026-03-14 09:16:51.430,-1.6461,-0.4929,9.5103
2026-03-14 09:16:51.440,-1.4656,-1.0704,9.3349
2026-03-14 09:16:51.450,-1.312,-0.7805,9.5532
2026-03-14 09:16:51.460,-1.2935,-1.2874,9.992
2026-03-14 09:16:51.470,-1.344,-1.2466,9.7001
2026-03-14 09:16:51.480,-1.4277,-1.08,9.7105
2026-03-14 09:16:51.490,-1.097,-1.258,9.7147
2026-03-14 09:16:51.500,-1.4682,-1.2162,9.6236
2026-03-14 09:16:51.510,-1.3481,-0.9558,9.3531
2026-03-14 09:16:51.520,-1.1714,-0.8816,9.2445
2026-03-14 09:16:51.530,-0.7676,-0.5252,9.4869
2026-03-14 09:16:51.540,-0.7058,-0.4485,9.8876
2026-03-14 09:16:51.550,-0.3083,-0.3639,9.959
2026-03-14 09:16:51.560,-0.3978,-0.1146,9.7118
2026-03-14 09:16:51.570,-0.117,-0.0831,10.1604
2026-03-14 09:16:51.580,-0.1623,0.2951,10.2338
2026-03-14 09:16:51.590,0.2253,0.5996,9.9089
2026-03-14 09:16:51.600,0.3179,0.7217,9.5835
2026-03-14 09:16:51.610,0.5129,1.0042,9.5954
2026-03-14 09:16:51.620,0.9037,0.8982,9.5702
2026-03-14 09:16:51.630,0.7355,0.9875,9.72
2026-03-14 09:16:51.640,1.1958,0.8301,10.1076
2026-03-14 09:16:51.650,1.3229,1.1432,10.166
2026-03-14 09:16:51.660,1.2263,1.1355,10.1668
2026-03-14 09:16:51.670,1.2039,0.7085,10.5459
2026-03-14 09:16:51.680,1.2779,0.9668,9.9418
2026-03-14 09:16:51.690,1.3082,0.6864,9.695
2026-03-14 09:16:51.700,1.3591,0.5142,9.4709
2026-03-14 09:16:51.710,1.5175,0.5406,9.3884
2026-03-14 09:16:51.720,1.4146,0.238,9.8357
2026-03-14 09:16:51.730,1.2752,0.3631,9.6223
2026-03-14 09:16:51.740,1.101,0.1811,9.7908
2026-03-14 09:16:51.750,,0.0696,10.2401
2026-03-14 09:16:51.760,0.9291,0.0371,9.7819
2026-03-14 09:16:51.770,0.8389,-0.1194,9.9339
2026-03-14 09:16:51.780,0.7632,0.0062,9.4246
2026-03-14 09:16:51.790,0.6733,-0.213,9.2762
2026-03-14 09:16:51.800,0.7793,0.1219,9.5162
2026-03-14 09:16:51.810,0.3506,-0.1234,9.416
2026-03-14 09:16:51.820,0.4412,0.0009,9.8046
2026-03-14 09:16:51.830,0.3946,0.1859,10.2568
2026-03-14 09:16:51.840,0.1219,0.429,10.2452
2026-03-14 09:16:51.850,0.1608,-0.0244,10.0365
2026-03-14 09:16:51.860,-0.2055,0.2741,9.9328
2026-03-14 09:16:51.870,-0.475,0.3476,9.6061
2026-03-14 09:16:51.880,-0.7634,0.1006,9.8159
2026-03-14 09:16:51.890,-0.7833,0.3799,9.5762
2026-03-14 09:16:51.900,-0.825,0.0942,9.9595
2026-03-14 09:16:51.910,-0.9602,0.0603,10.3916
2026-03-14 09:16:51.920,-0.9523,0.0165,10.4745
2026-03-14 09:16:51.930,-1.3392,-0.2614,10.1441
2026-03-14 09:16:51.940,-1.528,-0.4614,10.1856
2026-03-14 09:16:51.950,-1.5457,-0.5103,9.827
2026-03-14 09:16:51.960,-0.9759,-0.8277,9.7449
2026-03-14 09:16:51.970,-1.6521,-0.7715,9.3521
2026-03-14 09:16:51.980,-1.7141,-0.7389,9.3158
2026-03-14 09:16:51.990,-1.4959,-0.9467,9.4507
2026-03-14 09:16:52.000,-1.3061,-1.2008,9.4768
2026-03-14 09:16:52.010,-1.4037,-0.94,9.368
2026-03-14 09:16:52.020,-1.4944,-1.2166,9.7733
2026-03-14 09:16:52.030,-1.3779,-1.2517,10.0513
2026-03-14 09:16:52.040,,-1.0408,9.8073
2026-03-14 09:16:52.050,-0.8749,-0.5489,9.7943
2026-03-14 09:16:52.060,-0.883,-0.6435,9.6717
2026-03-14 09:16:52.070,-0.8527,-0.3613,9.694
2026-03-14 09:16:52.080,-0.6442,-0.131,9.7097
2026-03-14 09:16:52.090,-0.1788,-0.0974,9.8567
2026-03-14 09:16:52.100,-0.1258,0.0061,9.7558
2026-03-14 09:16:52.110,0.1226,0.2472,10.2366
2026-03-14 09:16:52.120,0.2186,0.6079,9.912
2026-03-14 09:16:52.130,0.6588,0.7208,10.2334
2026-03-14 09:16:52.140,0.486,0.6955,10.1134
2026-03-14 09:16:52.150,1.0472,0.9123,9.789
2026-03-14 09:16:52.160,0.831,1.0122,
2026-03-14 09:16:52.170,0.9496,0.8253,10.5717
2026-03-14 09:16:52.180,1.3877,0.8523,10.2385
2026-03-14 09:16:52.190,1.1464,1.0365,10.0687
2026-03-14 09:16:52.200,1.3477,0.8773,9.9405
2026-03-14 09:16:52.210,1.2998,0.726,9.9722
2026-03-14 09:16:52.220,1.4657,0.8281,9.8612
2026-03-14 09:16:52.230,1.3298,0.5896,9.8007
2026-03-14 09:16:52.240,1.2174,0.5368,9.8772
2026-03-14 09:16:52.250,1.332,0.3202,9.3769
2026-03-14 09:16:52.260,1.0393,0.0997,9.2946
2026-03-14 09:16:52.270,1.11,0.1574,9.72
2026-03-14 09:16:52.280,1.0963,0.0431,9.7424
2026-03-14 09:16:52.290,1.2737,-0.1954,9.6496
2026-03-14 09:16:52.300,0.8859,-0.1642,9.7439
2026-03-14 09:16:52.310,0.6855,-0.1579,9.4495
2026-03-14 09:16:52.320,0.6545,0.0348,9.6819
2026-03-14 09:16:52.330,0.4142,-0.0332,9.8529
2026-03-14 09:16:52.340,0.3932,0.1698,9.3469
2026-03-14 09:16:52.350,0.4715,0.1935,9.5682
2026-03-14 09:16:52.360,0.0537,0.2453,9.7506
2026-03-14 09:16:52.370,-0.0693,0.3046,10.0927
2026-03-14 09:16:52.380,-0.3177,0.3013,9.8528
2026-03-14 09:16:52.390,-0.1667,0.1024,10.2918
2026-03-14 09:16:52.400,-0.2986,0.0904,10.0041
2026-03-14 09:16:52.410,-0.5638,0.4528,9.9167
2026-03-14 09:16:52.420,-0.4898,0.0858,9.8226
2026-03-14 09:16:52.430,-0.7793,0.1589,9.8728
2026-03-14 09:16:52.440,-0.8797,-0.0829,9.8436
2026-03-14 09:16:52.450,-1.1126,0.0884,10.1512
2026-03-14 09:16:52.460,-1.2172,-0.0261,10.1422
2026-03-14 09:16:52.470,-1.2992,-0.4499,10.2326
2026-03-14 09:16:52.480,-1.1245,-0.4167,10.1673
2026-03-14 09:16:52.490,-1.4694,-1.0218,9.9756
2026-03-14 09:16:52.500,-1.5413,-0.8731,9.6979
2026-03-14 09:16:52.510,-1.6652,-1.084,9.5849
2026-03-14 09:16:52.520,-1.3716,-1.341,9.3823
2026-03-14 09:16:52.530,-1.5526,-0.7393,9.3356
2026-03-14 09:16:52.540,-1.088,-1.1468,9.2104
2026-03-14 09:16:52.550,-1.3444,-1.0189,9.5537
2026-03-14 09:16:52.560,-1.2893,-1.2457,10.058
2026-03-14 09:16:52.570,-0.814,-1.1227,9.9211
2026-03-14 09:16:52.580,-0.9629,-0.6811,9.3852
2026-03-14 09:16:52.590,-0.9912,-1.0711,9.7585
2026-03-14 09:16:52.600,-0.5143,-0.4105,9.6748
2026-03-14 09:16:52.610,-0.3261,-0.3946,9.8961
2026-03-14 09:16:52.620,-0.0188,0.175,9.6835
2026-03-14 09:16:52.630,-0.23,0.1833,9.9358
2026-03-14 09:16:52.640,0.1914,0.3431,10.1465
2026-03-14 09:16:52.650,0.3119,0.7463,10.1708
2026-03-14 09:16:52.660,0.4939,0.7619,10.1696
2026-03-14 09:16:52.670,0.9304,0.8818,10.4185
2026-03-14 09:16:52.680,1.0318,0.7151,10.1037
2026-03-14 09:16:52.690,1.015,1.1236,9.7487
2026-03-14 09:16:52.700,1.2489,1.0731,10.06
2026-03-14 09:16:52.710,1.1001,1.0416,9.7189
2026-03-14 09:16:52.720,1.2847,1.1106,9.8106
2026-03-14 09:16:52.730,1.4655,0.9204,10.1364
2026-03-14 09:16:52.740,1.5769,0.7819,10.1389
2026-03-14 09:16:52.750,1.5841,0.6466,9.971
2026-03-14 09:16:52.760,1.561,0.5531,10.1645
2026-03-14 09:16:52.770,1.5474,0.3763,9.5688
2026-03-14 09:16:52.780,1.1108,-0.1339,
2026-03-14 09:16:52.790,1.1009,0.0077,9.3796
2026-03-14 09:16:52.800,1.0811,-0.1043,9.3022
2026-03-14 09:16:52.810,0.8604,0.1523,9.2098
2026-03-14 09:16:52.820,0.7339,-0.0738,9.532
2026-03-14 09:16:52.830,0.9848,-0.2522,9.7743
2026-03-14 09:16:52.840,0.6571,-0.0764,10.0273
2026-03-14 09:16:52.850,0.3795,-0.2216,10.1406
2026-03-14 09:16:52.860,0.3449,-0.0205,9.5299
2026-03-14 09:16:52.870,0.4185,,9.5842
2026-03-14 09:16:52.880,0.4918,0.2154,9.4064
2026-03-14 09:16:52.890,0.2345,0.1298,9.5751
2026-03-14 09:16:52.900,-0.1036,0.2709,9.614
2026-03-14 09:16:52.910,-0.023,0.4677,
2026-03-14 09:16:52.920,-0.336,0.1408,10.1883
2026-03-14 09:16:52.930,-0.5676,0.1956,10.4646
2026-03-14 09:16:52.940,-0.4311,0.0532,10.0124
2026-03-14 09:16:52.950,-0.7366,0.123,10.1129
2026-03-14 09:16:52.960,-0.7398,0.0119,9.9538
2026-03-14 09:16:52.970,-0.9323,0.0495,9.5976
2026-03-14 09:16:52.980,-0.9865,-0.2556,9.6333
2026-03-14 09:16:52.990,-1.2395,-0.5305,9.405
2026-03-14 09:16:53.000,-1.3067,-0.3401,9.806
2026-03-14 09:16:53.010,-1.2074,-0.4693,10.1927
2026-03-14 09:16:53.020,-1.4916,-0.7473,9.6025
2026-03-14 09:16:53.030,-1.3699,-0.9597,10.0279
2026-03-14 09:16:53.040,-1.6902,-1.2717,9.6734
2026-03-14 09:16:53.050,-1.537,-1.145,9.3579
2026-03-14 09:16:53.060,-1.5551,-1.3192,9.3393
2026-03-14 09:16:53.070,-1.4275,-1.1333,9.2917
2026-03-14 09:16:53.080,-1.206,-1.0267,9.4526
2026-03-14 09:16:53.090,-1.1321,-1.2879,9.9318
2026-03-14 09:16:53.100,-0.9766,-0.9455,9.5072
2026-03-14 09:16:53.110,-0.9388,-0.8627,9.9271
2026-03-14 09:16:53.120,-0.7831,-0.8134,10.0337
2026-03-14 09:16:53.130,-0.3071,,9.7585
2026-03-14 09:16:53.140,-0.4492,-0.2178,9.9748
2026-03-14 09:16:53.150,-0.368,0.0018,9.4329
2026-03-14 09:16:53.160,0.2048,0.2072,9.8944
2026-03-14 09:16:53.170,0.6708,0.467,9.7742
2026-03-14 09:16:53.180,0.535,0.6064,9.9829
2026-03-14 09:16:53.190,0.7273,0.6697,10.2081
2026-03-14 09:16:53.200,0.7784,0.8496,10.4505
2026-03-14 09:16:53.210,1.0856,1.0069,10.1463
2026-03-14 09:16:53.220,1.0767,1.0948,10.0622
2026-03-14 09:16:53.230,1.2499,1.1677,9.9976
2026-03-14 09:16:53.240,1.3767,1.385,9.9038
2026-03-14 09:16:53.250,1.532,0.952,9.4926
2026-03-14 09:16:53.260,1.4346,0.7729,10.0014
2026-03-14 09:16:53.270,1.2654,0.74,9.4927
2026-03-14 09:16:53.280,1.3705,0.6574,10.3966
2026-03-14 09:16:53.290,1.6585,0.4922,9.7422
2026-03-14 09:16:53.300,1.4221,0.2206,9.9631
2026-03-14 09:16:53.310,1.1689,0.1939,9.505
2026-03-14 09:16:53.320,1.2622,0.1179,9.5119
2026-03-14 09:16:53.330,0.9203,0.1866,9.448
2026-03-14 09:16:53.340,1.0096,-0.1786,9.4643
2026-03-14 09:16:53.350,0.6845,-0.1796,9.241
2026-03-14 09:16:53.360,0.5887,-0.1824,9.7508
2026-03-14 09:16:53.370,0.8815,0.0993,9.6746
2026-03-14 09:16:53.380,0.7255,0.005,9.6955
2026-03-14 09:16:53.390,0.6124,0.0219,9.9639
2026-03-14 09:16:53.400,0.3269,0.0957,10.1677
2026-03-14 09:16:53.410,0.0021,0.2046,9.8387
2026-03-14 09:16:53.420,0.1796,0.4243,9.9268
2026-03-14 09:16:53.430,-0.1268,0.4439,9.3647
2026-03-14 09:16:53.440,-0.2156,0.5349,9.9518
2026-03-14 09:16:53.450,-0.2011,0.0418,9.6307
2026-03-14 09:16:53.460,-0.6939,0.0731,9.7521
2026-03-14 09:16:53.470,,0.0366,10.3866
2026-03-14 09:16:53.480,-0.8233,0.0777,10.1714
2026-03-14 09:16:53.490,-0.5819,0.1449,9.9317
2026-03-14 09:16:53.500,-1.1736,0.0847,9.833
2026-03-14 09:16:53.510,-1.0179,-0.2786,9.9854
2026-03-14 09:16:53.520,-1.3545,,9.8025
2026-03-14 09:16:53.530,-1.4827,-0.3583,9.5208
2026-03-14 09:16:53.540,-1.3052,-0.7289,9.9233
2026-03-14 09:16:53.550,-1.4617,-0.9568,10.0739
2026-03-14 09:16:53.560,-1.6137,-0.9803,10.2923
2026-03-14 09:16:53.570,-1.5912,-1.1262,9.8922
2026-03-14 09:16:53.580,-1.4299,-0.9711,9.7147
2026-03-14 09:16:53.590,-1.4794,-1.2017,9.1867
2026-03-14 09:16:53.600,-1.1577,-1.4818,9.223
2026-03-14 09:16:53.610,-1.0776,-0.9569,9.0386
2026-03-14 09:16:53.620,-1.2059,-0.894,9.4062
2026-03-14 09:16:53.630,-1.1168,-0.8448,9.6748
2026-03-14 09:16:53.640,-0.8214,-1.1179,9.5656
2026-03-14 09:16:53.650,-0.303,,9.7795
2026-03-14 09:16:53.660,-0.3377,-0.4751,9.9545
2026-03-14 09:16:53.670,-0.4261,0.1589,10.0523
2026-03-14 09:16:53.680,-0.1738,0.2424,10.0269
2026-03-14 09:16:53.690,0.3754,0.4184,9.91
2026-03-14 09:16:53.700,0.4843,0.434,9.7006
2026-03-14 09:16:53.710,0.4709,0.8612,10.0423
2026-03-14 09:16:53.720,0.9123,0.6061,9.9121
2026-03-14 09:16:53.730,0.9745,0.7672,9.6886
2026-03-14 09:16:53.740,1.2154,1.1528,9.7375
2026-03-14 09:16:53.750,1.0979,0.9645,10.3351
2026-03-14 09:16:53.760,1.4293,1.2277,10.1215
2026-03-14 09:16:53.770,1.4616,,9.935
2026-03-14 09:16:53.780,1.4644,0.825,9.4639
2026-03-14 09:16:53.790,1.5052,0.8017,9.5671
2026-03-14 09:16:53.800,1.1748,0.9514,9.4499
2026-03-14 09:16:53.810,1.1549,0.496,9.7003
2026-03-14 09:16:53.820,1.1741,0.4429,9.6499
2026-03-14 09:16:53.830,1.1939,-0.0963,9.5823
2026-03-14 09:16:53.840,0.9715,0.1491,9.5444
2026-03-14 09:16:53.850,1.1611,0.0815,10.364
2026-03-14 09:16:53.860,1.1651,0.1067,9.8085
2026-03-14 09:16:53.870,0.9486,-0.0012,9.4301
2026-03-14 09:16:53.880,0.7402,0.1076,9.2239
2026-03-14 09:16:53.890,0.7052,-0.0462,9.113
2026-03-14 09:16:53.900,0.8273,0.0925,9.5403
2026-03-14 09:16:53.910,0.4898,-0.0156,9.3713
2026-03-14 09:16:53.920,,,10.206
2026-03-14 09:16:53.930,0.4841,0.297,9.8561
2026-03-14 09:16:53.940,0.0604,0.3804,9.9816
2026-03-14 09:16:53.950,-0.0484,-0.0039,10.2238
2026-03-14 09:16:53.960,-0.106,0.0301,9.7162
2026-03-14 09:16:53.970,-0.2444,0.1642,9.679
2026-03-14 09:16:53.980,-0.5963,0.095,9.8134
2026-03-14 09:16:53.990,-0.571,-0.0205,9.778
2026-03-14 09:16:54.000,-0.9315,0.354,9.9538
2026-03-14 09:16:54.010,-0.6706,-0.1004,10.3686
2026-03-14 09:16:54.020,-0.9534,-0.0771,10.1683
2026-03-14 09:16:54.030,-1.0273,-0.2757,10.2081
2026-03-14 09:16:54.040,-1.0293,-0.301,9.8888
2026-03-14 09:16:54.050,-1.2098,-0.3069,9.5691
2026-03-14 09:16:54.060,-1.4155,-0.4559,9.7339
2026-03-14 09:16:54.070,-1.6695,-0.8124,9.886
2026-03-14 09:16:54.080,-1.6253,-0.9892,9.3895
2026-03-14 09:16:54.090,-1.5245,-1.047,9.6738
2026-03-14 09:16:54.100,-1.4997,-0.9144,9.553
2026-03-14 09:16:54.110,-1.3793,-1.1927,9.6629
2026-03-14 09:16:54.120,-1.1913,-1.0986,10.0757
2026-03-14 09:16:54.130,-1.1633,-1.355,9.7697
2026-03-14 09:16:54.140,-1.3118,-1.1408,9.553
2026-03-14 09:16:54.150,-0.8965,-1.1479,9.3411
2026-03-14 09:16:54.160,-1.1206,-0.812,9.4949
2026-03-14 09:16:54.170,-0.5758,-0.5153,9.5849
2026-03-14 09:16:54.180,-0.4533,-0.3765,9.4866
2026-03-14 09:16:54.190,-0.6094,-0.5796,9.921
2026-03-14 09:16:54.200,-0.1256,-0.0064,10.3277
2026-03-14 09:16:54.210,-0.0777,0.0958,9.8571
2026-03-14 09:16:54.220,0.2229,0.4167,10.1178
2026-03-14 09:16:54.230,0.3076,0.7087,9.8099
2026-03-14 09:16:54.240,0.4228,1.0135,9.7653
2026-03-14 09:16:54.250,0.9308,0.9394,9.7722
2026-03-14 09:16:54.260,0.6446,1.0158,9.8944
2026-03-14 09:16:54.270,1.1369,1.1512,9.8472
2026-03-14 09:16:54.280,1.2375,1.0423,10.4835
2026-03-14 09:16:54.290,1.2803,0.9239,10.1777
2026-03-14 09:16:54.300,1.2476,0.8822,10.1216
2026-03-14 09:16:54.310,1.2045,0.9543,10.0023
2026-03-14 09:16:54.320,1.5693,0.6648,9.9114
2026-03-14 09:16:54.330,1.5018,0.5596,
2026-03-14 09:16:54.340,1.2376,0.2529,9.4022
2026-03-14 09:16:54.350,1.3527,0.6055,9.2354
2026-03-14 09:16:54.360,1.169,0.2552,9.3669
2026-03-14 09:16:54.370,0.9213,0.0316,9.3999
2026-03-14 09:16:54.380,1.1137,0.2025,9.6756
2026-03-14 09:16:54.390,1.2275,0.046,9.668
2026-03-14 09:16:54.400,1.0263,0.1639,9.9897
2026-03-14 09:16:54.410,0.5638,-0.0098,9.4896
2026-03-14 09:16:54.420,0.9812,-0.036,9.2677
2026-03-14 09:16:54.430,0.2971,-0.1124,9.3985
2026-03-14 09:16:54.440,0.6333,0.0749,9.267
2026-03-14 09:16:54.450,0.2676,0.016,9.6289
2026-03-14 09:16:54.460,0.4851,0.2857,10.039
2026-03-14 09:16:54.470,0.1616,0.0895,9.9908
2026-03-14 09:16:54.480,-0.2542,0.2815,10.183
2026-03-14 09:16:54.490,-0.0459,0.3845,9.7209
2026-03-14 09:16:54.500,-0.3482,0.437,10.3202
2026-03-14 09:16:54.510,,0.1881,9.6916
2026-03-14 09:16:54.520,-0.3988,-0.0231,9.5526
2026-03-14 09:16:54.530,-0.6319,0.1394,9.5824
2026-03-14 09:16:54.540,-0.8954,0.1389,9.8994
2026-03-14 09:16:54.550,-1.1335,0.0958,10.0891
2026-03-14 09:16:54.560,-1.0364,-0.1405,10.143
2026-03-14 09:16:54.570,-1.2886,-0.0099,10.266
2026-03-14 09:16:54.580,-1.2072,-0.8741,10.3082
2026-03-14 09:16:54.590,-1.4689,-0.66,9.7429
2026-03-14 09:16:54.600,-1.2814,-0.6726,9.5785
2026-03-14 09:16:54.610,-1.5146,-0.7381,9.3807
2026-03-14 09:16:54.620,-1.529,-1.3194,9.6923
2026-03-14 09:16:54.630,-1.437,-1.1417,9.301
2026-03-14 09:16:54.640,-1.2793,-1.0332,9.6177
2026-03-14 09:16:54.650,-1.5172,-1.1493,9.5117
2026-03-14 09:16:54.660,-1.3336,-1.141,9.8894
2026-03-14 09:16:54.670,-1.0267,,9.9779
2026-03-14 09:16:54.680,-1.0271,-0.9148,9.9098
2026-03-14 09:16:54.690,-0.933,-0.8146,9.622
2026-03-14 09:16:54.700,-0.4324,-0.5476,9.5931
2026-03-14 09:16:54.710,-0.7252,-0.3162,9.4744
2026-03-14 09:16:54.720,-0.2878,0.1064,9.3363
2026-03-14 09:16:54.730,0.0087,0.0294,10.068
2026-03-14 09:16:54.740,0.1673,0.3613,10.1656
2026-03-14 09:16:54.750,0.3238,0.5684,10.2257
2026-03-14 09:16:54.760,0.6573,0.8461,10.2163
2026-03-14 09:16:54.770,0.7583,0.7641,10.3613
2026-03-14 09:16:54.780,0.8889,0.7785,10.2465
2026-03-14 09:16:54.790,0.8587,1.192,10.0519
2026-03-14 09:16:54.800,1.1266,0.7474,9.7338
2026-03-14 09:16:54.810,1.1944,0.9939,10.0292
2026-03-14 09:16:54.820,1.1782,0.8225,10.396
2026-03-14 09:16:54.830,1.0167,0.7931,9.9635
2026-03-14 09:16:54.840,1.3276,0.7845,10.2944
2026-03-14 09:16:54.850,1.4756,0.6749,10.1443
2026-03-14 09:16:54.860,1.3871,0.4448,9.4578
2026-03-14 09:16:54.870,1.3158,0.2668,9.5839
2026-03-14 09:16:54.880,1.219,0.2456,9.4435
2026-03-14 09:16:54.890,1.2006,-0.0035,
2026-03-14 09:16:54.900,1.1957,0.0731,9.1055
2026-03-14 09:16:54.910,1.2126,0.1926,9.7311
2026-03-14 09:16:54.920,1.0797,0.0145,9.825
2026-03-14 09:16:54.930,1.1532,-0.0088,9.8826
2026-03-14 09:16:54.940,0.7785,0.1079,9.7171
2026-03-14 09:16:54.950,0.9091,-0.1733,9.8768
2026-03-14 09:16:54.960,0.4074,0.1332,9.5461
2026-03-14 09:16:54.970,0.174,0.1602,9.495
2026-03-14 09:16:54.980,0.4883,0.1016,9.5796
2026-03-14 09:16:54.990,0.5463,0.2284,9.4777
2026-03-14 09:16:55.000,0.0131,0.0146,10.0642
2026-03-14 09:16:55.010,0.0077,0.2292,10.2763
2026-03-14 09:16:55.020,0.01,0.2283,10.1798
2026-03-14 09:16:55.030,-0.1433,0.1467,10.451
2026-03-14 09:16:55.040,-0.399,-0.0028,10.1915
2026-03-14 09:16:55.050,-0.427,0.3684,10.0674
2026-03-14 09:16:55.060,-0.7511,0.3251,9.8735
2026-03-14 09:16:55.070,-0.8195,-0.0481,9.6579
2026-03-14 09:16:55.080,-1.0083,-0.2808,9.7847
2026-03-14 09:16:55.090,-1.0539,-0.2026,9.8375
2026-03-14 09:16:55.100,-1.3454,-0.2955,10.2302
2026-03-14 09:16:55.110,-1.3096,-0.3718,9.6039
2026-03-14 09:16:55.120,-1.4724,-0.6575,9.8843
2026-03-14 09:16:55.130,-1.4727,-0.8426,9.627
2026-03-14 09:16:55.140,-1.4528,-1.0229,9.6332
2026-03-14 09:16:55.150,-1.6226,-1.2667,9.3918
2026-03-14 09:16:55.160,-1.4294,-1.0239,9.4423
2026-03-14 09:16:55.170,-1.1282,-1.1065,9.5569
2026-03-14 09:16:55.180,-1.2342,-1.2405,9.3052
2026-03-14 09:16:55.190,-0.939,-1.1291,9.8643
2026-03-14 09:16:55.200,-1.1891,-1.113,9.7715
2026-03-14 09:16:55.210,-1.0035,-0.8619,9.5747
2026-03-14 09:16:55.220,-0.5965,-0.5873,9.8605
2026-03-14 09:16:55.230,-0.6487,-0.5147,9.8763
2026-03-14 09:16:55.240,-0.708,-0.2929,9.2807
2026-03-14 09:16:55.250,-0.3355,-0.1836,9.5795
2026-03-14 09:16:55.260,-0.3224,-0.0552,9.5447
2026-03-14 09:16:55.270,0.1522,0.2446,10.0589
2026-03-14 09:16:55.280,0.6686,0.5582,9.9213
2026-03-14 09:16:55.290,0.5985,,10.2516
2026-03-14 09:16:55.300,0.7116,1.2292,10.1468
2026-03-14 09:16:55.310,1.3194,0.7342,10.2396
2026-03-14 09:16:55.320,1.0864,1.2226,9.9726
2026-03-14 09:16:55.330,1.1183,0.7538,9.7643
2026-03-14 09:16:55.340,1.4577,0.7117,9.6563
2026-03-14 09:16:55.350,1.178,1.2778,9.7146
2026-03-14 09:16:55.360,1.267,1.0462,9.5672
2026-03-14 09:16:55.370,1.5044,0.7795,10.0629
2026-03-14 09:16:55.380,1.4152,0.8267,9.6981
2026-03-14 09:16:55.390,1.4043,0.3615,10.2977
2026-03-14 09:16:55.400,1.228,0.3432,9.9763
2026-03-14 09:16:55.410,1.4152,0.2869,9.4315
2026-03-14 09:16:55.420,1.1684,0.1176,9.6133
2026-03-14 09:16:55.430,1.2081,0.0561,9.6621
2026-03-14 09:16:55.440,0.8913,0.2271,9.0429
2026-03-14 09:16:55.450,1.0601,-0.0662,9.7181
2026-03-14 09:16:55.460,0.7279,-0.2827,9.4494
2026-03-14 09:16:55.470,0.5451,-0.2641,10.0137
2026-03-14 09:16:55.480,0.8054,-0.1431,9.8333
2026-03-14 09:16:55.490,0.6788,-0.1482,10.0812
2026-03-14 09:16:55.500,0.5586,-0.174,9.7355
2026-03-14 09:16:55.510,0.3102,0.0728,9.7662
2026-03-14 09:16:55.520,-0.1025,0.3815,9.6048
2026-03-14 09:16:55.530,-0.0985,0.1383,9.4776
2026-03-14 09:16:55.540,0.1065,0.2682,10.0864
2026-03-14 09:16:55.550,-0.3661,-0.0445,10.0061
2026-03-14 09:16:55.560,-0.4818,0.1805,10.2344
2026-03-14 09:16:55.570,-0.5348,0.2195,10.1851
2026-03-14 09:16:55.580,-0.5269,0.0691,9.828
2026-03-14 09:16:55.590,-0.8326,-0.0258,10.1339
2026-03-14 09:16:55.600,-0.9693,-0.058,9.7619
2026-03-14 09:16:55.610,-1.347,-0.0793,9.6157
2026-03-14 09:16:55.620,-1.2787,-0.3957,9.8411
2026-03-14 09:16:55.630,-1.3034,-0.4424,10.1268
2026-03-14 09:16:55.640,-1.5057,-0.912,
2026-03-14 09:16:55.650,-1.1727,-1.278,9.7542
2026-03-14 09:16:55.660,-1.4264,-0.8658,9.958
2026-03-14 09:16:55.670,-1.5752,-0.9249,10.0348
2026-03-14 09:16:55.680,-1.7182,-1.0184,9.651
2026-03-14 09:16:55.690,-1.6004,-1.3495,9.4379
2026-03-14 09:16:55.700,-1.2594,-1.3116,9.1554
2026-03-14 09:16:55.710,-1.1578,-1.0677,9.4328
2026-03-14 09:16:55.720,-1.4302,-1.2771,9.4835
2026-03-14 09:16:55.730,-0.7715,,9.8033
2026-03-14 09:16:55.740,-1.0572,-0.6559,9.9142
2026-03-14 09:16:55.750,-0.6902,-0.7242,9.8498
2026-03-14 09:16:55.760,-0.6259,-0.2489,9.576
2026-03-14 09:16:55.770,-0.534,0.1053,9.8866
2026-03-14 09:16:55.780,0.1932,-0.0918,9.9855
2026-03-14 09:16:55.790,0.1033,0.1144,9.7168
2026-03-14 09:16:55.800,0.1658,0.3665,9.6653
2026-03-14 09:16:55.810,0.3517,0.828,10.0652
2026-03-14 09:16:55.820,0.5163,0.6646,10.1945
2026-03-14 09:16:55.830,0.9485,1.2587,10.2652
2026-03-14 09:16:55.840,0.8582,0.8905,10.3378
2026-03-14 09:16:55.850,1.1481,1.2335,10.2526
2026-03-14 09:16:55.860,0.9748,0.9606,9.9311
2026-03-14 09:16:55.870,1.2985,0.7637,9.9976
2026-03-14 09:16:55.880,1.0872,0.9064,9.5723
2026-03-14 09:16:55.890,1.3404,0.7666,
2026-03-14 09:16:55.900,1.0454,0.495,9.9695
2026-03-14 09:16:55.910,1.1761,0.7968,9.7935
2026-03-14 09:16:55.920,1.0127,0.4493,10.0559
2026-03-14 09:16:55.930,1.4272,-0.0144,
2026-03-14 09:16:55.940,1.2039,0.447,9.9009
2026-03-14 09:16:55.950,1.1085,0.013,9.4556
2026-03-14 09:16:55.960,0.8854,0.0492,9.7945
2026-03-14 09:16:55.970,1.2211,-0.1463,9.8548
2026-03-14 09:16:55.980,0.8139,-0.0954,9.0268
2026-03-14 09:16:55.990,0.7541,-0.2365,9.665
2026-03-14 09:16:56.000,0.6846,0.1603,9.598
2026-03-14 09:16:56.010,0.5911,0.0994,9.5719
2026-03-14 09:16:56.020,0.5037,-0.1248,10.0819
2026-03-14 09:16:56.030,0.5055,0.2821,10.1736
2026-03-14 09:16:56.040,0.1696,0.2691,9.8845
2026-03-14 09:16:56.050,0.0256,0.2911,9.9761
2026-03-14 09:16:56.060,,0.0703,9.8641
2026-03-14 09:16:56.070,-0.2186,0.1066,9.9444
2026-03-14 09:16:56.080,-0.4851,0.3078,9.8767
2026-03-14 09:16:56.090,-0.6875,0.2734,9.6759
2026-03-14 09:16:56.100,-0.4042,0.3421,10.2402
2026-03-14 09:16:56.110,-0.4251,0.1751,10.1575
2026-03-14 09:16:56.120,-1.022,-0.0249,10.1823
2026-03-14 09:16:56.130,-1.0088,0.1044,9.9398
2026-03-14 09:16:56.140,-0.8627,-0.2852,10.0301
2026-03-14 09:16:56.150,-1.4951,-0.2341,9.4099
2026-03-14 09:16:56.160,-1.1499,-0.4358,9.6523
2026-03-14 09:16:56.170,-1.6401,-0.7275,9.9488
2026-03-14 09:16:56.180,-1.486,-0.6908,9.9855
2026-03-14 09:16:56.190,-1.385,-0.9927,9.8796
2026-03-14 09:16:56.200,-1.4545,-1.2218,9.5722
2026-03-14 09:16:56.210,-1.7139,-1.2229,10.1435
2026-03-14 09:16:56.220,-1.2158,-1.2148,9.6041
2026-03-14 09:16:56.230,-1.3194,-1.2018,9.4889
2026-03-14 09:16:56.240,-1.2676,-1.1957,9.361
2026-03-14 09:16:56.250,-1.0719,-1.1752,9.4607
2026-03-14 09:16:56.260,-0.9017,-1.2128,9.5342
2026-03-14 09:16:56.270,-0.9042,-0.6213,9.9223
2026-03-14 09:16:56.280,-0.6778,-0.5456,9.6591
2026-03-14 09:16:56.290,-0.3522,-0.4852,10.2122
2026-03-14 09:16:56.300,-0.2529,-0.1944,9.9821
2026-03-14 09:16:56.310,0.1128,-0.1865,9.8722
2026-03-14 09:16:56.320,0.0806,0.083,9.8541
2026-03-14 09:16:56.330,0.2805,0.6753,9.4351
2026-03-14 09:16:56.340,0.6207,0.6006,9.664
2026-03-14 09:16:56.350,0.8204,0.8375,9.7643
2026-03-14 09:16:56.360,0.6773,1.2296,9.8597
2026-03-14 09:16:56.370,1.2767,1.1279,10.1519
2026-03-14 09:16:56.380,1.1373,1.0491,10.2735
2026-03-14 09:16:56.390,1.0435,1.0792,10.247
2026-03-14 09:16:56.400,1.3312,1.0174,10.4201
2026-03-14 09:16:56.410,1.2757,0.8969,9.7492
2026-03-14 09:16:56.420,1.2442,0.968,9.7112
2026-03-14 09:16:56.430,1.3489,0.8682,9.2223
2026-03-14 09:16:56.440,1.0957,0.574,9.5561
2026-03-14 09:16:56.450,1.258,0.7556,9.4562
2026-03-14 09:16:56.460,1.1751,0.4803,9.7526
2026-03-14 09:16:56.470,1.2689,0.2809,9.7678
2026-03-14 09:16:56.480,0.9014,0.1461,
2026-03-14 09:16:56.490,0.8437,-0.1833,9.8909
2026-03-14 09:16:56.500,0.7984,-0.0445,9.2317
2026-03-14 09:16:56.510,1.1203,-0.1416,9.3398
2026-03-14 09:16:56.520,0.7199,-0.2157,9.4685
2026-03-14 09:16:56.530,0.3697,0.0017,9.1586
2026-03-14 09:16:56.540,0.535,0.3217,9.94
2026-03-14 09:16:56.550,0.6332,0.1063,9.8988
2026-03-14 09:16:56.560,0.502,-0.0369,9.9771
2026-03-14 09:16:56.570,0.0244,-0.0971,9.9485
2026-03-14 09:16:56.580,0.2556,0.4052,9.919
2026-03-14 09:16:56.590,-0.0532,0.1175,10.0551
2026-03-14 09:16:56.600,-0.056,0.1604,9.8604
2026-03-14 09:16:56.610,-0.5413,0.3099,9.9516
2026-03-14 09:16:56.620,-0.472,0.1031,9.8
2026-03-14 09:16:56.630,-0.4445,-0.0631,9.7695
2026-03-14 09:16:56.640,-0.873,0.0455,10.3146
2026-03-14 09:16:56.650,-1.001,0.0707,10.2821
2026-03-14 09:16:56.660,-0.9928,-0.0027,10.4058
2026-03-14 09:16:56.670,-1.2389,-0.0888,10.4699
2026-03-14 09:16:56.680,-1.3896,-0.0992,9.614
2026-03-14 09:16:56.690,-1.5457,-0.6004,9.6008
2026-03-14 09:16:56.700,-1.1656,-0.6089,9.3695
2026-03-14 09:16:56.710,-1.6493,-0.7911,9.3967
2026-03-14 09:16:56.720,-1.5839,-0.9773,9.7219
2026-03-14 09:16:56.730,-1.3812,-1.0302,9.5742
2026-03-14 09:16:56.740,-1.47,-1.222,9.6249
2026-03-14 09:16:56.750,-1.5892,-1.1889,9.801
2026-03-14 09:16:56.760,-1.217,-1.242,9.7295
2026-03-14 09:16:56.770,-1.0819,-1.0905,10.1477
2026-03-14 09:16:56.780,-1.048,-0.9934,9.1019
2026-03-14 09:16:56.790,-1.1094,-0.9457,9.2833
2026-03-14 09:16:56.800,-0.7627,-0.6785,9.3285
2026-03-14 09:16:56.810,-0.6918,-0.3706,9.4026
2026-03-14 09:16:56.820,-0.2793,-0.1364,9.9304
2026-03-14 09:16:56.830,-0.1051,0.0737,9.7064
2026-03-14 09:16:56.840,-0.2557,0.2535,10.0807
2026-03-14 09:16:56.850,0.1382,0.535,10.4609
2026-03-14 09:16:56.860,0.8834,0.3403,10.1752
2026-03-14 09:16:56.870,0.9027,0.6155,10.1643
2026-03-14 09:16:56.880,0.9305,0.7461,9.2769
2026-03-14 09:16:56.890,0.6264,1.0425,10.062
2026-03-14 09:16:56.900,1.0075,1.0606,10.2322
2026-03-14 09:16:56.910,1.0771,1.072,10.1602
2026-03-14 09:16:56.920,0.9319,0.9342,10.0974
2026-03-14 09:16:56.930,1.2853,0.8025,9.8295
2026-03-14 09:16:56.940,1.3127,0.688,10.0415
2026-03-14 09:16:56.950,1.3408,1.1301,9.9014
2026-03-14 09:16:56.960,1.3028,0.3674,9.5873
2026-03-14 09:16:56.970,1.2137,0.3827,9.7593
2026-03-14 09:16:56.980,1.3608,0.7702,9.363
2026-03-14 09:16:56.990,1.2258,0.4937,9.5397
2026-03-14 09:16:57.000,1.2078,0.1191,9.2388
2026-03-14 09:16:57.010,1.452,0.191,9.7311
2026-03-14 09:16:57.020,1.1168,0.0175,9.8445
2026-03-14 09:16:57.030,0.994,-0.1197,9.6947
2026-03-14 09:16:57.040,0.6787,-0.0535,9.4797
2026-03-14 09:16:57.050,0.4587,0.0551,9.4406
2026-03-14 09:16:57.060,0.5026,0.0739,9.7247
2026-03-14 09:16:57.070,0.256,0.0559,9.2038
2026-03-14 09:16:57.080,0.5364,0.1649,9.9002
2026-03-14 09:16:57.090,0.3669,0.1519,9.9384
2026-03-14 09:16:57.100,0.1745,0.2949,10.0864
2026-03-14 09:16:57.110,0.0277,0.2434,10.4003
2026-03-14 09:16:57.120,-0.2414,0.6048,10.1552
2026-03-14 09:16:57.130,-0.4549,0.3598,10.1992
2026-03-14 09:16:57.140,-0.4761,0.3018,9.8199
2026-03-14 09:16:57.150,-0.3603,0.0528,9.7677
2026-03-14 09:16:57.160,-0.7182,0.3253,9.6708
2026-03-14 09:16:57.170,-1.0043,0.0034,10.0331
2026-03-14 09:16:57.180,-0.9816,0.0198,9.4375
2026-03-14 09:16:57.190,-0.9534,-0.026,9.8532
2026-03-14 09:16:57.200,-0.9075,-0.41,10.0199
2026-03-14 09:16:57.210,,-0.415,10.1151
2026-03-14 09:16:57.220,-1.6185,-0.8958,9.9987
2026-03-14 09:16:57.230,-1.3625,-1.2355,9.4598
2026-03-14 09:16:57.240,-1.4598,-0.9593,9.5015
2026-03-14 09:16:57.250,-1.5999,-1.0187,9.5486
2026-03-14 09:16:57.260,-1.405,-1.2109,
2026-03-14 09:16:57.270,-1.5234,-1.1356,9.5737
2026-03-14 09:16:57.280,-1.6203,-1.1828,9.9866
2026-03-14 09:16:57.290,-1.3472,-0.8734,9.8016
2026-03-14 09:16:57.300,-1.2726,-1.2401,9.9197
2026-03-14 09:16:57.310,-0.9908,-0.686,9.628
2026-03-14 09:16:57.320,-1.0499,-0.6524,9.57
2026-03-14 09:16:57.330,-0.6993,-0.7061,9.4077
2026-03-14 09:16:57.340,-0.539,-0.4874,9.3327
2026-03-14 09:16:57.350,-0.3665,-0.467,9.372
2026-03-14 09:16:57.360,0.0219,-0.4502,9.6118
2026-03-14 09:16:57.370,-0.1416,-0.2177,10.4068
2026-03-14 09:16:57.380,0.3152,0.3262,10.4558
2026-03-14 09:16:57.390,0.6712,,10.6539
2026-03-14 09:16:57.400,0.5371,0.8634,10.4503
2026-03-14 09:16:57.410,0.6355,1.2678,9.7281
2026-03-14 09:16:57.420,0.8044,1.0675,9.6631
2026-03-14 09:16:57.430,1.0666,0.8276,9.9158
2026-03-14 09:16:57.440,1.4302,1.0648,9.8264
2026-03-14 09:16:57.450,1.6814,0.7689,9.8417
2026-03-14 09:16:57.460,1.5324,0.7905,9.8879
2026-03-14 09:16:57.470,1.4874,0.5583,10.0633
2026-03-14 09:16:57.480,1.7314,0.4493,9.9013
2026-03-14 09:16:57.490,1.4436,0.5488,9.8469
2026-03-14 09:16:57.500,1.091,0.2702,9.6116
2026-03-14 09:16:57.510,1.19,0.3978,9.46
2026-03-14 09:16:57.520,1.0219,0.2288,8.7446
2026-03-14 09:16:57.530,1.2283,0.1232,9.6366
2026-03-14 09:16:57.540,1.197,0.0504,9.2972
2026-03-14 09:16:57.550,1.0585,-0.0853,9.9025
2026-03-14 09:16:57.560,0.8005,-0.0307,9.5143
2026-03-14 09:16:57.570,0.7898,-0.1357,9.5741
2026-03-14 09:16:57.580,0.7879,-0.2173,9.7162
2026-03-14 09:16:57.590,0.3178,-0.1569,9.9291
2026-03-14 09:16:57.600,0.7578,-0.0596,9.7694
2026-03-14 09:16:57.610,0.1765,0.0487,9.7911
2026-03-14 09:16:57.620,0.24,0.3727,9.173
2026-03-14 09:16:57.630,-0.0171,0.0651,9.5852
2026-03-14 09:16:57.640,0.0059,0.2212,10.1541
2026-03-14 09:16:57.650,-0.1106,0.357,9.8894
2026-03-14 09:16:57.660,-0.3867,0.5336,10.2349
2026-03-14 09:16:57.670,,0.224,10.395
2026-03-14 09:16:57.680,-0.4969,-0.0841,9.8819
2026-03-14 09:16:57.690,-0.5916,0.1241,10.046
2026-03-14 09:16:57.700,-0.6769,0.0717,9.793
2026-03-14 09:16:57.710,-0.957,-0.2456,9.8537
2026-03-14 09:16:57.720,-1.0552,-0.3262,9.8046
2026-03-14 09:16:57.730,-1.1361,-0.4372,9.8387
2026-03-14 09:16:57.740,-1.2912,-0.6893,10.0219
2026-03-14 09:16:57.750,-1.5188,-0.949,9.9424
2026-03-14 09:16:57.760,-1.2673,-1.0514,9.9649
2026-03-14 09:16:57.770,-1.4609,-1.0118,9.4952
2026-03-14 09:16:57.780,-1.3976,-0.9212,9.7314
2026-03-14 09:16:57.790,-1.2452,-1.1255,9.4582
2026-03-14 09:16:57.800,-1.4765,,9.3183
2026-03-14 09:16:57.810,-1.039,-1.0348,9.0122
2026-03-14 09:16:57.820,-1.0909,-0.8969,9.4861
2026-03-14 09:16:57.830,,-1.0771,9.6697
2026-03-14 09:16:57.840,-0.9603,-1.0647,9.8824
2026-03-14 09:16:57.850,-0.8191,-0.6546,9.7922
2026-03-14 09:16:57.860,-0.6355,-0.3909,9.5991
2026-03-14 09:16:57.870,,-0.1932,9.2322
2026-03-14 09:16:57.880,-0.3329,-0.2618,9.6608
2026-03-14 09:16:57.890,-0.2155,0.001,9.8211
2026-03-14 09:16:57.900,0.2673,0.5489,10.1832
2026-03-14 09:16:57.910,0.1933,0.6217,10.0714
2026-03-14 09:16:57.920,0.4056,0.4155,10.1933
2026-03-14 09:16:57.930,0.7368,0.8865,10.5136
2026-03-14 09:16:57.940,0.775,1.1711,10.3988
2026-03-14 09:16:57.950,0.9196,0.9768,10.0262
2026-03-14 09:16:57.960,1.2877,1.034,10.2623
2026-03-14 09:16:57.970,1.1517,0.822,9.7283
2026-03-14 09:16:57.980,1.2267,1.2973,9.2461
2026-03-14 09:16:57.990,1.3172,0.8226,9.9496
2026-03-14 09:16:58.000,1.3284,0.7963,10.1098
2026-03-14 09:16:58.010,1.4333,0.5729,10.0754
2026-03-14 09:16:58.020,1.3183,0.2195,9.9287
2026-03-14 09:16:58.030,1.2804,0.3157,9.7875
2026-03-14 09:16:58.040,1.2026,0.1275,9.7351
2026-03-14 09:16:58.050,1.0992,0.269,9.4995
2026-03-14 09:16:58.060,1.1262,0.1077,9.2472
2026-03-14 09:16:58.070,0.9901,0.0702,9.3702
2026-03-14 09:16:58.080,1.1339,-0.0528,9.5432
2026-03-14 09:16:58.090,1.0508,-0.1941,9.5733
2026-03-14 09:16:58.100,0.8046,-0.1741,9.5016
2026-03-14 09:16:58.110,0.5964,-0.0348,9.879
2026-03-14 09:16:58.120,,0.0888,10.1577
2026-03-14 09:16:58.130,0.6016,-0.006,9.6822
2026-03-14 09:16:58.140,0.1226,0.1061,9.8809
2026-03-14 09:16:58.150,0.2121,0.346,9.3724
2026-03-14 09:16:58.160,0.224,0.1348,9.5777
2026-03-14 09:16:58.170,,0.0698,9.7014
2026-03-14 09:16:58.180,-0.2865,0.4056,10.0481
2026-03-14 09:16:58.190,-0.475,0.1659,10.3099
2026-03-14 09:16:58.200,-0.5755,0.0413,10.1271
2026-03-14 09:16:58.210,-0.5634,0.1949,10.1808
2026-03-14 09:16:58.220,-0.72,-0.0366,9.9103
2026-03-14 09:16:58.230,-0.8368,0.0309,9.6349
2026-03-14 09:16:58.240,-1.105,-0.1931,9.4334
2026-03-14 09:16:58.250,-1.3245,-0.3533,9.4285
2026-03-14 09:16:58.260,-1.293,-0.4663,9.7168
2026-03-14 09:16:58.270,-1.1762,-0.4104,9.8886
2026-03-14 09:16:58.280,-1.8,-0.8784,9.874
2026-03-14 09:16:58.290,-1.5434,-0.8981,9.8468
2026-03-14 09:16:58.300,-1.4153,-1.2354,9.8666
2026-03-14 09:16:58.310,-1.3468,-0.883,9.8369
2026-03-14 09:16:58.320,-1.6885,-1.2744,9.7775
2026-03-14 09:16:58.330,-1.386,-1.2543,9.3801
2026-03-14 09:16:58.340,-1.4089,-1.0172,9.1421
2026-03-14 09:16:58.350,-1.3482,-1.0113,9.5093
2026-03-14 09:16:58.360,-1.0153,-0.8084,9.4195
2026-03-14 09:16:58.370,-0.9665,-1.1024,9.6004
2026-03-14 09:16:58.380,-0.3915,-0.3997,10.1499
2026-03-14 09:16:58.390,-0.4453,-0.5288,9.8273
2026-03-14 09:16:58.400,-0.3359,-0.3762,10.2093
2026-03-14 09:16:58.410,-0.4247,0.2017,9.8425
2026-03-14 09:16:58.420,0.3032,0.057,9.754
2026-03-14 09:16:58.430,0.2961,0.4803,9.6829
2026-03-14 09:16:58.440,0.355,0.7427,9.9939
2026-03-14 09:16:58.450,0.6147,0.7158,9.9991
2026-03-14 09:16:58.460,0.7672,0.9488,10.0757
2026-03-14 09:16:58.470,0.6462,1.013,10.1336
2026-03-14 09:16:58.480,1.2918,0.8661,10.2667
2026-03-14 09:16:58.490,1.1683,0.9154,10.2594
2026-03-14 09:16:58.500,1.5283,1.0175,10.173
2026-03-14 09:16:58.510,1.4718,0.8038,9.8182
2026-03-14 09:16:58.520,1.2613,0.8731,9.8042
2026-03-14 09:16:58.530,1.5833,0.7315,9.2626
2026-03-14 09:16:58.540,1.2948,0.6355,9.9439
2026-03-14 09:16:58.550,1.4225,0.4948,9.891
2026-03-14 09:16:58.560,1.2197,0.544,9.8689
2026-03-14 09:16:58.570,1.0819,0.3696,9.803
2026-03-14 09:16:58.580,1.202,0.0883,9.7975
2026-03-14 09:16:58.590,1.2229,-0.0014,9.3959
2026-03-14 09:16:58.600,1.0192,-0.1335,9.3712
2026-03-14 09:16:58.610,0.9203,-0.3133,9.5645
2026-03-14 09:16:58.620,0.7576,0.1754,9.3246
2026-03-14 09:16:58.630,0.6686,0.088,9.7661
2026-03-14 09:16:58.640,0.5992,-0.1522,9.5111
2026-03-14 09:16:58.650,0.636,-0.1701,10.1863
2026-03-14 09:16:58.660,0.4452,0.1326,9.9975
2026-03-14 09:16:58.670,0.1804,0.1826,10.2696
2026-03-14 09:16:58.680,0.0353,0.0173,9.9045
2026-03-14 09:16:58.690,-0.1613,0.4427,9.9523
2026-03-14 09:16:58.700,-0.1445,0.2733,9.6228
2026-03-14 09:16:58.710,-0.247,0.124,9.8393
2026-03-14 09:16:58.720,-0.33,0.0351,9.7219
2026-03-14 09:16:58.730,-0.5738,0.1842,9.9038
2026-03-14 09:16:58.740,-0.6208,0.0199,10.2182
2026-03-14 09:16:58.750,-0.7286,-0.0801,10.3161
2026-03-14 09:16:58.760,-0.9972,-0.2387,10.0668
2026-03-14 09:16:58.770,-1.2005,-0.2949,10.2082
2026-03-14 09:16:58.780,-1.1593,-0.1463,9.9401
2026-03-14 09:16:58.790,-1.152,,9.6103
2026-03-14 09:16:58.800,-1.4358,-0.9713,9.6753
2026-03-14 09:16:58.810,-1.4375,-0.6752,9.7173
2026-03-14 09:16:58.820,-1.4901,-0.9121,9.605
2026-03-14 09:16:58.830,-1.27,-0.9715,10.0561
2026-03-14 09:16:58.840,-1.5442,-1.0407,9.9359
2026-03-14 09:16:58.850,-1.5609,-1.0095,9.6266
2026-03-14 09:16:58.860,-1.5919,-0.9914,9.4132
2026-03-14 09:16:58.870,-1.4459,-1.2982,9.614
2026-03-14 09:16:58.880,-1.2844,-0.8724,9.3977
2026-03-14 09:16:58.890,-0.9077,-0.8553,9.4523
2026-03-14 09:16:58.900,-0.6548,-0.9837,9.3148
2026-03-14 09:16:58.910,-0.6957,-0.3884,9.9612
2026-03-14 09:16:58.920,-0.4802,-0.5944,10.1955
2026-03-14 09:16:58.930,-0.3583,-0.1086,10.0998
2026-03-14 09:16:58.940,0.0919,0.1354,10.1746
2026-03-14 09:16:58.950,,0.4511,10.322
2026-03-14 09:16:58.960,0.4837,0.4287,9.8744
2026-03-14 09:16:58.970,0.444,0.6952,9.5877
2026-03-14 09:16:58.980,0.8582,,9.6273
2026-03-14 09:16:58.990,0.7234,0.6412,10.0337
2026-03-14 09:16:59.000,1.0122,1.0995,10.1604
2026-03-14 09:16:59.010,1.122,0.6937,10.3112
2026-03-14 09:16:59.020,1.0132,1.0824,10.3005
2026-03-14 09:16:59.030,1.343,1.1882,10.1095
2026-03-14 09:16:59.040,1.5401,0.7219,9.7739
2026-03-14 09:16:59.050,1.2202,0.9266,9.9654
2026-03-14 09:16:59.060,1.5228,0.7856,9.4943
2026-03-14 09:16:59.070,1.607,0.6557,9.1572
2026-03-14 09:16:59.080,1.2329,0.6389,9.8773
2026-03-14 09:16:59.090,0.8729,0.2466,10.1346
2026-03-14 09:16:59.100,1.3268,0.1654,9.9124
2026-03-14 09:16:59.110,1.2635,0.0908,
2026-03-14 09:16:59.120,0.7619,-0.1624,9.467
2026-03-14 09:16:59.130,0.9578,-0.0147,9.5286
2026-03-14 09:16:59.140,,-0.1795,9.7258
2026-03-14 09:16:59.150,0.9926,-0.1763,9.6748
2026-03-14 09:16:59.160,0.4503,-0.0125,9.3539
2026-03-14 09:16:59.170,0.693,-0.043,9.379
2026-03-14 09:16:59.180,0.3724,0.3868,9.8869
2026-03-14 09:16:59.190,0.5203,0.1069,9.9727
2026-03-14 09:16:59.200,0.515,0.2913,10.0622
2026-03-14 09:16:59.210,0.0989,0.1186,10.2826
2026-03-14 09:16:59.220,0.2564,0.5052,10.1159
2026-03-14 09:16:59.230,-0.1674,0.5129,9.9582
2026-03-14 09:16:59.240,-0.5103,0.2742,10.1512
2026-03-14 09:16:59.250,-0.5415,0.345,9.8603
2026-03-14 09:16:59.260,-0.6468,0.0081,9.7988
2026-03-14 09:16:59.270,-0.6851,0.2545,9.6667
2026-03-14 09:16:59.280,-0.8122,-0.0293,10.0418
2026-03-14 09:16:59.290,-1.0421,-0.1293,10.3028
2026-03-14 09:16:59.300,-1.2132,-0.2278,10.5329
2026-03-14 09:16:59.310,-1.1401,-0.1789,9.8178
2026-03-14 09:16:59.320,-1.2713,-0.6266,9.5773
2026-03-14 09:16:59.330,-1.5277,-0.6958,9.2105
2026-03-14 09:16:59.340,-1.3525,-0.9277,9.5478
2026-03-14 09:16:59.350,-1.5627,-0.8344,9.2111
2026-03-14 09:16:59.360,-1.6765,-0.866,9.7451
2026-03-14 09:16:59.370,-1.4199,-1.488,9.4195
2026-03-14 09:16:59.380,-1.2235,-1.3812,10.0791
2026-03-14 09:16:59.390,-1.5839,-1.1564,
2026-03-14 09:16:59.400,-1.1683,-1.0516,9.742
2026-03-14 09:16:59.410,-1.1261,-1.0175,9.5708
2026-03-14 09:16:59.420,-0.6633,-1.0155,9.4134
2026-03-14 09:16:59.430,-0.8236,-0.396,9.5377
2026-03-14 09:16:59.440,-0.5284,-0.6293,9.277
2026-03-14 09:16:59.450,-0.3327,-0.3834,9.5211
2026-03-14 09:16:59.460,-0.0187,-0.2519,10.4094
2026-03-14 09:16:59.470,-0.1879,0.0572,10.1267
2026-03-14 09:16:59.480,0.163,0.3211,10.536
2026-03-14 09:16:59.490,0.4617,0.2915,10.2141
2026-03-14 09:16:59.500,0.6454,0.8359,9.984
2026-03-14 09:16:59.510,0.743,0.6324,9.9139
2026-03-14 09:16:59.520,0.8404,0.7154,9.9137
2026-03-14 09:16:59.530,0.9613,0.7743,9.7699
2026-03-14 09:16:59.540,1.0786,0.9971,9.6279
2026-03-14 09:16:59.550,1.2986,1.0075,10.3608
2026-03-14 09:16:59.560,1.4118,0.7769,10.2927
2026-03-14 09:16:59.570,1.4873,0.963,10.1927
2026-03-14 09:16:59.580,1.346,0.2072,10.0535
2026-03-14 09:16:59.590,1.3588,0.6353,9.694
2026-03-14 09:16:59.600,1.2753,0.5028,9.8508
2026-03-14 09:16:59.610,1.2046,0.5237,9.4223
2026-03-14 09:16:59.620,1.2292,0.0822,9.6556
2026-03-14 09:16:59.630,1.1017,-0.1676,9.3489
2026-03-14 09:16:59.640,0.9483,-0.1923,9.4344
2026-03-14 09:16:59.650,0.8217,-0.1932,9.7646
2026-03-14 09:16:59.660,1.0007,-0.1779,9.7171
2026-03-14 09:16:59.670,0.7965,0.1844,9.7535
2026-03-14 09:16:59.680,,-0.0969,9.6871
2026-03-14 09:16:59.690,0.3923,0.0089,9.1394
2026-03-14 09:16:59.700,0.5746,0.0913,9.6533
2026-03-14 09:16:59.710,0.1469,0.0374,9.3946
2026-03-14 09:16:59.720,0.2801,-0.1715,9.679
2026-03-14 09:16:59.730,0.2557,0.2519,9.7198
2026-03-14 09:16:59.740,0.1839,0.0188,9.9599
2026-03-14 09:16:59.750,0.0694,0.1709,10.4608
2026-03-14 09:16:59.760,-0.1216,0.4828,10.0617
2026-03-14 09:16:59.770,-0.4538,0.5257,10.07
2026-03-14 09:16:59.780,-0.3234,0.2854,9.5312
2026-03-14 09:16:59.790,-0.3813,0.1154,9.7734
2026-03-14 09:16:59.800,-0.6115,0.4189,9.8249
2026-03-14 09:16:59.810,-0.9881,0.0735,9.9583
2026-03-14 09:16:59.820,-1.0192,-0.2597,9.9293
2026-03-14 09:16:59.830,-0.7172,-0.466,10.2802
2026-03-14 09:16:59.840,-1.1044,-0.5302,9.7939
2026-03-14 09:16:59.850,-1.1718,-0.6231,10.0805
2026-03-14 09:16:59.860,-1.1888,-0.7768,9.7424
2026-03-14 09:16:59.870,-1.3421,-1.2822,9.5568
2026-03-14 09:16:59.880,-1.6591,-0.868,9.1867
2026-03-14 09:16:59.890,-1.4211,-1.0953,9.3105
2026-03-14 09:16:59.900,-1.3658,-1.2557,9.6635
2026-03-14 09:16:59.910,-1.3905,-1.1469,
2026-03-14 09:16:59.920,-1.0887,-1.102,9.6078
2026-03-14 09:16:59.930,-1.4944,-1.1031,9.7887
2026-03-14 09:16:59.940,-0.9913,-0.7846,9.8488
2026-03-14 09:16:59.950,-0.6464,-0.894,9.7
2026-03-14 09:16:59.960,,-0.8484,9.4621
2026-03-14 09:16:59.970,-0.7062,-0.1973,9.3336
2026-03-14 09:16:59.980,-0.1073,-0.474,9.4048
2026-03-14 09:16:59.990,-0.2457,-0.071,9.8263
