# Bench capture -- DAQ-2200, firmware 4.11b
# operator: A. Du
# date: 2026-03-14T09:15:00+08:00
# sample_rate_hz = 500
# columns: index ; time_s ; channel_a_volts ; probe_temp_c ; status
#
# NOTE: status=OK means the sample is trustworthy. Anything else is not.

0 ; 0.000000 ; 0.03541 ; 21.546 ; OK
1 ; 0.002000 ; 0.47951 ; 21.484 ; OK
2 ; 0.004000 ; 1.14056 ; 21.547 ; OK
3 ; 0.006000 ; 1.59862 ; 21.541 ; OK
4 ; 0.008000 ; 1.47043 ; 21.486 ; OK
5 ; 0.010000 ; 1.01437 ; 21.560 ; OK
6 ; 0.012000 ; 1.06391 ; 21.606 ; OK
7 ; 0.014000 ; 0.70913 ; 21.556 ; OK
8 ; 0.016000 ; 0.50010 ; 21.496 ; OK
9 ; 0.018000 ; 0.59450 ; 21.563 ; OK
10 ; 0.020000 ; 1.01441 ; 21.518 ; OK
11 ; 0.022000 ; 1.27661 ; 21.728 ; OK
12 ; 0.024000 ; 1.76587 ; 21.555 ; OK
13 ; 0.026000 ; 2.26086 ; 21.555 ; OK
14 ; 0.028000 ; 2.62658 ; 21.539 ; OK
15 ; 0.030000 ; 2.88255 ; 21.537 ; OK
16 ; 0.032000 ; 2.63883 ; 21.481 ; OK
17 ; 0.034000 ; 2.40416 ; 21.567 ; OK
18 ; 0.036000 ; 1.64324 ; 21.556 ; OK
19 ; 0.038000 ; 1.72465 ; 21.583 ; OK
20 ; 0.040000 ; 0.87876 ; 21.523 ; OK
21 ; 0.042000 ; 1.43814 ; 21.579 ; OK
22 ; 0.044000 ; 1.21549 ; 21.530 ; OK
23 ; 0.046000 ; 2.23753 ; 21.567 ; OK
24 ; 0.048000 ; 1.73834 ; 21.620 ; OK
25 ; 0.050000 ; 2.46244 ; 21.542 ; OK
26 ; 0.052000 ; 2.46694 ; 21.605 ; OK
27 ; 0.054000 ; 2.03115 ; 21.661 ; OK
28 ; 0.056000 ; 1.87934 ; 21.647 ; OK
29 ; 0.058000 ; 1.31253 ; 21.533 ; OK
30 ; 0.060000 ; 0.56062 ; 21.571 ; OK
31 ; 0.062000 ; 0.16413 ; 21.656 ; OK
32 ; 0.064000 ; -0.30140 ; 21.669 ; OK
33 ; 0.066000 ; -0.14477 ; 21.630 ; OK
34 ; 0.068000 ; 0.14249 ; 21.579 ; OK
35 ; 0.070000 ; 0.36372 ; 21.623 ; OK
36 ; 0.072000 ; 0.24153 ; 21.628 ; OK
37 ; 0.074000 ; 0.52875 ; 21.636 ; OK
38 ; 0.076000 ; 0.28966 ; 21.665 ; OK
39 ; 0.078000 ; 0.13107 ; 21.593 ; OK
40 ; 0.080000 ; -0.11135 ; 21.776 ; OK
41 ; 0.082000 ; -1.23443 ; 21.703 ; OK
42 ; 0.084000 ; -1.92319 ; 21.647 ; OK
43 ; 0.086000 ; -2.43327 ; 21.723 ; OK
44 ; 0.088000 ; -1.87646 ; 21.674 ; OK
45 ; 0.090000 ; -1.99349 ; 21.726 ; OK
46 ; 0.092000 ; -2.04597 ; 21.660 ; OK
47 ; 0.094000 ; -1.62700 ; 21.640 ; OK
48 ; 0.096000 ; -1.16202 ; 21.645 ; OK
49 ; 0.098000 ; -1.65440 ; 21.741 ; OK
50 ; 0.100000 ; -1.38990 ; 21.658 ; OK
51 ; 0.102000 ; -1.55900 ; 21.674 ; OK
52 ; 0.104000 ; -1.84967 ; 21.725 ; OK
53 ; 0.106000 ; -1.91150 ; 21.712 ; OK
54 ; 0.108000 ; -2.31335 ; 21.737 ; OK
55 ; 0.110000 ; -2.77136 ; 21.644 ; OK
56 ; 0.112000 ; -2.56375 ; 21.769 ; OK
57 ; 0.114000 ; -2.03025 ; 21.725 ; OK
58 ; 0.116000 ; -2.34909 ; 21.737 ; OK
59 ; 0.118000 ; -1.28143 ; 21.747 ; OK
60 ; 0.120000 ; -0.84095 ; 21.728 ; OK
61 ; 0.122000 ; -0.68963 ; 21.687 ; OK
62 ; 0.124000 ; -1.13713 ; 21.716 ; OK
63 ; 0.126000 ; -1.11134 ; 21.732 ; OK
64 ; 0.128000 ; -1.42196 ; 21.770 ; OK
65 ; 0.130000 ; -1.70241 ; 21.736 ; OK
66 ; 0.132000 ; -1.92711 ; 21.755 ; OK
67 ; 0.134000 ; -1.64083 ; 21.764 ; OK
68 ; 0.136000 ; -1.32114 ; 21.814 ; OK
69 ; 0.138000 ; -1.04577 ; 21.692 ; OK
70 ; 0.140000 ; -0.41198 ; 21.716 ; OK
71 ; 0.142000 ; 0.22111 ; 21.702 ; OK
72 ; 0.144000 ; 0.76505 ; 21.791 ; OK
73 ; 0.146000 ; 1.20455 ; 21.726 ; OK
74 ; 0.148000 ; 1.42174 ; 21.796 ; OK
75 ; 0.150000 ; 0.84660 ; 21.830 ; OK
76 ; 0.152000 ; 0.60522 ; 21.864 ; OK
77 ; 0.154000 ; 0.51295 ; 21.759 ; OK
78 ; 0.156000 ; 0.17742 ; 21.881 ; OK
79 ; 0.158000 ; 0.37506 ; 21.810 ; OK
80 ; 0.160000 ; 0.40061 ; 21.813 ; OK
81 ; 0.162000 ; 1.30279 ; 21.773 ; OK
82 ; 0.164000 ; 2.00850 ; 21.781 ; OK
83 ; 0.166000 ; 1.93879 ; 21.833 ; OK
84 ; 0.168000 ; 2.59829 ; 21.967 ; OK
85 ; 0.170000 ; 2.28138 ; 21.829 ; OK
86 ; 0.172000 ; 2.04224 ; 21.725 ; OK
87 ; 0.174000 ; 2.31912 ; 21.962 ; OK
88 ; 0.176000 ; 1.73966 ; 21.825 ; OK
89 ; 0.178000 ; 1.42761 ; 21.880 ; OK
90 ; 0.180000 ; 0.84094 ; 21.965 ; OK
91 ; 0.182000 ; 1.36640 ; 21.797 ; OK
92 ; 0.184000 ; 1.33243 ; 21.867 ; OK
93 ; 0.186000 ; 2.27066 ; 21.958 ; OK
94 ; 0.188000 ; 1.98980 ; 21.863 ; OK
95 ; 0.190000 ; 2.41864 ; 21.860 ; OK
96 ; 0.192000 ; 1.93168 ; 21.930 ; OK
97 ; 0.194000 ; 1.97225 ; 21.849 ; OK
98 ; 0.196000 ; 1.49179 ; 21.796 ; OK
99 ; 0.198000 ; 1.62071 ; 21.847 ; OK
100 ; 0.200000 ; 0.58541 ; 21.998 ; OK
101 ; 0.202000 ; 0.02814 ; 21.935 ; OK
102 ; 0.204000 ; -0.28079 ; 21.976 ; OK
103 ; 0.206000 ; 0.37556 ; 21.877 ; OK
104 ; 0.208000 ; 0.36329 ; 21.905 ; OK
105 ; 0.210000 ; 0.62298 ; 21.928 ; OK
106 ; 0.212000 ; 0.42674 ; 21.904 ; OK
107 ; 0.214000 ; 0.78520 ; 21.941 ; OK
108 ; 0.216000 ; 0.15867 ; 21.780 ; OK
109 ; 0.218000 ; 0.29176 ; 21.839 ; OK
110 ; 0.220000 ; 0.01017 ; 21.831 ; OK
111 ; 0.222000 ; -1.03144 ; 21.914 ; OK
112 ; 0.224000 ; -0.93051 ; 21.893 ; OK
113 ; 0.226000 ; -1.76692 ; 21.959 ; OK
114 ; 0.228000 ; -1.73132 ; 21.994 ; OK
115 ; 0.230000 ; -2.47404 ; 21.879 ; OK
116 ; 0.232000 ; -1.40292 ; 21.998 ; OK
117 ; 0.234000 ; -1.33637 ; 21.927 ; OK
118 ; 0.236000 ; -0.87401 ; 22.023 ; OK
119 ; 0.238000 ; -0.76028 ; 21.965 ; OK
120 ; 0.240000 ; -1.24360 ; 21.922 ; OK
121 ; 0.242000 ; -1.74107 ; 22.024 ; OK
122 ; 0.244000 ; -2.01254 ; 21.971 ; OK
123 ; 0.246000 ; -2.00647 ; 22.005 ; OK
124 ; 0.248000 ; -2.35169 ; 21.955 ; OK
125 ; 0.250000 ; -2.97060 ; 21.947 ; OK
126 ; 0.252000 ; -2.86998 ; 22.053 ; OK
127 ; 0.254000 ; -2.44614 ; 21.963 ; OK
128 ; 0.256000 ; -2.27690 ; 21.916 ; OK
129 ; 0.258000 ; -1.30058 ; 22.035 ; OK
130 ; 0.260000 ; -1.52735 ; 22.006 ; OK
131 ; 0.262000 ; -0.83637 ; 22.066 ; OK
132 ; 0.264000 ; -0.87136 ; 22.007 ; OK
133 ; 0.266000 ; -0.76682 ; 22.081 ; OK
134 ; 0.268000 ; -1.24418 ; 22.013 ; OK
135 ; 0.270000 ; -1.93851 ; 22.017 ; OK
136 ; 0.272000 ; -2.28649 ; 22.026 ; OK
137 ; 0.274000 ; -1.59043 ; 22.083 ; OK
138 ; 0.276000 ; -1.24424 ; 22.044 ; OK
139 ; 0.278000 ; -0.59094 ; 22.102 ; OK
140 ; 0.280000 ; -0.65010 ; 22.163 ; OK
141 ; 0.282000 ; 0.34787 ; 22.009 ; OK
142 ; 0.284000 ; 0.50907 ; 22.020 ; OK
143 ; 0.286000 ; 0.25383 ; 22.065 ; OK
144 ; 0.288000 ; 0.67998 ; 22.131 ; OK
145 ; 0.290000 ; 0.80724 ; 22.085 ; OK
146 ; 0.292000 ; 0.15155 ; 22.076 ; OK
147 ; 0.294000 ; -0.07833 ; 22.099 ; OK
148 ; 0.296000 ; -0.38844 ; 22.116 ; OK
149 ; 0.298000 ; 0.06524 ; 22.104 ; OK
150 ; 0.300000 ; 1.22253 ; 22.127 ; OK
151 ; 0.302000 ; 0.77412 ; 22.181 ; OK
152 ; 0.304000 ; 1.92428 ; 22.102 ; OK
153 ; 0.306000 ; 1.94499 ; 22.057 ; OK
154 ; 0.308000 ; 2.34156 ; 22.079 ; OK
155 ; 0.310000 ; 1.95956 ; 22.218 ; OK
156 ; 0.312000 ; 1.87117 ; 22.087 ; OK
157 ; 0.314000 ; 1.77327 ; 22.171 ; OK
158 ; 0.316000 ; 1.92964 ; 22.146 ; OK
159 ; 0.318000 ; 0.89395 ; 22.038 ; OK
160 ; 0.320000 ; 0.62709 ; 21.995 ; OK
161 ; 0.322000 ; 0.93102 ; 22.078 ; OK
162 ; 0.324000 ; 1.64688 ; 22.195 ; OK
163 ; 0.326000 ; 2.01449 ; 22.216 ; OK
164 ; 0.328000 ; 2.37404 ; 22.185 ; OK
165 ; 0.330000 ; 2.81469 ; 22.191 ; OK
166 ; 0.332000 ; 2.68114 ; 22.089 ; OK
167 ; 0.334000 ; 2.31184 ; 22.226 ; OK
168 ; 0.336000 ; 2.00363 ; 22.245 ; OK
169 ; 0.338000 ; 1.00136 ; 22.139 ; OK
170 ; 0.340000 ; 0.94798 ; 22.221 ; OK
171 ; 0.342000 ; -0.00977 ; 22.263 ; OK
172 ; 0.344000 ; 0.30215 ; 22.237 ; OK
173 ; 0.346000 ; 0.22382 ; 22.160 ; OK
174 ; 0.348000 ; 0.73870 ; 22.208 ; OK
175 ; 0.350000 ; 0.82702 ; 22.288 ; OK
176 ; 0.352000 ; 0.92881 ; 22.178 ; OK
177 ; 0.354000 ; 0.63531 ; 22.243 ; OK
178 ; 0.356000 ; 0.92223 ; 22.201 ; OK
179 ; 0.358000 ; 0.56236 ; 22.340 ; OK
180 ; 0.360000 ; -0.04994 ; 22.280 ; OK
181 ; 0.362000 ; -1.02697 ; 22.260 ; OK
182 ; 0.364000 ; -0.43047 ; 22.247 ; OK
183 ; 0.366000 ; -1.63710 ; 22.306 ; OK
184 ; 0.368000 ; -1.68281 ; 22.229 ; OK
185 ; 0.370000 ; -1.84557 ; 22.293 ; OK
186 ; 0.372000 ; -1.14415 ; 22.275 ; OK
187 ; 0.374000 ; -1.44052 ; 22.250 ; OK
188 ; 0.376000 ; -0.76003 ; 22.281 ; OK
189 ; 0.378000 ; -0.58493 ; 22.273 ; OK
190 ; 0.380000 ; -0.75504 ; 22.301 ; OK
191 ; 0.382000 ; -1.50823 ; 22.203 ; OK
192 ; 0.384000 ; -1.55986 ; 22.208 ; OK
193 ; 0.386000 ; -2.48891 ; 22.246 ; OK
194 ; 0.388000 ; -2.87671 ; 22.319 ; OK
195 ; 0.390000 ; -2.33333 ; 22.317 ; OK
196 ; 0.392000 ; -2.65436 ; 22.315 ; OK
197 ; 0.394000 ; -1.91595 ; 22.239 ; OK
198 ; 0.396000 ; -1.88768 ; 22.348 ; OK
199 ; 0.398000 ; -1.18062 ; 22.264 ; OK
200 ; 0.400000 ; -1.64372 ; 22.309 ; OK
201 ; 0.402000 ; -1.16600 ; 22.262 ; OK
202 ; 0.404000 ; -1.20679 ; 22.193 ; OK
203 ; 0.406000 ; -1.49962 ; 22.284 ; OK
204 ; 0.408000 ; -2.27484 ; 22.383 ; OK
205 ; 0.410000 ; -2.21349 ; 22.311 ; OK
206 ; 0.412000 ; -2.19847 ; 22.442 ; OK
207 ; 0.414000 ; -2.19043 ; 22.315 ; OK
208 ; 0.416000 ; -1.05418 ; 22.278 ; OK
209 ; 0.418000 ; -0.96459 ; 22.280 ; OK
210 ; 0.420000 ; -0.50764 ; 22.360 ; OK
211 ; 0.422000 ; 0.62331 ; 22.341 ; OK
212 ; 0.424000 ; 0.39431 ; 22.365 ; OK
213 ; 0.426000 ; 0.50214 ; 22.394 ; OK
214 ; 0.428000 ; 0.54225 ; 22.394 ; OK
215 ; 0.430000 ; 0.08814 ; 22.348 ; OK
216 ; 0.432000 ; -0.11261 ; 22.308 ; OK
217 ; 0.434000 ; -0.64053 ; 22.357 ; OK
218 ; 0.436000 ; -0.04394 ; 22.414 ; OK
219 ; 0.438000 ; 0.01894 ; 22.418 ; OK
220 ; 0.440000 ; 0.23032 ; 22.462 ; OK
221 ; 0.442000 ; 0.98415 ; 22.485 ; OK
222 ; 0.444000 ; 1.94987 ; 22.319 ; OK
223 ; 0.446000 ; 2.13077 ; 22.465 ; OK
224 ; 0.448000 ; 2.71011 ; 22.393 ; OK
225 ; 0.450000 ; 2.28981 ; 22.410 ; OK
226 ; 0.452000 ; 1.63465 ; 22.416 ; OK
227 ; 0.454000 ; 1.77413 ; 22.403 ; OK
228 ; 0.456000 ; 1.23954 ; 22.426 ; OK
229 ; 0.458000 ; 1.28679 ; 22.451 ; OK
230 ; 0.460000 ; 1.13975 ; 22.418 ; OK
231 ; 0.462000 ; 1.40108 ; 22.396 ; OK
232 ; 0.464000 ; 1.57470 ; 22.405 ; OK
233 ; 0.466000 ; 2.05427 ; 22.498 ; OK
234 ; 0.468000 ; 2.49078 ; 22.508 ; OK
235 ; 0.470000 ; 3.00527 ; 22.517 ; OK
236 ; 0.472000 ; 2.87861 ; 22.482 ; OK
237 ; 0.474000 ; 2.54210 ; 22.430 ; OK
238 ; 0.476000 ; 1.43386 ; 22.422 ; OK
239 ; 0.478000 ; 1.69309 ; 22.513 ; OK
240 ; 0.480000 ; 1.23339 ; 22.490 ; OK
241 ; 0.482000 ; 0.64365 ; 22.483 ; OK
242 ; 0.484000 ; 0.57128 ; 22.491 ; OK
243 ; 0.486000 ; 0.63543 ; 22.453 ; OK
244 ; 0.488000 ; 0.77404 ; 22.535 ; OK
245 ; 0.490000 ; 1.54786 ; 22.471 ; OK
246 ; 0.492000 ; 1.18548 ; 22.508 ; OK
247 ; 0.494000 ; 1.32099 ; 22.523 ; OK
248 ; 0.496000 ; 0.94781 ; 22.456 ; OK
249 ; 0.498000 ; 0.59605 ; 22.437 ; OK
250 ; 0.500000 ; -0.51891 ; 22.565 ; OK
251 ; 0.502000 ; -0.75485 ; 22.564 ; OK
252 ; 0.504000 ; -0.96496 ; 22.516 ; OK
253 ; 0.506000 ; -1.11543 ; 22.484 ; OK
254 ; 0.508000 ; -1.19288 ; 22.504 ; OK
255 ; 0.510000 ; -1.08468 ; 22.582 ; OK
256 ; 0.512000 ; -0.55919 ; 22.545 ; OK
257 ; 0.514000 ; -0.57145 ; 22.553 ; OK
258 ; 0.516000 ; -0.55594 ; 22.533 ; OK
259 ; 0.518000 ; -0.67842 ; 22.615 ; OK
260 ; 0.520000 ; -0.86885 ; 22.545 ; OK
261 ; 0.522000 ; -1.15983 ; 22.582 ; OK
262 ; 0.524000 ; -1.44836 ; 22.601 ; OK
263 ; 0.526000 ; -2.29991 ; 22.453 ; OK
264 ; 0.528000 ; -2.84890 ; 22.578 ; OK
265 ; 0.530000 ; -2.32774 ; 22.567 ; OK
266 ; 0.532000 ; -2.63252 ; 22.635 ; OK
267 ; 0.534000 ; -2.44282 ; 22.583 ; OK
268 ; 0.536000 ; -2.00715 ; 22.508 ; OK
269 ; 0.538000 ; -1.25264 ; 22.574 ; OK
270 ; 0.540000 ; -0.79598 ; 22.500 ; OK
271 ; 0.542000 ; -1.04824 ; 22.534 ; OK
272 ; 0.544000 ; -1.19546 ; 22.617 ; OK
273 ; 0.546000 ; -1.52215 ; 22.518 ; OK
274 ; 0.548000 ; -2.19569 ; 22.609 ; OK
275 ; 0.550000 ; -2.10913 ; 22.593 ; OK
276 ; 0.552000 ; -2.36010 ; 22.704 ; OK
277 ; 0.554000 ; -1.82297 ; 22.599 ; OK
278 ; 0.556000 ; -1.44834 ; 22.594 ; OK
279 ; 0.558000 ; -0.86651 ; 22.655 ; OK
280 ; 0.560000 ; -0.65470 ; 22.575 ; OK
281 ; 0.562000 ; -0.62302 ; 22.578 ; OK
282 ; 0.564000 ; 0.09594 ; 22.656 ; OK
283 ; 0.566000 ; 0.48335 ; 22.640 ; OK
284 ; 0.568000 ; 0.32827 ; 22.657 ; OK
285 ; 0.570000 ; -0.15614 ; 22.656 ; OK
286 ; 0.572000 ; -0.51121 ; 22.684 ; OK
287 ; 0.574000 ; -0.77679 ; 22.736 ; OK
288 ; 0.576000 ; -0.62655 ; 22.532 ; OK
289 ; 0.578000 ; -0.38072 ; 22.707 ; OK
290 ; 0.580000 ; 0.35301 ; 22.730 ; OK
291 ; 0.582000 ; 0.88044 ; 22.655 ; OK
292 ; 0.584000 ; 1.57386 ; 22.664 ; OK
293 ; 0.586000 ; 2.52661 ; 22.732 ; OK
294 ; 0.588000 ; 1.75611 ; 22.727 ; OK
295 ; 0.590000 ; 1.65632 ; 22.581 ; OK
296 ; 0.592000 ; 1.77794 ; 22.779 ; OK
297 ; 0.594000 ; 1.32737 ; 22.668 ; OK
298 ; 0.596000 ; 0.72540 ; 22.605 ; OK
299 ; 0.598000 ; 1.06940 ; 22.737 ; OK
300 ; 0.600000 ; 0.92738 ; 22.718 ; OK
301 ; 0.602000 ; 1.69864 ; 22.639 ; OK
302 ; 0.604000 ; 1.44516 ; 22.742 ; OK
303 ; 0.606000 ; 2.85647 ; 22.751 ; OK
304 ; 0.608000 ; 2.57230 ; 22.695 ; OK
305 ; 0.610000 ; 2.91490 ; 22.718 ; OK
306 ; 0.612000 ; 2.50563 ; 22.802 ; OK
307 ; 0.614000 ; 2.42970 ; 22.743 ; OK
308 ; 0.616000 ; 1.74928 ; 22.702 ; OK
309 ; 0.618000 ; 1.60661 ; 22.701 ; OK
310 ; 0.620000 ; 1.35303 ; 22.726 ; OK
311 ; 0.622000 ; 0.96289 ; 22.727 ; OK
312 ; 0.624000 ; 1.01196 ; 22.775 ; OK
313 ; 0.626000 ; 0.98680 ; 22.705 ; OK
314 ; 0.628000 ; 1.10911 ; 22.787 ; OK
315 ; 0.630000 ; 1.85556 ; 22.724 ; OK
316 ; 0.632000 ; 2.03601 ; 22.812 ; OK
317 ; 0.634000 ; 1.60909 ; 22.860 ; OK
318 ; 0.636000 ; 1.30526 ; 22.815 ; OK
319 ; 0.638000 ; 0.80310 ; 22.782 ; OK
320 ; 0.640000 ; -0.33695 ; 22.690 ; OK
321 ; 0.642000 ; -0.34106 ; 22.802 ; OK
322 ; 0.644000 ; -0.72603 ; 22.814 ; OK
323 ; 0.646000 ; -1.04758 ; 22.771 ; OK
324 ; 0.648000 ; -0.90294 ; 22.813 ; OK
325 ; 0.650000 ; -1.21211 ; 22.807 ; OK
326 ; 0.652000 ; -0.82722 ; 22.753 ; OK
327 ; 0.654000 ; -0.39479 ; 22.825 ; OK
328 ; 0.656000 ; -0.53635 ; 22.789 ; OK
329 ; 0.658000 ; -0.99611 ; 22.776 ; OK
330 ; 0.660000 ; -1.16812 ; 22.765 ; OK
331 ; 0.662000 ; -1.14220 ; 22.781 ; OK
332 ; 0.664000 ; -2.37390 ; 22.760 ; OK
333 ; 0.666000 ; -2.47962 ; 22.826 ; OK
334 ; 0.668000 ; -2.72316 ; 22.811 ; OK
335 ; 0.670000 ; -2.84070 ; 22.804 ; OK
336 ; 0.672000 ; -2.56840 ; 22.835 ; OK
337 ; 0.674000 ; -1.86767 ; 22.908 ; OK
338 ; 0.676000 ; -1.61200 ; 22.869 ; OK
339 ; 0.678000 ; -1.68083 ; 22.911 ; OK
340 ; 0.680000 ; -1.43780 ; 22.868 ; OK
341 ; 0.682000 ; -1.36568 ; 22.838 ; OK
342 ; 0.684000 ; -1.23362 ; 22.863 ; OK
343 ; 0.686000 ; -1.73226 ; 22.842 ; OK
344 ; 0.688000 ; -2.62845 ; 22.925 ; OK
345 ; 0.690000 ; -2.56596 ; 22.806 ; OK
346 ; 0.692000 ; -2.23712 ; 22.892 ; OK
347 ; 0.694000 ; -2.21070 ; 22.916 ; OK
348 ; 0.696000 ; -1.46693 ; 22.879 ; OK
349 ; 0.698000 ; -1.35971 ; 22.949 ; OK
350 ; 0.700000 ; -0.55352 ; 22.876 ; OK
351 ; 0.702000 ; -0.51571 ; 22.967 ; OK
352 ; 0.704000 ; 0.14964 ; 22.919 ; OK
353 ; 0.706000 ; 0.24044 ; 22.937 ; OK
354 ; 0.708000 ; -0.52035 ; 22.965 ; OK
355 ; 0.710000 ; -0.59168 ; 22.920 ; OK
356 ; 0.712000 ; -0.62037 ; 22.917 ; OK
357 ; 0.714000 ; -0.84131 ; 22.951 ; OK
358 ; 0.716000 ; -0.48491 ; 22.948 ; OK
359 ; 0.718000 ; -0.60776 ; 22.883 ; OK
360 ; 0.720000 ; 0.42579 ; 23.001 ; OK
361 ; 0.722000 ; 1.25728 ; 22.999 ; OK
362 ; 0.724000 ; 1.93452 ; 23.020 ; OK
363 ; 0.726000 ; 1.15466 ; 23.000 ; OK
364 ; 0.728000 ; 2.12158 ; 22.845 ; OK
365 ; 0.730000 ; 1.44327 ; 22.955 ; OK
366 ; 0.732000 ; 2.22950 ; 22.982 ; OK
367 ; 0.734000 ; 1.61707 ; 22.961 ; OK
368 ; 0.736000 ; 0.78988 ; 22.976 ; OK
369 ; 0.738000 ; 0.72424 ; 22.995 ; OK
370 ; 0.740000 ; 1.08989 ; 23.030 ; OK
371 ; 0.742000 ; 1.58807 ; 22.980 ; OK
372 ; 0.744000 ; 2.02212 ; 23.014 ; OK
373 ; 0.746000 ; 2.32809 ; 22.915 ; OK
374 ; 0.748000 ; 2.61453 ; 22.993 ; OK
375 ; 0.750000 ; 3.05788 ; 22.992 ; OK
376 ; 0.752000 ; 2.52374 ; 22.967 ; OK
377 ; 0.754000 ; 2.32180 ; 22.959 ; OK
378 ; 0.756000 ; 2.26123 ; 22.900 ; OK
379 ; 0.758000 ; 1.53995 ; 23.074 ; OK
380 ; 0.760000 ; 1.28917 ; 23.112 ; OK
381 ; 0.762000 ; 0.73062 ; 22.993 ; OK
382 ; 0.764000 ; 0.87291 ; 22.965 ; OK
383 ; 0.766000 ; 1.09453 ; 23.065 ; OK
384 ; 0.768000 ; 1.40144 ; 23.109 ; OK
385 ; 0.770000 ; 1.90335 ; 23.052 ; OK
386 ; 0.772000 ; 1.75397 ; 23.029 ; OK
387 ; 0.774000 ; 1.68114 ; 23.131 ; OK
388 ; 0.776000 ; 1.38804 ; 23.076 ; OK
389 ; 0.778000 ; 0.26052 ; 22.976 ; OK
390 ; 0.780000 ; 0.07419 ; 23.020 ; OK
391 ; 0.782000 ; -0.30686 ; 23.093 ; OK
392 ; 0.784000 ; -0.43651 ; 22.954 ; OK
393 ; 0.786000 ; -0.62827 ; 23.082 ; OK
394 ; 0.788000 ; -0.68354 ; 23.073 ; OK
395 ; 0.790000 ; -0.02063 ; 23.046 ; OK
396 ; 0.792000 ; -0.45585 ; 23.154 ; OK
397 ; 0.794000 ; -0.06945 ; 23.132 ; OK
398 ; 0.796000 ; -0.13876 ; 23.076 ; OK
399 ; 0.798000 ; -0.07150 ; 23.196 ; OK
400 ; 0.800000 ; -0.46979 ; 23.079 ; OK
401 ; 0.802000 ; -1.03798 ; 23.117 ; OK
402 ; 0.804000 ; -2.05094 ; 23.096 ; OK
403 ; 0.806000 ; -2.80438 ; 23.102 ; OK
404 ; 0.808000 ; -2.45327 ; 23.228 ; OK
405 ; 0.810000 ; -2.08717 ; 23.125 ; OK
406 ; 0.812000 ; -2.38735 ; 23.164 ; OK
407 ; 0.814000 ; -1.44419 ; 23.071 ; OK
408 ; 0.816000 ; -1.55781 ; 23.095 ; OK
409 ; 0.818000 ; -1.34332 ; 23.107 ; OK
410 ; 0.820000 ; -0.99046 ; 23.098 ; OK
411 ; 0.822000 ; -1.72028 ; 23.080 ; OK
412 ; 0.824000 ; -1.81270 ; 23.164 ; OK
413 ; 0.826000 ; -1.85859 ; 23.132 ; OK
414 ; 0.828000 ; -2.45900 ; 23.068 ; OK
415 ; 0.830000 ; -2.61884 ; 23.102 ; OK
416 ; 0.832000 ; -2.75511 ; 23.168 ; OK
417 ; 0.834000 ; -2.43019 ; 23.180 ; OK
418 ; 0.836000 ; -1.92542 ; 23.198 ; OK
419 ; 0.838000 ; -1.68288 ; 23.279 ; OK
420 ; 0.840000 ; NaN ; 23.200 ; ERR
421 ; 0.842000 ; -0.36602 ; 23.114 ; OK
422 ; 0.844000 ; -0.52770 ; 23.176 ; OK
423 ; 0.846000 ; -0.40557 ; 23.189 ; OK
424 ; 0.848000 ; -0.10578 ; 23.222 ; OK
425 ; 0.850000 ; -0.61950 ; 23.221 ; OK
426 ; 0.852000 ; -0.59351 ; 23.209 ; OK
427 ; 0.854000 ; -1.03864 ; 23.203 ; OK
428 ; 0.856000 ; -0.56330 ; 23.243 ; OK
429 ; 0.858000 ; -0.28144 ; 23.233 ; OK
430 ; 0.860000 ; -0.19297 ; 23.230 ; OK
431 ; 0.862000 ; 0.75947 ; 23.267 ; OK
432 ; 0.864000 ; 1.47991 ; 23.199 ; OK
433 ; 0.866000 ; 1.27819 ; 23.224 ; OK
434 ; 0.868000 ; 1.76588 ; 23.290 ; OK
435 ; 0.870000 ; 1.20915 ; 23.339 ; OK
436 ; 0.872000 ; 1.04948 ; 23.297 ; OK
437 ; 0.874000 ; 0.73940 ; 23.162 ; OK
438 ; 0.876000 ; 0.86407 ; 23.268 ; OK
439 ; 0.878000 ; 1.04986 ; 23.209 ; OK
440 ; 0.880000 ; 1.55095 ; 23.181 ; OK
441 ; 0.882000 ; 1.35355 ; 23.237 ; OK
442 ; 0.884000 ; 1.86440 ; 23.275 ; OK
443 ; 0.886000 ; 2.51263 ; 23.282 ; OK
444 ; 0.888000 ; 2.49955 ; 23.294 ; OK
445 ; 0.890000 ; 2.90884 ; 23.293 ; OK
446 ; 0.892000 ; 2.84784 ; 23.236 ; OK
447 ; 0.894000 ; 2.04763 ; 23.149 ; OK
448 ; 0.896000 ; 1.84162 ; 23.325 ; OK
449 ; 0.898000 ; 1.54288 ; 23.314 ; OK
450 ; 0.900000 ; 1.11730 ; 23.212 ; OK
451 ; 0.902000 ; 1.31297 ; 23.328 ; OK
452 ; 0.904000 ; 1.39931 ; 23.463 ; OK
453 ; 0.906000 ; 1.62967 ; 23.316 ; OK
454 ; 0.908000 ; 2.07604 ; 23.374 ; OK
455 ; 0.910000 ; 1.94573 ; 23.305 ; OK
456 ; 0.912000 ; 1.72248 ; 23.404 ; OK
457 ; 0.914000 ; 2.48526 ; 23.314 ; OK
458 ; 0.916000 ; 1.77759 ; 23.346 ; OK
459 ; 0.918000 ; 0.94526 ; 23.329 ; OK
460 ; 0.920000 ; 0.68750 ; 23.325 ; OK
461 ; 0.922000 ; 0.00453 ; 23.295 ; OK
462 ; 0.924000 ; -0.45145 ; 23.417 ; OK
463 ; 0.926000 ; -0.46215 ; 23.290 ; OK
464 ; 0.928000 ; -0.56886 ; 23.380 ; OK
465 ; 0.930000 ; -0.40271 ; 23.400 ; OK
466 ; 0.932000 ; -0.39825 ; 23.322 ; OK
467 ; 0.934000 ; 0.24634 ; 23.306 ; OK
468 ; 0.936000 ; 0.23225 ; 23.340 ; OK
469 ; 0.938000 ; -0.39142 ; 23.339 ; OK
470 ; 0.940000 ; -0.58666 ; 23.411 ; OK
471 ; 0.942000 ; -0.92499 ; 23.446 ; OK
472 ; 0.944000 ; -1.62119 ; 23.394 ; OK
473 ; 0.946000 ; -1.78600 ; 23.466 ; OK
474 ; 0.948000 ; -2.07670 ; 23.449 ; OK
475 ; 0.950000 ; -2.10332 ; 23.469 ; OK
476 ; 0.952000 ; -2.24122 ; 23.450 ; OK
477 ; 0.954000 ; -1.22788 ; 23.442 ; OK
478 ; 0.956000 ; -1.35210 ; 23.354 ; OK
479 ; 0.958000 ; -0.94993 ; 23.445 ; OK
480 ; 0.960000 ; -0.77681 ; 23.411 ; OK
481 ; 0.962000 ; -1.23179 ; 23.478 ; OK
482 ; 0.964000 ; NaN ; 23.452 ; ERR
483 ; 0.966000 ; -2.39181 ; 23.375 ; OK
484 ; 0.968000 ; -2.85923 ; 23.468 ; OK
485 ; 0.970000 ; -2.66469 ; 23.407 ; OK
486 ; 0.972000 ; -2.34715 ; 23.476 ; OK
487 ; 0.974000 ; -2.49461 ; 23.476 ; OK
488 ; 0.976000 ; -1.44622 ; 23.469 ; OK
489 ; 0.978000 ; -1.02971 ; 23.517 ; OK
490 ; 0.980000 ; -1.35915 ; 23.481 ; OK
491 ; 0.982000 ; -0.63131 ; 23.454 ; OK
492 ; 0.984000 ; -0.60117 ; 23.508 ; OK
493 ; 0.986000 ; -0.75093 ; 23.424 ; OK
494 ; 0.988000 ; -0.63855 ; 23.595 ; OK
495 ; 0.990000 ; -1.46481 ; 23.523 ; OK
496 ; 0.992000 ; -1.56448 ; 23.470 ; OK
497 ; 0.994000 ; -1.70318 ; 23.501 ; OK
498 ; 0.996000 ; -1.12062 ; 23.537 ; OK
499 ; 0.998000 ; -0.77071 ; 23.502 ; OK
500 ; 1.000000 ; 0.05851 ; 23.399 ; OK
501 ; 1.002000 ; 1.12082 ; 23.445 ; OK
502 ; 1.004000 ; 1.02114 ; 23.604 ; OK
503 ; 1.006000 ; 1.29586 ; 23.485 ; OK
504 ; 1.008000 ; 5.00000 ; 23.517 ; SAT
505 ; 1.010000 ; 1.34408 ; 23.565 ; OK
506 ; 1.012000 ; 0.88545 ; 23.479 ; OK
507 ; 1.014000 ; 0.97149 ; 23.550 ; OK
508 ; 1.016000 ; 0.65734 ; 23.433 ; OK
509 ; 1.018000 ; 0.95936 ; 23.535 ; OK
510 ; 1.020000 ; 1.11655 ; 23.582 ; OK
511 ; 1.022000 ; 1.23008 ; 23.440 ; OK
512 ; 1.024000 ; 5.00000 ; 23.568 ; SAT
513 ; 1.026000 ; 2.28631 ; 23.534 ; OK
514 ; 1.028000 ; 2.76540 ; 23.605 ; OK
515 ; 1.030000 ; 2.51318 ; 23.637 ; OK
516 ; 1.032000 ; 2.11991 ; 23.605 ; OK
517 ; 1.034000 ; 2.07819 ; 23.559 ; OK
518 ; 1.036000 ; 2.12869 ; 23.541 ; OK
519 ; 1.038000 ; 1.18082 ; 23.554 ; OK
520 ; 1.040000 ; 1.47081 ; 23.590 ; OK
521 ; 1.042000 ; 1.26633 ; 23.573 ; OK
522 ; 1.044000 ; 1.35808 ; 23.565 ; OK
523 ; 1.046000 ; 1.48804 ; 23.552 ; OK
524 ; 1.048000 ; 2.17479 ; 23.626 ; OK
525 ; 1.050000 ; 2.12724 ; 23.640 ; OK
526 ; 1.052000 ; 2.54304 ; 23.664 ; OK
527 ; 1.054000 ; 1.97291 ; 23.624 ; OK
528 ; 1.056000 ; 1.92349 ; 23.604 ; OK
529 ; 1.058000 ; 1.26479 ; 23.629 ; OK
530 ; 1.060000 ; 0.42516 ; 23.629 ; OK
531 ; 1.062000 ; 0.12064 ; 23.698 ; OK
532 ; 1.064000 ; 0.47177 ; 23.544 ; OK
533 ; 1.066000 ; -0.29333 ; 23.670 ; OK
534 ; 1.068000 ; -0.49898 ; 23.662 ; OK
535 ; 1.070000 ; -0.14192 ; 23.650 ; OK
536 ; 1.072000 ; 0.92579 ; 23.593 ; OK
537 ; 1.074000 ; 1.04120 ; 23.659 ; OK
538 ; 1.076000 ; 0.51335 ; 23.644 ; OK
539 ; 1.078000 ; 0.12789 ; 23.617 ; OK
540 ; 1.080000 ; -0.55024 ; 23.699 ; OK
541 ; 1.082000 ; -1.19787 ; 23.675 ; OK
542 ; 1.084000 ; -1.77381 ; 23.691 ; OK
543 ; 1.086000 ; -1.87980 ; 23.707 ; OK
544 ; 1.088000 ; -2.13909 ; 23.680 ; OK
545 ; 1.090000 ; -2.28319 ; 23.729 ; OK
546 ; 1.092000 ; -1.47436 ; 23.659 ; OK
547 ; 1.094000 ; -1.68866 ; 23.735 ; OK
548 ; 1.096000 ; -0.68032 ; 23.698 ; OK
549 ; 1.098000 ; -1.09134 ; 23.650 ; OK
550 ; 1.100000 ; -0.94676 ; 23.779 ; OK
551 ; 1.102000 ; -1.60308 ; 23.666 ; OK
552 ; 1.104000 ; -1.69631 ; 23.774 ; OK
553 ; 1.106000 ; -2.18042 ; 23.804 ; OK
554 ; 1.108000 ; -2.65215 ; 23.758 ; OK
555 ; 1.110000 ; -2.59638 ; 23.817 ; OK
556 ; 1.112000 ; -2.80901 ; 23.736 ; OK
557 ; 1.114000 ; -2.36476 ; 23.815 ; OK
558 ; 1.116000 ; -1.85854 ; 23.668 ; OK
559 ; 1.118000 ; -1.24566 ; 23.701 ; OK
560 ; 1.120000 ; -999.0 ; 23.756 ; ERR
561 ; 1.122000 ; -0.45488 ; 23.636 ; OK
562 ; 1.124000 ; -0.77119 ; 23.862 ; OK
563 ; 1.126000 ; -1.21394 ; 23.793 ; OK
564 ; 1.128000 ; -1.26318 ; 23.866 ; OK
565 ; 1.130000 ; -1.55635 ; 23.753 ; OK
566 ; 1.132000 ; -1.73096 ; 23.763 ; OK
567 ; 1.134000 ; -2.06563 ; 23.739 ; OK
568 ; 1.136000 ; -1.12988 ; 23.791 ; OK
569 ; 1.138000 ; -0.74281 ; 23.796 ; OK
570 ; 1.140000 ; -0.04965 ; 23.766 ; OK
571 ; 1.142000 ; 0.65760 ; 23.853 ; OK
572 ; 1.144000 ; 1.04420 ; 23.734 ; OK
573 ; 1.146000 ; 1.14464 ; 23.794 ; OK
574 ; 1.148000 ; 0.75536 ; 23.851 ; OK
575 ; 1.150000 ; 0.85784 ; 23.815 ; OK
576 ; 1.152000 ; 0.81034 ; 23.810 ; OK
577 ; 1.154000 ; 0.69357 ; 23.909 ; OK
578 ; 1.156000 ; 0.42411 ; 23.898 ; OK
579 ; 1.158000 ; 0.54293 ; 23.759 ; OK
580 ; 1.160000 ; 1.16619 ; 23.823 ; OK
581 ; 1.162000 ; 1.29375 ; 23.856 ; OK
582 ; 1.164000 ; 1.69694 ; 23.799 ; OK
583 ; 1.166000 ; 2.08539 ; 23.809 ; OK
584 ; 1.168000 ; 2.50542 ; 23.848 ; OK
585 ; 1.170000 ; 2.64109 ; 23.805 ; OK
586 ; 1.172000 ; 2.78132 ; 23.887 ; OK
587 ; 1.174000 ; 2.40133 ; 23.802 ; OK
588 ; 1.176000 ; 1.51047 ; 23.878 ; OK
589 ; 1.178000 ; 1.46874 ; 23.865 ; OK
590 ; 1.180000 ; 1.52726 ; 23.831 ; OK
591 ; 1.182000 ; 1.46812 ; 23.862 ; OK
592 ; 1.184000 ; 1.67073 ; 23.879 ; OK
593 ; 1.186000 ; 2.07483 ; 23.893 ; OK
594 ; 1.188000 ; 2.29470 ; 23.853 ; OK
595 ; 1.190000 ; 2.57622 ; 23.856 ; OK
596 ; 1.192000 ; 2.41277 ; 23.882 ; OK
597 ; 1.194000 ; 2.52953 ; 23.858 ; OK
598 ; 1.196000 ; 2.23277 ; 23.949 ; OK
599 ; 1.198000 ; 1.11236 ; 23.936 ; OK
600 ; 1.200000 ; 0.72513 ; 23.967 ; OK
601 ; 1.202000 ; 0.71308 ; 23.807 ; OK
602 ; 1.204000 ; 0.62538 ; 23.883 ; OK
603 ; 1.206000 ; 0.05678 ; 23.954 ; OK
604 ; 1.208000 ; 0.41285 ; 23.902 ; OK
605 ; 1.210000 ; 0.52596 ; 23.800 ; OK
606 ; 1.212000 ; 0.55959 ; 23.992 ; OK
607 ; 1.214000 ; 0.97792 ; 23.919 ; OK
608 ; 1.216000 ; 0.77255 ; 23.865 ; OK
609 ; 1.218000 ; 0.53281 ; 23.940 ; OK
610 ; 1.220000 ; -0.31388 ; 23.944 ; OK
611 ; 1.222000 ; -0.91679 ; 23.904 ; OK
612 ; 1.224000 ; -1.30828 ; 23.873 ; OK
613 ; 1.226000 ; -2.05621 ; 24.011 ; OK
614 ; 1.228000 ; -2.07481 ; 23.891 ; OK
615 ; 1.230000 ; -1.51489 ; 23.972 ; OK
616 ; 1.232000 ; -1.42798 ; 23.966 ; OK
617 ; 1.234000 ; -1.10938 ; 23.940 ; OK
618 ; 1.236000 ; -1.30955 ; 23.906 ; OK
619 ; 1.238000 ; -0.49407 ; 23.961 ; OK
620 ; 1.240000 ; -0.88999 ; 23.992 ; OK
621 ; 1.242000 ; -1.81612 ; 23.964 ; OK
622 ; 1.244000 ; -2.09098 ; 24.018 ; OK
623 ; 1.246000 ; -2.32767 ; 23.962 ; OK
624 ; 1.248000 ; -2.45972 ; 24.020 ; OK
625 ; 1.250000 ; -2.58156 ; 23.973 ; OK
626 ; 1.252000 ; -2.63298 ; 24.054 ; OK
627 ; 1.254000 ; -1.97767 ; 24.043 ; OK
628 ; 1.256000 ; -2.07343 ; 23.968 ; OK
629 ; 1.258000 ; -1.27320 ; 24.050 ; OK
630 ; 1.260000 ; -0.80879 ; 24.009 ; OK
631 ; 1.262000 ; -1.01303 ; 24.022 ; OK
632 ; 1.264000 ; -1.12135 ; 24.050 ; OK
633 ; 1.266000 ; -1.12210 ; 24.142 ; OK
634 ; 1.268000 ; -1.41656 ; 23.977 ; OK
635 ; 1.270000 ; -1.84024 ; 24.003 ; OK
636 ; 1.272000 ; -1.65439 ; 23.928 ; OK
637 ; 1.274000 ; -1.91408 ; 24.050 ; OK
638 ; 1.276000 ; -1.67170 ; 24.100 ; OK
639 ; 1.278000 ; -0.63985 ; 24.103 ; OK
640 ; 1.280000 ; -0.57624 ; 24.040 ; OK
641 ; 1.282000 ; 0.33826 ; 23.980 ; OK
642 ; 1.284000 ; 0.64256 ; 24.163 ; OK
643 ; 1.286000 ; 0.73620 ; 24.101 ; OK
644 ; 1.288000 ; 0.56171 ; 24.114 ; OK
645 ; 1.290000 ; 0.44320 ; 24.092 ; OK
646 ; 1.292000 ; 0.24872 ; 24.078 ; OK
647 ; 1.294000 ; -0.02814 ; 24.084 ; OK
648 ; 1.296000 ; 0.04069 ; 24.086 ; OK
649 ; 1.298000 ; 0.03187 ; 24.082 ; OK
650 ; 1.300000 ; 0.40403 ; 24.034 ; OK
651 ; 1.302000 ; 1.09244 ; 24.039 ; OK
652 ; 1.304000 ; 1.74490 ; 24.066 ; OK
653 ; 1.306000 ; 2.34681 ; 24.145 ; OK
654 ; 1.308000 ; 2.88966 ; 24.139 ; OK
655 ; 1.310000 ; 2.46782 ; 24.119 ; OK
656 ; 1.312000 ; 2.76198 ; 24.164 ; OK
657 ; 1.314000 ; 1.92207 ; 24.080 ; OK
658 ; 1.316000 ; 2.17029 ; 24.162 ; OK
659 ; 1.318000 ; 1.21292 ; 24.194 ; OK
660 ; 1.320000 ; 1.42487 ; 24.164 ; OK
661 ; 1.322000 ; 1.18741 ; 24.120 ; OK
662 ; 1.324000 ; 1.84054 ; 24.128 ; OK
663 ; 1.326000 ; 2.23917 ; 24.134 ; OK
664 ; 1.328000 ; 2.35734 ; 24.220 ; OK
665 ; 1.330000 ; 2.84664 ; 24.170 ; OK
666 ; 1.332000 ; 2.64859 ; 24.143 ; OK
667 ; 1.334000 ; 1.96883 ; 24.174 ; OK
668 ; 1.336000 ; 1.73382 ; 24.223 ; OK
669 ; 1.338000 ; 1.47949 ; 24.225 ; OK
670 ; 1.340000 ; 0.42498 ; 24.189 ; OK
671 ; 1.342000 ; 0.44397 ; 24.203 ; OK
672 ; 1.344000 ; 0.55079 ; 24.203 ; OK
673 ; 1.346000 ; 0.41065 ; 24.119 ; OK
674 ; 1.348000 ; 0.85612 ; 24.227 ; OK
675 ; 1.350000 ; 0.48893 ; 24.142 ; OK
676 ; 1.352000 ; 1.09717 ; 24.196 ; OK
677 ; 1.354000 ; 1.50250 ; 24.248 ; OK
678 ; 1.356000 ; 0.71406 ; 24.251 ; OK
679 ; 1.358000 ; 0.03071 ; 24.300 ; OK
680 ; 1.360000 ; 0.14923 ; 24.263 ; OK
681 ; 1.362000 ; -0.96761 ; 24.269 ; OK
682 ; 1.364000 ; -1.26494 ; 24.131 ; OK
683 ; 1.366000 ; -1.45284 ; 24.221 ; OK
684 ; 1.368000 ; -1.65806 ; 24.221 ; OK
685 ; 1.370000 ; -1.40809 ; 24.264 ; OK
686 ; 1.372000 ; -0.96303 ; 24.220 ; OK
687 ; 1.374000 ; -1.23321 ; 24.245 ; OK
688 ; 1.376000 ; -0.98178 ; 24.296 ; OK
689 ; 1.378000 ; -0.45524 ; 24.312 ; OK
690 ; 1.380000 ; -0.91145 ; 24.213 ; OK
691 ; 1.382000 ; -1.53067 ; 24.223 ; OK
692 ; 1.384000 ; -1.65080 ; 24.257 ; OK
693 ; 1.386000 ; -2.44771 ; 24.298 ; OK
694 ; 1.388000 ; -2.85213 ; 24.223 ; OK
695 ; 1.390000 ; -2.73861 ; 24.318 ; OK
696 ; 1.392000 ; -2.87638 ; 24.322 ; OK
697 ; 1.394000 ; -1.82035 ; 24.258 ; OK
698 ; 1.396000 ; -1.69045 ; 24.295 ; OK
699 ; 1.398000 ; -1.55657 ; 24.331 ; OK
700 ; 1.400000 ; -1.32820 ; 24.342 ; OK
701 ; 1.402000 ; -1.56921 ; 24.308 ; OK
702 ; 1.404000 ; -1.16654 ; 24.332 ; OK
703 ; 1.406000 ; -1.38706 ; 24.288 ; OK
704 ; 1.408000 ; NaN ; 24.334 ; ERR
705 ; 1.410000 ; -1.96203 ; 24.301 ; OK
706 ; 1.412000 ; -2.26608 ; 24.388 ; OK
707 ; 1.414000 ; -1.92963 ; 24.348 ; OK
708 ; 1.416000 ; -1.48358 ; 24.377 ; OK
709 ; 1.418000 ; -1.18442 ; 24.342 ; OK
710 ; 1.420000 ; -0.65724 ; 24.306 ; OK
711 ; 1.422000 ; -0.15331 ; 24.421 ; OK
712 ; 1.424000 ; 1.11583 ; 24.404 ; OK
713 ; 1.426000 ; 0.76338 ; 24.331 ; OK
714 ; 1.428000 ; 0.50976 ; 24.337 ; OK
715 ; 1.430000 ; 0.26005 ; 24.391 ; OK
716 ; 1.432000 ; -0.16788 ; 24.378 ; OK
717 ; 1.434000 ; 0.05503 ; 24.369 ; OK
718 ; 1.436000 ; -0.40489 ; 24.342 ; OK
719 ; 1.438000 ; -0.18302 ; 24.382 ; OK
720 ; 1.440000 ; 0.76298 ; 24.359 ; OK
721 ; 1.442000 ; 1.03544 ; 24.491 ; OK
722 ; 1.444000 ; 1.71798 ; 24.428 ; OK
723 ; 1.446000 ; 2.10250 ; 24.381 ; OK
724 ; 1.448000 ; 2.44406 ; 24.352 ; OK
725 ; 1.450000 ; 2.28427 ; 24.452 ; OK
726 ; 1.452000 ; 2.06007 ; 24.427 ; OK
727 ; 1.454000 ; 1.86117 ; 24.399 ; OK
728 ; 1.456000 ; 1.39898 ; 24.449 ; OK
729 ; 1.458000 ; 1.15671 ; 24.424 ; OK
730 ; 1.460000 ; 1.39396 ; 24.429 ; OK
731 ; 1.462000 ; 1.69945 ; 24.450 ; OK
732 ; 1.464000 ; 1.59644 ; 24.386 ; OK
733 ; 1.466000 ; 2.24718 ; 24.475 ; OK
734 ; 1.468000 ; 2.46534 ; 24.403 ; OK
735 ; 1.470000 ; 2.95141 ; 24.422 ; OK
736 ; 1.472000 ; 2.20750 ; 24.445 ; OK
737 ; 1.474000 ; 2.58239 ; 24.429 ; OK
738 ; 1.476000 ; 1.87454 ; 24.452 ; OK
739 ; 1.478000 ; 1.73693 ; 24.475 ; OK
740 ; 1.480000 ; 0.74769 ; 24.468 ; OK
741 ; 1.482000 ; 0.26009 ; 24.462 ; OK
742 ; 1.484000 ; 0.78379 ; 24.503 ; OK
743 ; 1.486000 ; 0.28036 ; 24.503 ; OK
744 ; 1.488000 ; 1.14678 ; 24.442 ; OK
745 ; 1.490000 ; 1.29815 ; 24.499 ; OK
746 ; 1.492000 ; 0.98310 ; 24.530 ; OK
747 ; 1.494000 ; 1.64098 ; 24.510 ; OK
748 ; 1.496000 ; 1.03552 ; 24.443 ; OK
749 ; 1.498000 ; 0.65797 ; 24.516 ; OK
750 ; 1.500000 ; -0.20870 ; 24.558 ; OK
751 ; 1.502000 ; 0.00533 ; 24.404 ; OK
752 ; 1.504000 ; -1.30145 ; 24.481 ; OK
753 ; 1.506000 ; -1.17720 ; 24.503 ; OK
754 ; 1.508000 ; -1.68179 ; 24.486 ; OK
755 ; 1.510000 ; -1.37495 ; 24.449 ; OK
756 ; 1.512000 ; -0.90037 ; 24.418 ; OK
757 ; 1.514000 ; -0.42212 ; 24.569 ; OK
758 ; 1.516000 ; -0.81663 ; 24.539 ; OK
759 ; 1.518000 ; -0.38827 ; 24.464 ; OK
760 ; 1.520000 ; -0.91157 ; 24.604 ; OK
761 ; 1.522000 ; -0.99022 ; 24.585 ; OK
762 ; 1.524000 ; -2.15050 ; 24.563 ; OK
763 ; 1.526000 ; -2.16231 ; 24.505 ; OK
764 ; 1.528000 ; -2.60131 ; 24.608 ; OK
765 ; 1.530000 ; -2.62171 ; 24.585 ; OK
766 ; 1.532000 ; -2.67918 ; 24.523 ; OK
767 ; 1.534000 ; -2.49379 ; 24.545 ; OK
768 ; 1.536000 ; -1.42153 ; 24.568 ; OK
769 ; 1.538000 ; -1.81192 ; 24.569 ; OK
770 ; 1.540000 ; -0.85894 ; 24.566 ; OK
771 ; 1.542000 ; -1.31981 ; 24.568 ; OK
772 ; 1.544000 ; -1.86610 ; 24.515 ; OK
773 ; 1.546000 ; -1.41896 ; 24.580 ; OK
774 ; 1.548000 ; -2.19566 ; 24.647 ; OK
775 ; 1.550000 ; -2.24925 ; 24.611 ; OK
776 ; 1.552000 ; -2.10264 ; 24.525 ; OK
777 ; 1.554000 ; -2.24977 ; 24.529 ; OK
778 ; 1.556000 ; -1.54272 ; 24.613 ; OK
779 ; 1.558000 ; -1.27699 ; 24.634 ; OK
780 ; 1.560000 ; -0.49120 ; 24.630 ; OK
781 ; 1.562000 ; -0.32386 ; 24.698 ; OK
782 ; 1.564000 ; 0.02296 ; 24.601 ; OK
783 ; 1.566000 ; 0.18708 ; 24.559 ; OK
784 ; 1.568000 ; 0.79456 ; 24.649 ; OK
785 ; 1.570000 ; 0.09737 ; 24.590 ; OK
786 ; 1.572000 ; -0.67251 ; 24.781 ; OK
787 ; 1.574000 ; -0.47602 ; 24.668 ; OK
788 ; 1.576000 ; -0.58896 ; 24.735 ; OK
789 ; 1.578000 ; -0.53306 ; 24.734 ; OK
790 ; 1.580000 ; 0.75059 ; 24.622 ; OK
791 ; 1.582000 ; 1.09667 ; 24.683 ; OK
792 ; 1.584000 ; 1.74201 ; 24.558 ; OK
793 ; 1.586000 ; 2.20174 ; 24.742 ; OK
794 ; 1.588000 ; 1.99842 ; 24.611 ; OK
795 ; 1.590000 ; 1.91598 ; 24.700 ; OK
796 ; 1.592000 ; 2.03654 ; 24.595 ; OK
797 ; 1.594000 ; 1.67915 ; 24.748 ; OK
798 ; 1.596000 ; 1.32050 ; 24.728 ; OK
799 ; 1.598000 ; 0.72923 ; 24.751 ; OK
800 ; 1.600000 ; 1.16066 ; 24.662 ; OK
801 ; 1.602000 ; 1.14057 ; 24.628 ; OK
802 ; 1.604000 ; 1.74224 ; 24.722 ; OK
803 ; 1.606000 ; 1.99890 ; 24.642 ; OK
804 ; 1.608000 ; 2.56926 ; 24.678 ; OK
805 ; 1.610000 ; 2.82182 ; 24.773 ; OK
806 ; 1.612000 ; 2.89536 ; 24.690 ; OK
807 ; 1.614000 ; 2.65780 ; 24.690 ; OK
808 ; 1.616000 ; 2.16991 ; 24.804 ; OK
809 ; 1.618000 ; 1.55128 ; 24.784 ; OK
810 ; 1.620000 ; 1.32711 ; 24.812 ; OK
811 ; 1.622000 ; 1.04977 ; 24.762 ; OK
812 ; 1.624000 ; 0.67604 ; 24.791 ; OK
813 ; 1.626000 ; 0.42602 ; 24.710 ; OK
814 ; 1.628000 ; 1.25592 ; 24.817 ; OK
815 ; 1.630000 ; 1.54552 ; 24.790 ; OK
816 ; 1.632000 ; 1.60674 ; 24.802 ; OK
817 ; 1.634000 ; -999.0 ; 24.775 ; ERR
818 ; 1.636000 ; 1.09826 ; 24.740 ; OK
819 ; 1.638000 ; 0.58094 ; 24.781 ; OK
820 ; 1.640000 ; 0.64036 ; 24.817 ; OK
821 ; 1.642000 ; -0.51975 ; 24.807 ; OK
822 ; 1.644000 ; -0.62487 ; 24.768 ; OK
823 ; 1.646000 ; -1.02645 ; 24.806 ; OK
824 ; 1.648000 ; -1.18227 ; 24.841 ; OK
825 ; 1.650000 ; -1.17221 ; 24.869 ; OK
826 ; 1.652000 ; -0.49535 ; 24.734 ; OK
827 ; 1.654000 ; -0.61317 ; 24.766 ; OK
828 ; 1.656000 ; -0.72761 ; 24.808 ; OK
829 ; 1.658000 ; -0.35206 ; 24.879 ; OK
830 ; 1.660000 ; -0.66037 ; 24.770 ; OK
831 ; 1.662000 ; -0.90159 ; 24.738 ; OK
832 ; 1.664000 ; -1.42898 ; 24.716 ; OK
833 ; 1.666000 ; -2.52038 ; 24.905 ; OK
834 ; 1.668000 ; -2.88118 ; 24.806 ; OK
835 ; 1.670000 ; -2.09915 ; 24.865 ; OK
836 ; 1.672000 ; -2.33295 ; 24.828 ; OK
837 ; 1.674000 ; -1.64367 ; 24.900 ; OK
838 ; 1.676000 ; -2.19677 ; 24.827 ; OK
839 ; 1.678000 ; -1.55054 ; 24.826 ; OK
840 ; 1.680000 ; -1.22070 ; 24.801 ; OK
841 ; 1.682000 ; -1.33792 ; 24.838 ; OK
842 ; 1.684000 ; -1.73323 ; 24.833 ; OK
843 ; 1.686000 ; -1.87381 ; 24.901 ; OK
844 ; 1.688000 ; -2.08465 ; 24.844 ; OK
845 ; 1.690000 ; -2.19235 ; 24.859 ; OK
846 ; 1.692000 ; -2.08773 ; 24.907 ; OK
847 ; 1.694000 ; -2.32782 ; 24.844 ; OK
848 ; 1.696000 ; -2.01895 ; 24.887 ; OK
849 ; 1.698000 ; -1.12929 ; 24.848 ; OK
850 ; 1.700000 ; -0.46982 ; 24.824 ; OK
851 ; 1.702000 ; -0.19941 ; 24.875 ; OK
852 ; 1.704000 ; -0.37552 ; 24.861 ; OK
853 ; 1.706000 ; -0.05488 ; 24.835 ; OK
854 ; 1.708000 ; -0.81767 ; 24.957 ; OK
855 ; 1.710000 ; -0.42696 ; 24.947 ; OK
856 ; 1.712000 ; -0.93534 ; 24.916 ; OK
857 ; 1.714000 ; -0.80258 ; 24.918 ; OK
858 ; 1.716000 ; -0.53918 ; 24.882 ; OK
859 ; 1.718000 ; -0.02388 ; 25.009 ; OK
860 ; 1.720000 ; 0.02272 ; 24.942 ; OK
861 ; 1.722000 ; 0.42434 ; 24.986 ; OK
862 ; 1.724000 ; 1.16854 ; 24.992 ; OK
863 ; 1.726000 ; 1.70456 ; 24.932 ; OK
864 ; 1.728000 ; 1.96606 ; 25.005 ; OK
865 ; 1.730000 ; 1.47129 ; 24.973 ; OK
866 ; 1.732000 ; 1.49273 ; 25.081 ; OK
867 ; 1.734000 ; 1.57422 ; 24.930 ; OK
868 ; 1.736000 ; NaN ; 24.884 ; ERR
869 ; 1.738000 ; 0.71052 ; 24.905 ; OK
870 ; 1.740000 ; 1.12425 ; 24.977 ; OK
871 ; 1.742000 ; 1.55302 ; 24.992 ; OK
872 ; 1.744000 ; 2.07772 ; 25.015 ; OK
873 ; 1.746000 ; 2.61477 ; 25.031 ; OK
874 ; 1.748000 ; 2.52333 ; 24.938 ; OK
875 ; 1.750000 ; 2.94455 ; 24.990 ; OK
876 ; 1.752000 ; 2.82386 ; 24.982 ; OK
877 ; 1.754000 ; 2.41598 ; 25.053 ; OK
878 ; 1.756000 ; 1.88327 ; 24.992 ; OK
879 ; 1.758000 ; 1.37524 ; 25.082 ; OK
880 ; 1.760000 ; 1.38445 ; 25.020 ; OK
881 ; 1.762000 ; 1.27868 ; 24.939 ; OK
882 ; 1.764000 ; 1.78819 ; 25.049 ; OK
883 ; 1.766000 ; 1.11826 ; 25.010 ; OK
884 ; 1.768000 ; 1.53030 ; 25.069 ; OK
885 ; 1.770000 ; 1.16959 ; 24.911 ; OK
886 ; 1.772000 ; 1.53426 ; 24.974 ; OK
887 ; 1.774000 ; 2.03352 ; 25.040 ; OK
888 ; 1.776000 ; 1.57316 ; 24.941 ; OK
889 ; 1.778000 ; 0.58253 ; 25.056 ; OK
890 ; 1.780000 ; 0.35901 ; 25.015 ; OK
891 ; 1.782000 ; -0.01729 ; 25.038 ; OK
892 ; 1.784000 ; -0.67565 ; 25.127 ; OK
893 ; 1.786000 ; -1.20906 ; 25.059 ; OK
894 ; 1.788000 ; -1.16735 ; 25.103 ; OK
895 ; 1.790000 ; -0.21495 ; 25.002 ; OK
896 ; 1.792000 ; -0.67388 ; 25.074 ; OK
897 ; 1.794000 ; -0.36055 ; 24.977 ; OK
898 ; 1.796000 ; -0.04002 ; 25.086 ; OK
899 ; 1.798000 ; -0.50821 ; 25.111 ; OK
900 ; 1.800000 ; -0.66301 ; 25.136 ; OK
901 ; 1.802000 ; -1.07702 ; 25.127 ; OK
902 ; 1.804000 ; -1.96141 ; 25.083 ; OK
903 ; 1.806000 ; -2.09512 ; 25.090 ; OK
904 ; 1.808000 ; -2.53372 ; 25.093 ; OK
905 ; 1.810000 ; -2.46884 ; 25.095 ; OK
906 ; 1.812000 ; -2.35143 ; 25.087 ; OK
907 ; 1.814000 ; -2.02165 ; 25.023 ; OK
908 ; 1.816000 ; -1.52004 ; 25.119 ; OK
909 ; 1.818000 ; -1.10180 ; 25.042 ; OK
910 ; 1.820000 ; -1.28633 ; 25.097 ; OK
911 ; 1.822000 ; -1.77077 ; 25.135 ; OK
912 ; 1.824000 ; -1.50022 ; 25.174 ; OK
913 ; 1.826000 ; -2.04238 ; 25.126 ; OK
914 ; 1.828000 ; -2.59009 ; 25.144 ; OK
915 ; 1.830000 ; -2.53949 ; 25.159 ; OK
916 ; 1.832000 ; -2.35006 ; 25.142 ; OK
917 ; 1.834000 ; -2.08072 ; 25.198 ; OK
918 ; 1.836000 ; -1.51582 ; 25.145 ; OK
919 ; 1.838000 ; -1.42091 ; 25.175 ; OK
920 ; 1.840000 ; -0.82273 ; 25.158 ; OK
921 ; 1.842000 ; -0.45595 ; 25.153 ; OK
922 ; 1.844000 ; -0.60824 ; 25.200 ; OK
923 ; 1.846000 ; -0.58408 ; 25.188 ; OK
924 ; 1.848000 ; -0.82711 ; 25.279 ; OK
925 ; 1.850000 ; -0.99960 ; 25.165 ; OK
926 ; 1.852000 ; -1.41665 ; 25.217 ; OK
927 ; 1.854000 ; -1.01467 ; 25.234 ; OK
928 ; 1.856000 ; -0.80179 ; 25.211 ; OK
929 ; 1.858000 ; -0.52451 ; 25.197 ; OK
930 ; 1.860000 ; 0.24080 ; 25.205 ; OK
931 ; 1.862000 ; 0.65666 ; 25.178 ; OK
932 ; 1.864000 ; 1.47148 ; 25.206 ; OK
933 ; 1.866000 ; 1.52809 ; 25.232 ; OK
934 ; 1.868000 ; 1.71831 ; 25.193 ; OK
935 ; 1.870000 ; 0.88794 ; 25.212 ; OK
936 ; 1.872000 ; 1.24581 ; 25.207 ; OK
937 ; 1.874000 ; 0.60408 ; 25.209 ; OK
938 ; 1.876000 ; 1.19360 ; 25.184 ; OK
939 ; 1.878000 ; 0.96603 ; 25.251 ; OK
940 ; 1.880000 ; 0.99320 ; 25.241 ; OK
941 ; 1.882000 ; 1.60310 ; 25.233 ; OK
942 ; 1.884000 ; 2.15810 ; 25.297 ; OK
943 ; 1.886000 ; 2.12866 ; 25.262 ; OK
944 ; 1.888000 ; 2.15932 ; 25.259 ; OK
945 ; 1.890000 ; 2.76498 ; 25.392 ; OK
946 ; 1.892000 ; 2.87454 ; 25.315 ; OK
947 ; 1.894000 ; 2.11263 ; 25.310 ; OK
948 ; 1.896000 ; 1.59945 ; 25.271 ; OK
949 ; 1.898000 ; 1.93001 ; 25.318 ; OK
950 ; 1.900000 ; 0.98173 ; 25.279 ; OK
951 ; 1.902000 ; 0.65042 ; 25.271 ; OK
952 ; 1.904000 ; 1.25771 ; 25.384 ; OK
953 ; 1.906000 ; 1.51189 ; 25.313 ; OK
954 ; 1.908000 ; 1.91244 ; 25.292 ; OK
955 ; 1.910000 ; 1.79276 ; 25.266 ; OK
956 ; 1.912000 ; 1.83076 ; 25.350 ; OK
957 ; 1.914000 ; 2.16288 ; 25.292 ; OK
958 ; 1.916000 ; 1.40218 ; 25.315 ; OK
959 ; 1.918000 ; 1.11258 ; 25.409 ; OK
960 ; 1.920000 ; 0.51518 ; 25.352 ; OK
961 ; 1.922000 ; 0.35539 ; 25.328 ; OK
962 ; 1.924000 ; -0.42585 ; 25.331 ; OK
963 ; 1.926000 ; -0.76002 ; 25.494 ; OK
964 ; 1.928000 ; -0.46417 ; 25.251 ; OK
965 ; 1.930000 ; -0.03796 ; 25.362 ; OK
966 ; 1.932000 ; 0.11602 ; 25.312 ; OK
967 ; 1.934000 ; 0.07720 ; 25.331 ; OK
968 ; 1.936000 ; 0.34521 ; 25.391 ; OK
969 ; 1.938000 ; -0.12810 ; 25.287 ; OK
970 ; 1.940000 ; -0.17717 ; 25.228 ; OK
971 ; 1.942000 ; -0.79769 ; 25.497 ; OK
972 ; 1.944000 ; -1.63847 ; 25.354 ; OK
973 ; 1.946000 ; -1.87816 ; 25.383 ; OK
974 ; 1.948000 ; -2.24067 ; 25.425 ; OK
975 ; 1.950000 ; -2.15013 ; 25.387 ; OK
976 ; 1.952000 ; -2.07347 ; 25.434 ; OK
977 ; 1.954000 ; -1.74412 ; 25.461 ; OK
978 ; 1.956000 ; -1.19366 ; 25.401 ; OK
979 ; 1.958000 ; -1.01036 ; 25.451 ; OK
980 ; 1.960000 ; -1.17088 ; 25.297 ; OK
981 ; 1.962000 ; -1.65239 ; 25.347 ; OK
982 ; 1.964000 ; -1.43189 ; 25.495 ; OK
983 ; 1.966000 ; -2.24211 ; 25.513 ; OK
984 ; 1.968000 ; -2.79208 ; 25.448 ; OK
985 ; 1.970000 ; -3.15032 ; 25.435 ; OK
986 ; 1.972000 ; -2.36578 ; 25.559 ; OK
987 ; 1.974000 ; -2.09195 ; 25.438 ; OK
988 ; 1.976000 ; -1.82480 ; 25.460 ; OK
989 ; 1.978000 ; -1.31248 ; 25.416 ; OK
990 ; 1.980000 ; -0.57008 ; 25.476 ; OK
991 ; 1.982000 ; -0.59404 ; 25.407 ; OK
992 ; 1.984000 ; -0.26747 ; 25.501 ; OK
993 ; 1.986000 ; -0.89493 ; 25.463 ; OK
994 ; 1.988000 ; -0.71017 ; 25.484 ; OK
995 ; 1.990000 ; -1.19173 ; 25.537 ; OK
996 ; 1.992000 ; -1.33857 ; 25.460 ; OK
997 ; 1.994000 ; -1.65936 ; 25.484 ; OK
998 ; 1.996000 ; -0.67846 ; 25.361 ; OK
999 ; 1.998000 ; -0.80921 ; 25.587 ; OK
1000 ; 2.000000 ; 0.02923 ; 25.448 ; OK
1001 ; 2.002000 ; 0.51093 ; 25.530 ; OK
1002 ; 2.004000 ; 1.10413 ; 25.464 ; OK
1003 ; 2.006000 ; 1.07773 ; 25.430 ; OK
1004 ; 2.008000 ; 1.56085 ; 25.601 ; OK
1005 ; 2.010000 ; 1.07465 ; 25.658 ; OK
1006 ; 2.012000 ; 0.86268 ; 25.493 ; OK
1007 ; 2.014000 ; 0.81618 ; 25.534 ; OK
1008 ; 2.016000 ; -0.18904 ; 25.559 ; OK
1009 ; 2.018000 ; 0.39043 ; 25.458 ; OK
1010 ; 2.020000 ; 0.99233 ; 25.546 ; OK
1011 ; 2.022000 ; 1.26546 ; 25.597 ; OK
1012 ; 2.024000 ; -999.0 ; 25.547 ; ERR
1013 ; 2.026000 ; 2.31033 ; 25.530 ; OK
1014 ; 2.028000 ; 2.67727 ; 25.532 ; OK
1015 ; 2.030000 ; 2.27373 ; 25.629 ; OK
1016 ; 2.032000 ; 2.29769 ; 25.658 ; OK
1017 ; 2.034000 ; 2.02508 ; 25.500 ; OK
1018 ; 2.036000 ; 5.00000 ; 25.599 ; SAT
1019 ; 2.038000 ; 1.25096 ; 25.597 ; OK
1020 ; 2.040000 ; 1.03723 ; 25.542 ; OK
1021 ; 2.042000 ; 1.01236 ; 25.472 ; OK
1022 ; 2.044000 ; 1.05645 ; 25.566 ; OK
1023 ; 2.046000 ; 2.26756 ; 25.640 ; OK
1024 ; 2.048000 ; 2.10027 ; 25.585 ; OK
1025 ; 2.050000 ; 2.49433 ; 25.616 ; OK
1026 ; 2.052000 ; 2.57860 ; 25.629 ; OK
1027 ; 2.054000 ; 1.94230 ; 25.726 ; OK
1028 ; 2.056000 ; 1.85357 ; 25.594 ; OK
1029 ; 2.058000 ; 0.94910 ; 25.571 ; OK
1030 ; 2.060000 ; 0.42014 ; 25.596 ; OK
1031 ; 2.062000 ; 0.24326 ; 25.650 ; OK
1032 ; 2.064000 ; -0.44888 ; 25.610 ; OK
1033 ; 2.066000 ; -0.23213 ; 25.669 ; OK
1034 ; 2.068000 ; -0.41489 ; 25.652 ; OK
1035 ; 2.070000 ; 0.00499 ; 25.585 ; OK
1036 ; 2.072000 ; 0.70044 ; 25.641 ; OK
1037 ; 2.074000 ; 0.26724 ; 25.700 ; OK
1038 ; 2.076000 ; 0.29219 ; 25.716 ; OK
1039 ; 2.078000 ; -0.28514 ; 25.603 ; OK
1040 ; 2.080000 ; -0.30936 ; 25.586 ; OK
1041 ; 2.082000 ; -1.06434 ; 25.631 ; OK
1042 ; 2.084000 ; -1.68780 ; 25.694 ; OK
1043 ; 2.086000 ; -2.25384 ; 25.716 ; OK
1044 ; 2.088000 ; -2.29092 ; 25.738 ; OK
1045 ; 2.090000 ; -2.14232 ; 25.694 ; OK
1046 ; 2.092000 ; -1.47558 ; 25.661 ; OK
1047 ; 2.094000 ; -1.53357 ; 25.684 ; OK
1048 ; 2.096000 ; -1.06157 ; 25.736 ; OK
1049 ; 2.098000 ; -0.85483 ; 25.670 ; OK
1050 ; 2.100000 ; -1.50013 ; 25.667 ; OK
1051 ; 2.102000 ; -1.29800 ; 25.711 ; OK
1052 ; 2.104000 ; -1.76746 ; 25.706 ; OK
1053 ; 2.106000 ; -2.60026 ; 25.672 ; OK
1054 ; 2.108000 ; -2.75688 ; 25.728 ; OK
1055 ; 2.110000 ; -2.86378 ; 25.734 ; OK
1056 ; 2.112000 ; -2.87591 ; 25.763 ; OK
1057 ; 2.114000 ; -2.11276 ; 25.675 ; OK
1058 ; 2.116000 ; -1.73237 ; 25.723 ; OK
1059 ; 2.118000 ; -1.38413 ; 25.797 ; OK
1060 ; 2.120000 ; -1.03295 ; 25.806 ; OK
1061 ; 2.122000 ; -0.79062 ; 25.746 ; OK
1062 ; 2.124000 ; -0.86068 ; 25.711 ; OK
1063 ; 2.126000 ; -0.91352 ; 25.654 ; OK
1064 ; 2.128000 ; -1.17616 ; 25.800 ; OK
1065 ; 2.130000 ; -1.54596 ; 25.698 ; OK
1066 ; 2.132000 ; -1.89262 ; 25.740 ; OK
1067 ; 2.134000 ; -1.19470 ; 25.731 ; OK
1068 ; 2.136000 ; -1.13920 ; 25.803 ; OK
1069 ; 2.138000 ; -1.04718 ; 25.843 ; OK
1070 ; 2.140000 ; -0.05508 ; 25.766 ; OK
1071 ; 2.142000 ; 0.30885 ; 25.764 ; OK
1072 ; 2.144000 ; 0.76334 ; 25.804 ; OK
1073 ; 2.146000 ; 1.21845 ; 25.804 ; OK
1074 ; 2.148000 ; 1.18850 ; 25.901 ; OK
1075 ; 2.150000 ; 0.96447 ; 25.728 ; OK
1076 ; 2.152000 ; 0.06210 ; 25.804 ; OK
1077 ; 2.154000 ; 0.35087 ; 25.867 ; OK
1078 ; 2.156000 ; -0.23144 ; 25.829 ; OK
1079 ; 2.158000 ; 0.39462 ; 25.751 ; OK
1080 ; 2.160000 ; 0.77017 ; 25.799 ; OK
1081 ; 2.162000 ; 0.83630 ; 25.757 ; OK
1082 ; 2.164000 ; 1.99991 ; 25.813 ; OK
1083 ; 2.166000 ; 2.52483 ; 25.870 ; OK
1084 ; 2.168000 ; 2.81681 ; 25.811 ; OK
1085 ; 2.170000 ; 2.33071 ; 25.892 ; OK
1086 ; 2.172000 ; 2.72265 ; 25.878 ; OK
1087 ; 2.174000 ; 2.19147 ; 25.886 ; OK
1088 ; 2.176000 ; 1.75550 ; 25.817 ; OK
1089 ; 2.178000 ; 1.57594 ; 25.840 ; OK
1090 ; 2.180000 ; 1.32931 ; 25.848 ; OK
1091 ; 2.182000 ; 1.00831 ; 25.853 ; OK
1092 ; 2.184000 ; 1.64450 ; 25.867 ; OK
1093 ; 2.186000 ; 1.74253 ; 25.774 ; OK
1094 ; 2.188000 ; 2.37128 ; 25.906 ; OK
1095 ; 2.190000 ; 2.35199 ; 25.918 ; OK
1096 ; 2.192000 ; 2.38048 ; 25.855 ; OK
1097 ; 2.194000 ; 2.11630 ; 25.846 ; OK
1098 ; 2.196000 ; 1.29358 ; 25.822 ; OK
1099 ; 2.198000 ; 1.66343 ; 25.901 ; OK
1100 ; 2.200000 ; 0.90813 ; 25.825 ; OK
1101 ; 2.202000 ; 0.79585 ; 25.895 ; OK
1102 ; 2.204000 ; 0.25065 ; 25.909 ; OK
1103 ; 2.206000 ; -0.10539 ; 25.932 ; OK
1104 ; 2.208000 ; 0.36703 ; 25.819 ; OK
1105 ; 2.210000 ; 0.54852 ; 25.835 ; OK
1106 ; 2.212000 ; 1.54942 ; 25.922 ; OK
1107 ; 2.214000 ; 0.67211 ; 25.950 ; OK
1108 ; 2.216000 ; 0.47223 ; 25.996 ; OK
1109 ; 2.218000 ; 0.16872 ; 25.881 ; OK
1110 ; 2.220000 ; -0.16871 ; 25.954 ; OK
1111 ; 2.222000 ; -0.40799 ; 26.032 ; OK
1112 ; 2.224000 ; -1.38027 ; 25.898 ; OK
1113 ; 2.226000 ; -1.64356 ; 25.987 ; OK
1114 ; 2.228000 ; -1.42793 ; 25.974 ; OK
1115 ; 2.230000 ; -2.02231 ; 26.010 ; OK
1116 ; 2.232000 ; -1.32779 ; 25.985 ; OK
1117 ; 2.234000 ; -0.86986 ; 25.924 ; OK
1118 ; 2.236000 ; -1.11304 ; 25.951 ; OK
1119 ; 2.238000 ; -1.31431 ; 26.051 ; OK
1120 ; 2.240000 ; -0.99659 ; 26.019 ; OK
1121 ; 2.242000 ; -1.19849 ; 25.963 ; OK
1122 ; 2.244000 ; -1.90149 ; 26.066 ; OK
1123 ; 2.246000 ; -2.70181 ; 25.951 ; OK
1124 ; 2.248000 ; -2.67359 ; 26.007 ; OK
1125 ; 2.250000 ; -2.83864 ; 26.002 ; OK
1126 ; 2.252000 ; -2.32189 ; 26.021 ; OK
1127 ; 2.254000 ; -2.51839 ; 26.078 ; OK
1128 ; 2.256000 ; -2.08038 ; 26.019 ; OK
1129 ; 2.258000 ; -1.53935 ; 26.065 ; OK
1130 ; 2.260000 ; -0.76454 ; 26.044 ; OK
1131 ; 2.262000 ; -0.83747 ; 26.043 ; OK
1132 ; 2.264000 ; -1.22716 ; 26.023 ; OK
1133 ; 2.266000 ; -0.88420 ; 26.113 ; OK
1134 ; 2.268000 ; -1.81751 ; 25.983 ; OK
1135 ; 2.270000 ; -1.75219 ; 26.033 ; OK
1136 ; 2.272000 ; -2.04850 ; 26.072 ; OK
1137 ; 2.274000 ; -2.05337 ; 26.080 ; OK
1138 ; 2.276000 ; -1.69381 ; 26.026 ; OK
1139 ; 2.278000 ; -0.69628 ; 26.003 ; OK
1140 ; 2.280000 ; -0.07503 ; 26.092 ; OK
1141 ; 2.282000 ; 0.06805 ; 26.047 ; OK
1142 ; 2.284000 ; 0.53260 ; 26.115 ; OK
1143 ; 2.286000 ; 1.22856 ; 26.007 ; OK
1144 ; 2.288000 ; 0.70552 ; 26.108 ; OK
1145 ; 2.290000 ; 0.70584 ; 26.112 ; OK
1146 ; 2.292000 ; 0.12759 ; 26.122 ; OK
1147 ; 2.294000 ; 0.25517 ; 26.060 ; OK
1148 ; 2.296000 ; 0.58315 ; 26.158 ; OK
1149 ; 2.298000 ; 0.09338 ; 26.077 ; OK
1150 ; 2.300000 ; 0.59180 ; 26.129 ; OK
1151 ; 2.302000 ; 0.87631 ; 26.195 ; OK
1152 ; 2.304000 ; 1.75164 ; 26.049 ; OK
1153 ; 2.306000 ; 2.49146 ; 26.176 ; OK
1154 ; 2.308000 ; 2.30578 ; 26.026 ; OK
1155 ; 2.310000 ; 2.63310 ; 26.036 ; OK
1156 ; 2.312000 ; 2.18977 ; 26.144 ; OK
1157 ; 2.314000 ; 1.93036 ; 26.069 ; OK
1158 ; 2.316000 ; 1.36486 ; 26.126 ; OK
1159 ; 2.318000 ; 1.19682 ; 26.080 ; OK
1160 ; 2.320000 ; 1.62456 ; 26.144 ; OK
1161 ; 2.322000 ; 1.40113 ; 26.162 ; OK
1162 ; 2.324000 ; 1.68864 ; 26.141 ; OK
1163 ; 2.326000 ; 1.90388 ; 26.172 ; OK
1164 ; 2.328000 ; 2.39791 ; 26.121 ; OK
1165 ; 2.330000 ; 2.76530 ; 26.138 ; OK
1166 ; 2.332000 ; 2.68030 ; 26.078 ; OK
1167 ; 2.334000 ; 2.39646 ; 26.159 ; OK
1168 ; 2.336000 ; 1.53986 ; 26.142 ; OK
1169 ; 2.338000 ; 1.02840 ; 26.117 ; OK
1170 ; 2.340000 ; 0.82359 ; 26.224 ; OK
1171 ; 2.342000 ; 0.00622 ; 26.190 ; OK
1172 ; 2.344000 ; 0.09275 ; 26.160 ; OK
1173 ; 2.346000 ; 0.45770 ; 26.209 ; OK
1174 ; 2.348000 ; 0.61612 ; 26.159 ; OK
1175 ; 2.350000 ; 1.05533 ; 26.213 ; OK
1176 ; 2.352000 ; 1.16790 ; 26.243 ; OK
1177 ; 2.354000 ; 1.53336 ; 26.159 ; OK
1178 ; 2.356000 ; 0.83093 ; 26.303 ; OK
1179 ; 2.358000 ; 1.03994 ; 26.242 ; OK
1180 ; 2.360000 ; 0.01244 ; 26.261 ; OK
1181 ; 2.362000 ; -1.25120 ; 26.248 ; OK
1182 ; 2.364000 ; -1.19555 ; 26.249 ; OK
1183 ; 2.366000 ; -1.17294 ; 26.333 ; OK
1184 ; 2.368000 ; -1.47937 ; 26.236 ; OK
1185 ; 2.370000 ; -1.47017 ; 26.198 ; OK
1186 ; 2.372000 ; -1.52243 ; 26.289 ; OK
1187 ; 2.374000 ; -1.01536 ; 26.304 ; OK
1188 ; 2.376000 ; -0.59271 ; 26.218 ; OK
1189 ; 2.378000 ; -0.34604 ; 26.265 ; OK
1190 ; 2.380000 ; -1.04154 ; 26.319 ; OK
1191 ; 2.382000 ; -1.73768 ; 26.243 ; OK
1192 ; 2.384000 ; -1.76279 ; 26.212 ; OK
1193 ; 2.386000 ; -2.26483 ; 26.228 ; OK
1194 ; 2.388000 ; -2.32664 ; 26.293 ; OK
1195 ; 2.390000 ; -3.12285 ; 26.257 ; OK
1196 ; 2.392000 ; -2.39998 ; 26.323 ; OK
1197 ; 2.394000 ; -2.62115 ; 26.268 ; OK
1198 ; 2.396000 ; -2.26219 ; 26.281 ; OK
1199 ; 2.398000 ; -1.43553 ; 26.359 ; OK
1200 ; 2.400000 ; -0.70935 ; 26.357 ; OK
1201 ; 2.402000 ; -0.86680 ; 26.238 ; OK
1202 ; 2.404000 ; -1.02126 ; 26.372 ; OK
1203 ; 2.406000 ; -1.38930 ; 26.310 ; OK
1204 ; 2.408000 ; -2.11102 ; 26.306 ; OK
1205 ; 2.410000 ; -1.95966 ; 26.343 ; OK
1206 ; 2.412000 ; -2.24022 ; 26.301 ; OK
1207 ; 2.414000 ; -1.75912 ; 26.330 ; OK
1208 ; 2.416000 ; -1.52914 ; 26.328 ; OK
1209 ; 2.418000 ; -1.12687 ; 26.377 ; OK
1210 ; 2.420000 ; 0.10803 ; 26.326 ; OK
1211 ; 2.422000 ; -0.18170 ; 26.380 ; OK
1212 ; 2.424000 ; 0.31968 ; 26.337 ; OK
1213 ; 2.426000 ; 0.61405 ; 26.309 ; OK
1214 ; 2.428000 ; 0.20559 ; 26.333 ; OK
1215 ; 2.430000 ; 0.16425 ; 26.486 ; OK
1216 ; 2.432000 ; -0.18598 ; 26.398 ; OK
1217 ; 2.434000 ; -0.03587 ; 26.307 ; OK
1218 ; 2.436000 ; -0.46165 ; 26.392 ; OK
1219 ; 2.438000 ; 0.14443 ; 26.417 ; OK
1220 ; 2.440000 ; 0.16702 ; 26.441 ; OK
1221 ; 2.442000 ; 1.06672 ; 26.421 ; OK
1222 ; 2.444000 ; 1.67491 ; 26.427 ; OK
1223 ; 2.446000 ; 2.13684 ; 26.453 ; OK
1224 ; 2.448000 ; 2.27804 ; 26.386 ; OK
1225 ; 2.450000 ; 2.44090 ; 26.355 ; OK
1226 ; 2.452000 ; 1.72900 ; 26.440 ; OK
1227 ; 2.454000 ; 1.28706 ; 26.364 ; OK
1228 ; 2.456000 ; 1.25093 ; 26.399 ; OK
1229 ; 2.458000 ; 1.12763 ; 26.449 ; OK
1230 ; 2.460000 ; 1.37360 ; 26.436 ; OK
1231 ; 2.462000 ; NaN ; 26.414 ; ERR
1232 ; 2.464000 ; 1.75698 ; 26.446 ; OK
1233 ; 2.466000 ; 2.19597 ; 26.427 ; OK
1234 ; 2.468000 ; 2.84673 ; 26.420 ; OK
1235 ; 2.470000 ; 2.49128 ; 26.428 ; OK
1236 ; 2.472000 ; 2.38085 ; 26.395 ; OK
1237 ; 2.474000 ; 2.35774 ; 26.479 ; OK
1238 ; 2.476000 ; 2.05132 ; 26.378 ; OK
1239 ; 2.478000 ; 1.55615 ; 26.458 ; OK
1240 ; 2.480000 ; 0.84573 ; 26.452 ; OK
1241 ; 2.482000 ; 0.21437 ; 26.364 ; OK
1242 ; 2.484000 ; 0.32581 ; 26.493 ; OK
1243 ; 2.486000 ; 0.72630 ; 26.563 ; OK
1244 ; 2.488000 ; 0.85668 ; 26.541 ; OK
1245 ; 2.490000 ; 1.22624 ; 26.525 ; OK
1246 ; 2.492000 ; 2.01185 ; 26.546 ; OK
1247 ; 2.494000 ; 1.44224 ; 26.444 ; OK
1248 ; 2.496000 ; 0.81836 ; 26.520 ; OK
1249 ; 2.498000 ; 5.00000 ; 26.408 ; SAT
1250 ; 2.500000 ; 0.10001 ; 26.566 ; OK
1251 ; 2.502000 ; -0.33906 ; 26.407 ; OK
1252 ; 2.504000 ; -0.44885 ; 26.509 ; OK
1253 ; 2.506000 ; -1.50091 ; 26.479 ; OK
1254 ; 2.508000 ; -1.47045 ; 26.551 ; OK
1255 ; 2.510000 ; -0.81273 ; 26.568 ; OK
1256 ; 2.512000 ; -1.04977 ; 26.551 ; OK
1257 ; 2.514000 ; -0.40832 ; 26.606 ; OK
1258 ; 2.516000 ; -0.74479 ; 26.524 ; OK
1259 ; 2.518000 ; -0.60708 ; 26.545 ; OK
1260 ; 2.520000 ; -0.49102 ; 26.658 ; OK
1261 ; 2.522000 ; -1.48758 ; 26.500 ; OK
1262 ; 2.524000 ; -2.08670 ; 26.520 ; OK
1263 ; 2.526000 ; -1.92679 ; 26.570 ; OK
1264 ; 2.528000 ; -2.40964 ; 26.584 ; OK
1265 ; 2.530000 ; -2.75224 ; 26.636 ; OK
1266 ; 2.532000 ; -2.18296 ; 26.581 ; OK
1267 ; 2.534000 ; -2.21090 ; 26.630 ; OK
1268 ; 2.536000 ; -1.66320 ; 26.583 ; OK
1269 ; 2.538000 ; -1.39090 ; 26.669 ; OK
1270 ; 2.540000 ; -0.92064 ; 26.636 ; OK
1271 ; 2.542000 ; -1.29445 ; 26.624 ; OK
1272 ; 2.544000 ; -1.98564 ; 26.720 ; OK
1273 ; 2.546000 ; -1.06419 ; 26.572 ; OK
1274 ; 2.548000 ; -2.07405 ; 26.640 ; OK
1275 ; 2.550000 ; -2.14520 ; 26.635 ; OK
1276 ; 2.552000 ; -2.42182 ; 26.637 ; OK
1277 ; 2.554000 ; -2.55662 ; 26.539 ; OK
1278 ; 2.556000 ; -1.28780 ; 26.639 ; OK
1279 ; 2.558000 ; -1.10882 ; 26.663 ; OK
1280 ; 2.560000 ; -0.60274 ; 26.563 ; OK
1281 ; 2.562000 ; -0.40682 ; 26.671 ; OK
1282 ; 2.564000 ; 0.40640 ; 26.636 ; OK
1283 ; 2.566000 ; -0.00645 ; 26.707 ; OK
1284 ; 2.568000 ; -0.10018 ; 26.634 ; OK
1285 ; 2.570000 ; -0.01371 ; 26.656 ; OK
1286 ; 2.572000 ; -0.45106 ; 26.622 ; OK
1287 ; 2.574000 ; -0.60188 ; 26.688 ; OK
1288 ; 2.576000 ; -0.82014 ; 26.754 ; OK
1289 ; 2.578000 ; -0.15479 ; 26.641 ; OK
1290 ; 2.580000 ; -0.26415 ; 26.701 ; OK
1291 ; 2.582000 ; 0.84052 ; 26.638 ; OK
1292 ; 2.584000 ; 1.34404 ; 26.677 ; OK
1293 ; 2.586000 ; 1.78703 ; 26.733 ; OK
1294 ; 2.588000 ; 2.03137 ; 26.727 ; OK
1295 ; 2.590000 ; 2.20880 ; 26.649 ; OK
1296 ; 2.592000 ; 1.94422 ; 26.708 ; OK
1297 ; 2.594000 ; 1.49001 ; 26.709 ; OK
1298 ; 2.596000 ; 0.97586 ; 26.742 ; OK
1299 ; 2.598000 ; 1.25778 ; 26.598 ; OK
1300 ; 2.600000 ; 0.78454 ; 26.742 ; OK
1301 ; 2.602000 ; 1.30732 ; 26.693 ; OK
1302 ; 2.604000 ; 1.64584 ; 26.791 ; OK
1303 ; 2.606000 ; 2.26161 ; 26.834 ; OK
1304 ; 2.608000 ; 2.73182 ; 26.719 ; OK
1305 ; 2.610000 ; 2.51827 ; 26.729 ; OK
1306 ; 2.612000 ; 2.52116 ; 26.691 ; OK
1307 ; 2.614000 ; 2.17533 ; 26.792 ; OK
1308 ; 2.616000 ; 2.10448 ; 26.776 ; OK
1309 ; 2.618000 ; 1.14198 ; 26.776 ; OK
1310 ; 2.620000 ; 0.62522 ; 26.684 ; OK
1311 ; 2.622000 ; 0.98391 ; 26.740 ; OK
1312 ; 2.624000 ; 0.59514 ; 26.791 ; OK
1313 ; 2.626000 ; 0.89931 ; 26.765 ; OK
1314 ; 2.628000 ; 1.42809 ; 26.654 ; OK
1315 ; 2.630000 ; 1.68371 ; 26.714 ; OK
1316 ; 2.632000 ; 1.34048 ; 26.730 ; OK
1317 ; 2.634000 ; 1.57936 ; 26.801 ; OK
1318 ; 2.636000 ; 0.70710 ; 26.820 ; OK
1319 ; 2.638000 ; 0.67812 ; 26.756 ; OK
1320 ; 2.640000 ; 0.25336 ; 26.747 ; OK
1321 ; 2.642000 ; -0.12413 ; 26.795 ; OK
1322 ; 2.644000 ; -0.66124 ; 26.829 ; OK
1323 ; 2.646000 ; -1.30958 ; 26.805 ; OK
1324 ; 2.648000 ; -0.66696 ; 26.756 ; OK
1325 ; 2.650000 ; -1.28783 ; 26.872 ; OK
1326 ; 2.652000 ; -0.13162 ; 26.855 ; OK
1327 ; 2.654000 ; -0.45856 ; 26.814 ; OK
1328 ; 2.656000 ; -0.47013 ; 26.813 ; OK
1329 ; 2.658000 ; -0.35269 ; 26.786 ; OK
1330 ; 2.660000 ; -1.05790 ; 26.869 ; OK
1331 ; 2.662000 ; -1.25736 ; 26.847 ; OK
1332 ; 2.664000 ; -1.67889 ; 26.730 ; OK
1333 ; 2.666000 ; -2.18716 ; 26.829 ; OK
1334 ; 2.668000 ; -2.93045 ; 26.791 ; OK
1335 ; 2.670000 ; -2.57629 ; 26.894 ; OK
1336 ; 2.672000 ; -2.16551 ; 26.947 ; OK
1337 ; 2.674000 ; -1.78070 ; 26.864 ; OK
1338 ; 2.676000 ; -1.73468 ; 26.915 ; OK
1339 ; 2.678000 ; -1.27198 ; 26.870 ; OK
1340 ; 2.680000 ; -1.04656 ; 26.760 ; OK
1341 ; 2.682000 ; -1.33813 ; 26.866 ; OK
1342 ; 2.684000 ; -1.92513 ; 26.855 ; OK
1343 ; 2.686000 ; -1.84505 ; 26.849 ; OK
1344 ; 2.688000 ; -1.81642 ; 26.950 ; OK
1345 ; 2.690000 ; -2.78049 ; 26.900 ; OK
1346 ; 2.692000 ; -2.69344 ; 26.918 ; OK
1347 ; 2.694000 ; -2.60546 ; 26.893 ; OK
1348 ; 2.696000 ; -1.70057 ; 26.857 ; OK
1349 ; 2.698000 ; -1.13556 ; 27.014 ; OK
1350 ; 2.700000 ; -1.10276 ; 26.862 ; OK
1351 ; 2.702000 ; 0.04366 ; 26.918 ; OK
1352 ; 2.704000 ; -0.17889 ; 26.871 ; OK
1353 ; 2.706000 ; -0.57990 ; 26.832 ; OK
1354 ; 2.708000 ; -0.01193 ; 26.832 ; OK
1355 ; 2.710000 ; -0.36367 ; 26.892 ; OK
1356 ; 2.712000 ; -1.10248 ; 26.923 ; OK
1357 ; 2.714000 ; -0.94485 ; 26.935 ; OK
1358 ; 2.716000 ; -0.39342 ; 26.889 ; OK
1359 ; 2.718000 ; -0.20511 ; 26.997 ; OK
1360 ; 2.720000 ; -0.07129 ; 27.005 ; OK
1361 ; 2.722000 ; 0.42845 ; 26.997 ; OK
1362 ; 2.724000 ; 1.28105 ; 27.013 ; OK
1363 ; 2.726000 ; 2.21706 ; 26.922 ; OK
1364 ; 2.728000 ; 1.91128 ; 26.910 ; OK
1365 ; 2.730000 ; 1.76138 ; 26.964 ; OK
1366 ; 2.732000 ; 1.35217 ; 27.045 ; OK
1367 ; 2.734000 ; 1.41994 ; 27.004 ; OK
1368 ; 2.736000 ; 0.86141 ; 26.967 ; OK
1369 ; 2.738000 ; 1.04383 ; 26.915 ; OK
1370 ; 2.740000 ; 1.01976 ; 27.054 ; OK
1371 ; 2.742000 ; 1.61974 ; 26.937 ; OK
1372 ; 2.744000 ; 2.19792 ; 26.969 ; OK
1373 ; 2.746000 ; 2.68839 ; 26.962 ; OK
1374 ; 2.748000 ; 2.90146 ; 27.089 ; OK
1375 ; 2.750000 ; 2.92759 ; 27.097 ; OK
1376 ; 2.752000 ; 2.64982 ; 26.997 ; OK
1377 ; 2.754000 ; 1.98998 ; 26.937 ; OK
1378 ; 2.756000 ; 1.49843 ; 27.003 ; OK
1379 ; 2.758000 ; 1.52279 ; 27.009 ; OK
1380 ; 2.760000 ; 0.79811 ; 27.043 ; OK
1381 ; 2.762000 ; 0.72732 ; 27.092 ; OK
1382 ; 2.764000 ; 0.71422 ; 26.942 ; OK
1383 ; 2.766000 ; 1.35039 ; 27.062 ; OK
1384 ; 2.768000 ; 1.33958 ; 27.012 ; OK
1385 ; 2.770000 ; 2.05225 ; 27.011 ; OK
1386 ; 2.772000 ; 1.90565 ; 27.076 ; OK
1387 ; 2.774000 ; 1.38737 ; 27.018 ; OK
1388 ; 2.776000 ; 1.21396 ; 27.054 ; OK
1389 ; 2.778000 ; 0.75898 ; 26.944 ; OK
1390 ; 2.780000 ; 0.80335 ; 27.072 ; OK
1391 ; 2.782000 ; -0.49350 ; 27.071 ; OK
1392 ; 2.784000 ; -0.00229 ; 27.044 ; OK
1393 ; 2.786000 ; -0.96418 ; 27.011 ; OK
1394 ; 2.788000 ; -0.67965 ; 27.113 ; OK
1395 ; 2.790000 ; -0.34686 ; 27.079 ; OK
1396 ; 2.792000 ; -0.35062 ; 27.119 ; OK
1397 ; 2.794000 ; -0.08163 ; 27.092 ; OK
1398 ; 2.796000 ; -0.33899 ; 27.075 ; OK
1399 ; 2.798000 ; -0.43651 ; 27.006 ; OK
1400 ; 2.800000 ; -0.78706 ; 27.088 ; OK
1401 ; 2.802000 ; -1.23760 ; 27.150 ; OK
1402 ; 2.804000 ; -2.11996 ; 27.130 ; OK
1403 ; 2.806000 ; -2.00970 ; 27.064 ; OK
1404 ; 2.808000 ; -2.18152 ; 27.061 ; OK
1405 ; 2.810000 ; -2.71152 ; 27.034 ; OK
1406 ; 2.812000 ; -1.95409 ; 27.117 ; OK
1407 ; 2.814000 ; -1.65471 ; 27.090 ; OK
1408 ; 2.816000 ; NaN ; 27.080 ; ERR
1409 ; 2.818000 ; -1.06885 ; 27.070 ; OK
1410 ; 2.820000 ; -0.89425 ; 27.121 ; OK
1411 ; 2.822000 ; -1.38439 ; 27.169 ; OK
1412 ; 2.824000 ; -1.76619 ; 27.182 ; OK
1413 ; 2.826000 ; -2.19746 ; 27.067 ; OK
1414 ; 2.828000 ; -2.39401 ; 27.061 ; OK
1415 ; 2.830000 ; -2.28542 ; 27.117 ; OK
1416 ; 2.832000 ; -2.49240 ; 27.048 ; OK
1417 ; 2.834000 ; -2.42168 ; 27.194 ; OK
1418 ; 2.836000 ; -1.92430 ; 27.137 ; OK
1419 ; 2.838000 ; -1.30699 ; 27.230 ; OK
1420 ; 2.840000 ; -0.72977 ; 27.260 ; OK
1421 ; 2.842000 ; -0.54317 ; 27.126 ; OK
1422 ; 2.844000 ; -0.11722 ; 27.266 ; OK
1423 ; 2.846000 ; -0.08080 ; 27.232 ; OK
1424 ; 2.848000 ; -0.32102 ; 27.154 ; OK
1425 ; 2.850000 ; -0.58965 ; 27.253 ; OK
1426 ; 2.852000 ; -0.95929 ; 27.248 ; OK
1427 ; 2.854000 ; -0.93036 ; 27.182 ; OK
1428 ; 2.856000 ; -0.94009 ; 27.276 ; OK
1429 ; 2.858000 ; -0.05992 ; 27.154 ; OK
1430 ; 2.860000 ; 0.23457 ; 27.311 ; OK
1431 ; 2.862000 ; 0.55644 ; 27.198 ; OK
1432 ; 2.864000 ; 1.01098 ; 27.220 ; OK
1433 ; 2.866000 ; 1.14380 ; 27.218 ; OK
1434 ; 2.868000 ; 1.46370 ; 27.287 ; OK
1435 ; 2.870000 ; 1.33075 ; 27.284 ; OK
1436 ; 2.872000 ; 0.80153 ; 27.159 ; OK
1437 ; 2.874000 ; 1.40638 ; 27.221 ; OK
1438 ; 2.876000 ; 0.53837 ; 27.288 ; OK
1439 ; 2.878000 ; 0.98140 ; 27.309 ; OK
1440 ; 2.880000 ; 1.09559 ; 27.233 ; OK
1441 ; 2.882000 ; 1.36326 ; 27.277 ; OK
1442 ; 2.884000 ; 2.10589 ; 27.309 ; OK
1443 ; 2.886000 ; 1.90450 ; 27.266 ; OK
1444 ; 2.888000 ; 2.28212 ; 27.269 ; OK
1445 ; 2.890000 ; 2.92571 ; 27.266 ; OK
1446 ; 2.892000 ; 2.90816 ; 27.352 ; OK
1447 ; 2.894000 ; 2.20262 ; 27.322 ; OK
1448 ; 2.896000 ; 1.74627 ; 27.352 ; OK
1449 ; 2.898000 ; 1.04512 ; 27.291 ; OK
1450 ; 2.900000 ; 0.51627 ; 27.292 ; OK
1451 ; 2.902000 ; 1.31358 ; 27.317 ; OK
1452 ; 2.904000 ; 1.21643 ; 27.221 ; OK
1453 ; 2.906000 ; 1.27895 ; 27.298 ; OK
1454 ; 2.908000 ; 1.95800 ; 27.333 ; OK
1455 ; 2.910000 ; 2.34015 ; 27.348 ; OK
1456 ; 2.912000 ; 1.75680 ; 27.296 ; OK
1457 ; 2.914000 ; 1.91852 ; 27.341 ; OK
1458 ; 2.916000 ; 1.80744 ; 27.406 ; OK
1459 ; 2.918000 ; 0.82480 ; 27.393 ; OK
1460 ; 2.920000 ; 0.68779 ; 27.384 ; OK
1461 ; 2.922000 ; -0.05763 ; 27.369 ; OK
1462 ; 2.924000 ; -0.21477 ; 27.421 ; OK
1463 ; 2.926000 ; -0.83285 ; 27.304 ; OK
1464 ; 2.928000 ; 0.02413 ; 27.377 ; OK
1465 ; 2.930000 ; -0.14198 ; 27.470 ; OK
1466 ; 2.932000 ; 0.23859 ; 27.343 ; OK
1467 ; 2.934000 ; NaN ; 27.400 ; ERR
1468 ; 2.936000 ; 0.20149 ; 27.352 ; OK
1469 ; 2.938000 ; -0.31613 ; 27.378 ; OK
1470 ; 2.940000 ; -0.74339 ; 27.373 ; OK
1471 ; 2.942000 ; -0.96666 ; 27.467 ; OK
1472 ; 2.944000 ; -2.42142 ; 27.295 ; OK
1473 ; 2.946000 ; -1.85032 ; 27.420 ; OK
1474 ; 2.948000 ; -2.41511 ; 27.403 ; OK
1475 ; 2.950000 ; -2.73643 ; 27.445 ; OK
1476 ; 2.952000 ; -2.15221 ; 27.355 ; OK
1477 ; 2.954000 ; -1.65030 ; 27.377 ; OK
1478 ; 2.956000 ; -0.62526 ; 27.440 ; OK
1479 ; 2.958000 ; -1.67174 ; 27.439 ; OK
1480 ; 2.960000 ; -0.91397 ; 27.386 ; OK
1481 ; 2.962000 ; -1.41565 ; 27.378 ; OK
1482 ; 2.964000 ; -1.94820 ; 27.415 ; OK
1483 ; 2.966000 ; -2.34125 ; 27.458 ; OK
1484 ; 2.968000 ; -2.31133 ; 27.444 ; OK
1485 ; 2.970000 ; -2.44170 ; 27.402 ; OK
1486 ; 2.972000 ; -2.86425 ; 27.483 ; OK
1487 ; 2.974000 ; -2.31492 ; 27.329 ; OK
1488 ; 2.976000 ; -1.66499 ; 27.486 ; OK
1489 ; 2.978000 ; -1.85192 ; 27.543 ; OK
1490 ; 2.980000 ; -0.88917 ; 27.555 ; OK
1491 ; 2.982000 ; -0.50768 ; 27.440 ; OK
1492 ; 2.984000 ; -0.71528 ; 27.453 ; OK
1493 ; 2.986000 ; -0.39490 ; 27.493 ; OK
1494 ; 2.988000 ; -0.73251 ; 27.431 ; OK
1495 ; 2.990000 ; -1.07504 ; 27.431 ; OK
1496 ; 2.992000 ; -1.16009 ; 27.454 ; OK
1497 ; 2.994000 ; -1.30544 ; 27.460 ; OK
1498 ; 2.996000 ; -1.34938 ; 27.454 ; OK
1499 ; 2.998000 ; -999.0 ; 27.412 ; ERR
1500 ; 3.000000 ; -0.04036 ; 27.565 ; OK
# --- keepalive, buffer flushed ---
1501 ; 3.002000 ; 0.90619 ; 27.514 ; OK
1502 ; 3.004000 ; 0.47449 ; 27.577 ; OK
1503 ; 3.006000 ; 1.39673 ; 27.486 ; OK
1504 ; 3.008000 ; 1.38838 ; 27.503 ; OK
1505 ; 3.010000 ; 1.69382 ; 27.454 ; OK
1506 ; 3.012000 ; 1.00109 ; 27.557 ; OK
1507 ; 3.014000 ; 0.35879 ; 27.526 ; OK
1508 ; 3.016000 ; 0.43489 ; 27.495 ; OK
1509 ; 3.018000 ; 0.72748 ; 27.585 ; OK
1510 ; 3.020000 ; 5.00000 ; 27.528 ; SAT
1511 ; 3.022000 ; 1.26345 ; 27.494 ; OK
1512 ; 3.024000 ; 2.07508 ; 27.570 ; OK
1513 ; 3.026000 ; 2.85267 ; 27.455 ; OK
1514 ; 3.028000 ; 2.82600 ; 27.650 ; OK
1515 ; 3.030000 ; 2.59702 ; 27.625 ; OK
1516 ; 3.032000 ; 2.60968 ; 27.554 ; OK
1517 ; 3.034000 ; 2.25441 ; 27.568 ; OK
1518 ; 3.036000 ; 2.01601 ; 27.580 ; OK
1519 ; 3.038000 ; 1.09183 ; 27.525 ; OK
1520 ; 3.040000 ; 1.19211 ; 27.565 ; OK
1521 ; 3.042000 ; 0.95415 ; 27.661 ; OK
1522 ; 3.044000 ; 1.24751 ; 27.635 ; OK
1523 ; 3.046000 ; 1.41574 ; 27.570 ; OK
1524 ; 3.048000 ; 5.00000 ; 27.656 ; SAT
1525 ; 3.050000 ; 1.70527 ; 27.567 ; OK
1526 ; 3.052000 ; 2.47504 ; 27.674 ; OK
1527 ; 3.054000 ; 2.02514 ; 27.610 ; OK
1528 ; 3.056000 ; 1.69865 ; 27.596 ; OK
1529 ; 3.058000 ; 1.02025 ; 27.628 ; OK
1530 ; 3.060000 ; 0.80584 ; 27.640 ; OK
1531 ; 3.062000 ; 0.20939 ; 27.756 ; OK
1532 ; 3.064000 ; 0.11588 ; 27.582 ; OK
1533 ; 3.066000 ; -0.16768 ; 27.628 ; OK
1534 ; 3.068000 ; 0.10351 ; 27.642 ; OK
1535 ; 3.070000 ; -0.33829 ; 27.647 ; OK
1536 ; 3.072000 ; 0.92964 ; 27.591 ; OK
1537 ; 3.074000 ; 0.91096 ; 27.676 ; OK
1538 ; 3.076000 ; 0.39261 ; 27.627 ; OK
1539 ; 3.078000 ; 0.08941 ; 27.741 ; OK
1540 ; 3.080000 ; -0.23283 ; 27.701 ; OK
1541 ; 3.082000 ; -1.33027 ; 27.639 ; OK
1542 ; 3.084000 ; -1.59425 ; 27.675 ; OK
1543 ; 3.086000 ; -2.05761 ; 27.777 ; OK
1544 ; 3.088000 ; -2.18049 ; 27.614 ; OK
1545 ; 3.090000 ; -1.80882 ; 27.637 ; OK
1546 ; 3.092000 ; -1.97458 ; 27.693 ; OK
1547 ; 3.094000 ; -1.33553 ; 27.734 ; OK
1548 ; 3.096000 ; -0.87877 ; 27.717 ; OK
1549 ; 3.098000 ; -0.99177 ; 27.637 ; OK
1550 ; 3.100000 ; -1.32641 ; 27.654 ; OK
1551 ; 3.102000 ; -1.55206 ; 27.728 ; OK
1552 ; 3.104000 ; -1.67572 ; 27.643 ; OK
1553 ; 3.106000 ; -2.74112 ; 27.857 ; OK
1554 ; 3.108000 ; -2.80009 ; 27.606 ; OK
1555 ; 3.110000 ; -2.64177 ; 27.772 ; OK
1556 ; 3.112000 ; -2.53651 ; 27.694 ; OK
1557 ; 3.114000 ; -1.96930 ; 27.660 ; OK
1558 ; 3.116000 ; -2.24335 ; 27.809 ; OK
1559 ; 3.118000 ; -1.15780 ; 27.698 ; OK
1560 ; 3.120000 ; -1.14873 ; 27.718 ; OK
1561 ; 3.122000 ; -0.81082 ; 27.732 ; OK
1562 ; 3.124000 ; -1.02653 ; 27.641 ; OK
1563 ; 3.126000 ; -1.06382 ; 27.813 ; OK
1564 ; 3.128000 ; -1.36629 ; 27.865 ; OK
1565 ; 3.130000 ; -1.58752 ; 27.782 ; OK
1566 ; 3.132000 ; -1.53277 ; 27.759 ; OK
1567 ; 3.134000 ; -1.51656 ; 27.765 ; OK
1568 ; 3.136000 ; -1.52705 ; 27.795 ; OK
1569 ; 3.138000 ; -1.07130 ; 27.743 ; OK
1570 ; 3.140000 ; 0.06726 ; 27.772 ; OK
1571 ; 3.142000 ; 0.58301 ; 27.819 ; OK
1572 ; 3.144000 ; 0.90513 ; 27.737 ; OK
1573 ; 3.146000 ; 0.91126 ; 27.763 ; OK
1574 ; 3.148000 ; 1.29256 ; 27.710 ; OK
1575 ; 3.150000 ; 0.83699 ; 27.813 ; OK
1576 ; 3.152000 ; 0.26786 ; 27.798 ; OK
1577 ; 3.154000 ; 0.85117 ; 27.820 ; OK
1578 ; 3.156000 ; -0.08608 ; 27.824 ; OK
1579 ; 3.158000 ; 0.10028 ; 27.755 ; OK
1580 ; 3.160000 ; 0.53450 ; 27.811 ; OK
1581 ; 3.162000 ; 1.02524 ; 27.789 ; OK
1582 ; 3.164000 ; 1.88474 ; 27.806 ; OK
1583 ; 3.166000 ; 2.43237 ; 27.822 ; OK
1584 ; 3.168000 ; 2.69102 ; 27.859 ; OK
1585 ; 3.170000 ; 2.97262 ; 27.837 ; OK
1586 ; 3.172000 ; 2.15382 ; 27.754 ; OK
1587 ; 3.174000 ; 2.11529 ; 27.866 ; OK
1588 ; 3.176000 ; 1.73354 ; 27.829 ; OK
1589 ; 3.178000 ; 1.60226 ; 27.768 ; OK
1590 ; 3.180000 ; 1.27701 ; 27.879 ; OK
1591 ; 3.182000 ; 1.59152 ; 27.844 ; OK
1592 ; 3.184000 ; 1.87956 ; 27.837 ; OK
1593 ; 3.186000 ; 1.71864 ; 27.791 ; OK
1594 ; 3.188000 ; 2.23317 ; 27.881 ; OK
1595 ; 3.190000 ; 2.62586 ; 27.904 ; OK
1596 ; 3.192000 ; 2.38601 ; 27.812 ; OK
1597 ; 3.194000 ; 2.16834 ; 27.879 ; OK
1598 ; 3.196000 ; 1.98136 ; 27.918 ; OK
1599 ; 3.198000 ; 0.87931 ; 27.893 ; OK
1600 ; 3.200000 ; 0.52631 ; 27.854 ; OK
1601 ; 3.202000 ; 0.76636 ; 27.879 ; OK
1602 ; 3.204000 ; 0.15746 ; 27.809 ; OK
1603 ; 3.206000 ; 0.16864 ; 27.848 ; OK
1604 ; 3.208000 ; 0.61060 ; 27.906 ; OK
1605 ; 3.210000 ; 0.50487 ; 27.997 ; OK
1606 ; 3.212000 ; 0.94506 ; 27.941 ; OK
1607 ; 3.214000 ; 0.93171 ; 27.836 ; OK
1608 ; 3.216000 ; 0.72985 ; 27.947 ; OK
1609 ; 3.218000 ; 0.08222 ; 27.871 ; OK
1610 ; 3.220000 ; -0.16315 ; 27.901 ; OK
1611 ; 3.222000 ; -0.38393 ; 27.945 ; OK
1612 ; 3.224000 ; -1.38027 ; 27.949 ; OK
1613 ; 3.226000 ; -1.87471 ; 27.953 ; OK
1614 ; 3.228000 ; -2.01784 ; 27.927 ; OK
1615 ; 3.230000 ; -1.62028 ; 28.019 ; OK
1616 ; 3.232000 ; -1.37405 ; 27.976 ; OK
1617 ; 3.234000 ; -0.98833 ; 27.972 ; OK
1618 ; 3.236000 ; -1.03003 ; 27.918 ; OK
1619 ; 3.238000 ; -1.24340 ; 27.972 ; OK
1620 ; 3.240000 ; -1.01155 ; 27.919 ; OK
1621 ; 3.242000 ; -1.30070 ; 27.870 ; OK
1622 ; 3.244000 ; -1.92341 ; 27.983 ; OK
1623 ; 3.246000 ; -2.41069 ; 27.978 ; OK
1624 ; 3.248000 ; -2.82776 ; 28.112 ; OK
1625 ; 3.250000 ; -2.62662 ; 27.971 ; OK
1626 ; 3.252000 ; -2.67508 ; 27.945 ; OK
1627 ; 3.254000 ; -2.23774 ; 27.978 ; OK
1628 ; 3.256000 ; -1.83999 ; 28.051 ; OK
1629 ; 3.258000 ; -2.02628 ; 28.054 ; OK
1630 ; 3.260000 ; -1.29458 ; 28.045 ; OK
1631 ; 3.262000 ; -0.76015 ; 27.996 ; OK
1632 ; 3.264000 ; -1.11248 ; 28.000 ; OK
1633 ; 3.266000 ; -1.15553 ; 28.009 ; OK
1634 ; 3.268000 ; -1.62151 ; 27.978 ; OK
1635 ; 3.270000 ; -1.98480 ; 28.083 ; OK
1636 ; 3.272000 ; -2.15333 ; 28.098 ; OK
1637 ; 3.274000 ; -1.62973 ; 28.070 ; OK
1638 ; 3.276000 ; -1.45145 ; 28.119 ; OK
1639 ; 3.278000 ; -1.08774 ; 28.148 ; OK
1640 ; 3.280000 ; -0.41678 ; 28.077 ; OK
1641 ; 3.282000 ; 0.10934 ; 28.047 ; OK
1642 ; 3.284000 ; 0.56290 ; 28.089 ; OK
1643 ; 3.286000 ; 0.83890 ; 28.029 ; OK
1644 ; 3.288000 ; 0.48253 ; 28.089 ; OK
1645 ; 3.290000 ; 1.07386 ; 28.026 ; OK
1646 ; 3.292000 ; 0.02816 ; 27.997 ; OK
1647 ; 3.294000 ; -0.29211 ; 28.145 ; OK
1648 ; 3.296000 ; 0.28449 ; 28.092 ; OK
1649 ; 3.298000 ; 0.20095 ; 28.130 ; OK
1650 ; 3.300000 ; 0.68417 ; 28.063 ; OK
1651 ; 3.302000 ; 1.56840 ; 28.064 ; OK
1652 ; 3.304000 ; 2.27991 ; 28.131 ; OK
1653 ; 3.306000 ; 1.59666 ; 28.126 ; OK
1654 ; 3.308000 ; 2.31822 ; 28.156 ; OK
1655 ; 3.310000 ; 2.73673 ; 28.159 ; OK
1656 ; 3.312000 ; 2.27401 ; 28.140 ; OK
1657 ; 3.314000 ; 2.11290 ; 28.194 ; OK
1658 ; 3.316000 ; 1.37412 ; 28.143 ; OK
1659 ; 3.318000 ; 0.95903 ; 28.110 ; OK
1660 ; 3.320000 ; 1.46532 ; 28.101 ; OK
1661 ; 3.322000 ; 1.34878 ; 28.168 ; OK
1662 ; 3.324000 ; 1.22089 ; 28.206 ; OK
1663 ; 3.326000 ; 1.86830 ; 28.110 ; OK
1664 ; 3.328000 ; 2.51210 ; 28.187 ; OK
1665 ; 3.330000 ; 2.33321 ; 28.152 ; OK
1666 ; 3.332000 ; 2.88804 ; 28.168 ; OK
1667 ; 3.334000 ; 2.50936 ; 28.137 ; OK
1668 ; 3.336000 ; 2.28832 ; 28.231 ; OK
1669 ; 3.338000 ; 1.38012 ; 28.175 ; OK
1670 ; 3.340000 ; 0.60593 ; 28.202 ; OK
1671 ; 3.342000 ; 0.59570 ; 28.095 ; OK
1672 ; 3.344000 ; -0.01337 ; 28.011 ; OK
1673 ; 3.346000 ; -0.41994 ; 28.236 ; OK
1674 ; 3.348000 ; 0.57905 ; 28.267 ; OK
1675 ; 3.350000 ; 0.91319 ; 28.169 ; OK
1676 ; 3.352000 ; 1.26882 ; 28.227 ; OK
1677 ; 3.354000 ; 1.19849 ; 28.101 ; OK
1678 ; 3.356000 ; 0.92740 ; 28.219 ; OK
1679 ; 3.358000 ; 0.26962 ; 28.202 ; OK
1680 ; 3.360000 ; -0.66438 ; 28.219 ; OK
1681 ; 3.362000 ; -0.69387 ; 28.143 ; OK
1682 ; 3.364000 ; -0.94297 ; 28.153 ; OK
1683 ; 3.366000 ; -1.46887 ; 28.288 ; OK
1684 ; 3.368000 ; -2.29459 ; 28.235 ; OK
1685 ; 3.370000 ; -1.28737 ; 28.261 ; OK
1686 ; 3.372000 ; -1.43303 ; 28.207 ; OK
1687 ; 3.374000 ; -0.85394 ; 28.274 ; OK
1688 ; 3.376000 ; -0.77594 ; 28.197 ; OK
1689 ; 3.378000 ; -0.88889 ; 28.299 ; OK
1690 ; 3.380000 ; -0.75842 ; 28.232 ; OK
1691 ; 3.382000 ; -0.92801 ; 28.297 ; OK
1692 ; 3.384000 ; -1.89726 ; 28.183 ; OK
1693 ; 3.386000 ; -2.33281 ; 28.337 ; OK
1694 ; 3.388000 ; -3.17915 ; 28.301 ; OK
1695 ; 3.390000 ; -3.06642 ; 28.345 ; OK
1696 ; 3.392000 ; -2.35475 ; 28.317 ; OK
1697 ; 3.394000 ; -3.01663 ; 28.272 ; OK
1698 ; 3.396000 ; -2.14338 ; 28.250 ; OK
1699 ; 3.398000 ; -1.67794 ; 28.362 ; OK
1700 ; 3.400000 ; -1.16518 ; 28.308 ; OK
1701 ; 3.402000 ; -1.39306 ; 28.286 ; OK
1702 ; 3.404000 ; -1.04186 ; 28.327 ; OK
1703 ; 3.406000 ; -1.21821 ; 28.302 ; OK
1704 ; 3.408000 ; -1.62058 ; 28.367 ; OK
1705 ; 3.410000 ; -2.32378 ; 28.303 ; OK
1706 ; 3.412000 ; -2.02263 ; 28.251 ; OK
1707 ; 3.414000 ; -1.42455 ; 28.253 ; OK
1708 ; 3.416000 ; -1.34409 ; 28.311 ; OK
1709 ; 3.418000 ; -0.91768 ; 28.400 ; OK
1710 ; 3.420000 ; -0.42015 ; 28.276 ; OK
1711 ; 3.422000 ; 0.11636 ; 28.403 ; OK
1712 ; 3.424000 ; 0.38495 ; 28.333 ; OK
1713 ; 3.426000 ; 0.48902 ; 28.315 ; OK
1714 ; 3.428000 ; 0.49448 ; 28.430 ; OK
1715 ; 3.430000 ; 0.02479 ; 28.334 ; OK
1716 ; 3.432000 ; 0.07708 ; 28.360 ; OK
1717 ; 3.434000 ; -0.43633 ; 28.295 ; OK
1718 ; 3.436000 ; 0.14045 ; 28.351 ; OK
1719 ; 3.438000 ; 0.20979 ; 28.370 ; OK
1720 ; 3.440000 ; 0.43152 ; 28.436 ; OK
1721 ; 3.442000 ; 1.14360 ; 28.376 ; OK
1722 ; 3.444000 ; 1.57411 ; 28.414 ; OK
1723 ; 3.446000 ; 1.95128 ; 28.380 ; OK
1724 ; 3.448000 ; 1.57694 ; 28.408 ; OK
1725 ; 3.450000 ; 2.25351 ; 28.450 ; OK
1726 ; 3.452000 ; 2.51867 ; 28.372 ; OK
1727 ; 3.454000 ; 1.65992 ; 28.414 ; OK
1728 ; 3.456000 ; 1.50955 ; 28.453 ; OK
1729 ; 3.458000 ; 1.12848 ; 28.486 ; OK
1730 ; 3.460000 ; 1.10632 ; 28.382 ; OK
1731 ; 3.462000 ; 1.45077 ; 28.443 ; OK
1732 ; 3.464000 ; 1.49650 ; 28.422 ; OK
1733 ; 3.466000 ; 2.52173 ; 28.476 ; OK
1734 ; 3.468000 ; 2.28741 ; 28.419 ; OK
1735 ; 3.470000 ; 3.09635 ; 28.465 ; OK
1736 ; 3.472000 ; 2.58835 ; 28.428 ; OK
1737 ; 3.474000 ; 1.85822 ; 28.393 ; OK
1738 ; 3.476000 ; 1.88394 ; 28.538 ; OK
1739 ; 3.478000 ; 1.08301 ; 28.392 ; OK
1740 ; 3.480000 ; 0.97687 ; 28.495 ; OK
1741 ; 3.482000 ; 0.42960 ; 28.458 ; OK
1742 ; 3.484000 ; 0.62044 ; 28.427 ; OK
1743 ; 3.486000 ; 1.06069 ; 28.602 ; OK
1744 ; 3.488000 ; -999.0 ; 28.392 ; ERR
1745 ; 3.490000 ; 1.23364 ; 28.501 ; OK
1746 ; 3.492000 ; 1.27930 ; 28.455 ; OK
1747 ; 3.494000 ; 1.63486 ; 28.509 ; OK
1748 ; 3.496000 ; 1.10257 ; 28.435 ; OK
1749 ; 3.498000 ; 0.44277 ; 28.515 ; OK
1750 ; 3.500000 ; 0.28772 ; 28.571 ; OK
1751 ; 3.502000 ; -0.80332 ; 28.544 ; OK
1752 ; 3.504000 ; -0.98103 ; 28.508 ; OK
1753 ; 3.506000 ; -1.33933 ; 28.421 ; OK
1754 ; 3.508000 ; -1.28442 ; 28.565 ; OK
1755 ; 3.510000 ; -0.84158 ; 28.528 ; OK
1756 ; 3.512000 ; -0.64681 ; 28.547 ; OK
1757 ; 3.514000 ; -0.92445 ; 28.536 ; OK
1758 ; 3.516000 ; -0.48507 ; 28.605 ; OK
1759 ; 3.518000 ; -0.29487 ; 28.482 ; OK
1760 ; 3.520000 ; -1.14519 ; 28.554 ; OK
1761 ; 3.522000 ; -1.42266 ; 28.570 ; OK
1762 ; 3.524000 ; -1.99516 ; 28.546 ; OK
1763 ; 3.526000 ; -2.40298 ; 28.572 ; OK
1764 ; 3.528000 ; -3.15652 ; 28.548 ; OK
1765 ; 3.530000 ; -2.68547 ; 28.618 ; OK
1766 ; 3.532000 ; -2.66904 ; 28.565 ; OK
1767 ; 3.534000 ; -1.59202 ; 28.498 ; OK
1768 ; 3.536000 ; -1.79426 ; 28.550 ; OK
1769 ; 3.538000 ; -1.28514 ; 28.500 ; OK
1770 ; 3.540000 ; -1.80489 ; 28.641 ; OK
1771 ; 3.542000 ; -1.13111 ; 28.640 ; OK
1772 ; 3.544000 ; -1.68254 ; 28.622 ; OK
1773 ; 3.546000 ; -1.70432 ; 28.674 ; OK
1774 ; 3.548000 ; -1.93583 ; 28.600 ; OK
1775 ; 3.550000 ; -2.25756 ; 28.549 ; OK
1776 ; 3.552000 ; -2.33845 ; 28.587 ; OK
1777 ; 3.554000 ; -2.30176 ; 28.639 ; OK
1778 ; 3.556000 ; -1.78922 ; 28.701 ; OK
1779 ; 3.558000 ; -1.20229 ; 28.496 ; OK
1780 ; 3.560000 ; -0.46451 ; 28.639 ; OK
1781 ; 3.562000 ; -0.54143 ; 28.643 ; OK
1782 ; 3.564000 ; 0.17747 ; 28.727 ; OK
1783 ; 3.566000 ; 0.12783 ; 28.555 ; OK
1784 ; 3.568000 ; 0.06625 ; 28.530 ; OK
1785 ; 3.570000 ; 0.17620 ; 28.615 ; OK
1786 ; 3.572000 ; -0.25253 ; 28.606 ; OK
1787 ; 3.574000 ; -0.31821 ; 28.634 ; OK
1788 ; 3.576000 ; -0.57759 ; 28.612 ; OK
1789 ; 3.578000 ; 0.14053 ; 28.712 ; OK
1790 ; 3.580000 ; 1.14082 ; 28.610 ; OK
1791 ; 3.582000 ; 1.18305 ; 28.617 ; OK
1792 ; 3.584000 ; 1.61719 ; 28.675 ; OK
1793 ; 3.586000 ; 2.20704 ; 28.711 ; OK
1794 ; 3.588000 ; 2.24888 ; 28.817 ; OK
1795 ; 3.590000 ; 2.00102 ; 28.664 ; OK
1796 ; 3.592000 ; 2.05895 ; 28.706 ; OK
1797 ; 3.594000 ; 1.33249 ; 28.743 ; OK
1798 ; 3.596000 ; 1.31787 ; 28.728 ; OK
1799 ; 3.598000 ; 0.97659 ; 28.726 ; OK
1800 ; 3.600000 ; 1.06898 ; 28.714 ; OK
1801 ; 3.602000 ; 1.53721 ; 28.703 ; OK
1802 ; 3.604000 ; 1.54053 ; 28.747 ; OK
1803 ; 3.606000 ; 2.13187 ; 28.711 ; OK
1804 ; 3.608000 ; 2.54297 ; 28.731 ; OK
1805 ; 3.610000 ; 2.60791 ; 28.745 ; OK
1806 ; 3.612000 ; 2.84987 ; 28.774 ; OK
1807 ; 3.614000 ; 2.11006 ; 28.657 ; OK
1808 ; 3.616000 ; 2.21487 ; 28.641 ; OK
1809 ; 3.618000 ; 2.19500 ; 28.743 ; OK
1810 ; 3.620000 ; 1.21107 ; 28.780 ; OK
1811 ; 3.622000 ; 0.78078 ; 28.729 ; OK
1812 ; 3.624000 ; 0.66560 ; 28.734 ; OK
1813 ; 3.626000 ; 0.79620 ; 28.798 ; OK
1814 ; 3.628000 ; -999.0 ; 28.764 ; ERR
1815 ; 3.630000 ; 1.38588 ; 28.672 ; OK
1816 ; 3.632000 ; 1.79650 ; 28.753 ; OK
1817 ; 3.634000 ; 1.53848 ; 28.725 ; OK
1818 ; 3.636000 ; 0.78261 ; 28.752 ; OK
1819 ; 3.638000 ; 0.75769 ; 28.750 ; OK
1820 ; 3.640000 ; -0.21311 ; 28.702 ; OK
1821 ; 3.642000 ; -0.44490 ; 28.749 ; OK
1822 ; 3.644000 ; -1.28800 ; 28.694 ; OK
1823 ; 3.646000 ; -0.96598 ; 28.731 ; OK
1824 ; 3.648000 ; -1.39366 ; 28.748 ; OK
1825 ; 3.650000 ; -0.89255 ; 28.690 ; OK
1826 ; 3.652000 ; -0.93488 ; 28.906 ; OK
1827 ; 3.654000 ; -0.57699 ; 28.779 ; OK
1828 ; 3.656000 ; -0.22137 ; 28.838 ; OK
1829 ; 3.658000 ; -0.48628 ; 28.849 ; OK
1830 ; 3.660000 ; -0.98463 ; 28.850 ; OK
1831 ; 3.662000 ; -1.62715 ; 28.904 ; OK
1832 ; 3.664000 ; -1.51448 ; 28.820 ; OK
1833 ; 3.666000 ; -2.89937 ; 28.870 ; OK
1834 ; 3.668000 ; -2.65490 ; 28.798 ; OK
1835 ; 3.670000 ; -2.44328 ; 28.847 ; OK
1836 ; 3.672000 ; -2.37461 ; 28.850 ; OK
1837 ; 3.674000 ; -1.85644 ; 28.854 ; OK
1838 ; 3.676000 ; -1.51143 ; 28.861 ; OK
1839 ; 3.678000 ; -1.85969 ; 28.790 ; OK
1840 ; 3.680000 ; NaN ; 28.854 ; ERR
1841 ; 3.682000 ; -1.39855 ; 28.892 ; OK
1842 ; 3.684000 ; -1.72937 ; 28.866 ; OK
1843 ; 3.686000 ; -1.96171 ; 28.909 ; OK
1844 ; 3.688000 ; -1.89431 ; 28.874 ; OK
1845 ; 3.690000 ; -2.36713 ; 28.797 ; OK
1846 ; 3.692000 ; -2.72237 ; 28.892 ; OK
1847 ; 3.694000 ; -1.93055 ; 28.935 ; OK
1848 ; 3.696000 ; -2.11424 ; 28.922 ; OK
1849 ; 3.698000 ; -1.37045 ; 28.933 ; OK
1850 ; 3.700000 ; -0.71943 ; 28.888 ; OK
1851 ; 3.702000 ; -0.08998 ; 28.952 ; OK
1852 ; 3.704000 ; -0.36150 ; 28.905 ; OK
1853 ; 3.706000 ; 0.26850 ; 28.837 ; OK
1854 ; 3.708000 ; -0.37728 ; 28.967 ; OK
1855 ; 3.710000 ; -0.75130 ; 28.909 ; OK
1856 ; 3.712000 ; -0.57042 ; 28.838 ; OK
1857 ; 3.714000 ; -1.09230 ; 28.954 ; OK
1858 ; 3.716000 ; -1.08901 ; 28.898 ; OK
1859 ; 3.718000 ; -0.02746 ; 28.858 ; OK
1860 ; 3.720000 ; 0.37508 ; 28.946 ; OK
1861 ; 3.722000 ; 0.90542 ; 29.056 ; OK
1862 ; 3.724000 ; 1.58362 ; 28.927 ; OK
1863 ; 3.726000 ; 1.57665 ; 28.864 ; OK
1864 ; 3.728000 ; 1.97913 ; 28.907 ; OK
1865 ; 3.730000 ; 1.72591 ; 28.912 ; OK
1866 ; 3.732000 ; 1.32894 ; 29.052 ; OK
1867 ; 3.734000 ; 1.27621 ; 29.003 ; OK
1868 ; 3.736000 ; 0.80693 ; 29.041 ; OK
1869 ; 3.738000 ; 0.95838 ; 29.030 ; OK
1870 ; 3.740000 ; 0.91254 ; 28.946 ; OK
1871 ; 3.742000 ; 1.63853 ; 28.919 ; OK
1872 ; 3.744000 ; 2.19217 ; 28.981 ; OK
1873 ; 3.746000 ; 2.41492 ; 29.053 ; OK
1874 ; 3.748000 ; 3.18962 ; 29.014 ; OK
1875 ; 3.750000 ; 3.19332 ; 28.952 ; OK
1876 ; 3.752000 ; 2.50645 ; 28.913 ; OK
1877 ; 3.754000 ; 2.38945 ; 28.931 ; OK
1878 ; 3.756000 ; 1.89225 ; 29.000 ; OK
1879 ; 3.758000 ; 1.24061 ; 28.959 ; OK
1880 ; 3.760000 ; 0.69278 ; 29.057 ; OK
1881 ; 3.762000 ; -999.0 ; 29.020 ; ERR
1882 ; 3.764000 ; 1.07815 ; 29.000 ; OK
1883 ; 3.766000 ; 1.61946 ; 29.102 ; OK
1884 ; 3.768000 ; 1.32501 ; 29.046 ; OK
1885 ; 3.770000 ; 1.76378 ; 29.003 ; OK
1886 ; 3.772000 ; 1.63729 ; 29.008 ; OK
1887 ; 3.774000 ; 1.28561 ; 29.022 ; OK
1888 ; 3.776000 ; 1.61947 ; 29.100 ; OK
1889 ; 3.778000 ; 1.18193 ; 29.044 ; OK
1890 ; 3.780000 ; 0.61245 ; 29.024 ; OK
1891 ; 3.782000 ; -0.50766 ; 28.973 ; OK
1892 ; 3.784000 ; -0.69312 ; 28.997 ; OK
1893 ; 3.786000 ; -0.56855 ; 29.033 ; OK
1894 ; 3.788000 ; -0.92594 ; 29.108 ; OK
1895 ; 3.790000 ; -0.48143 ; 29.002 ; OK
1896 ; 3.792000 ; -0.49330 ; 29.071 ; OK
1897 ; 3.794000 ; -0.03208 ; 29.029 ; OK
1898 ; 3.796000 ; 0.12882 ; 29.140 ; OK
1899 ; 3.798000 ; -0.26826 ; 29.025 ; OK
1900 ; 3.800000 ; -0.44517 ; 29.085 ; OK
1901 ; 3.802000 ; -1.26990 ; 29.148 ; OK
1902 ; 3.804000 ; -1.56169 ; 28.997 ; OK
1903 ; 3.806000 ; -2.00491 ; 29.105 ; OK
1904 ; 3.808000 ; -2.48257 ; 29.058 ; OK
1905 ; 3.810000 ; -2.28208 ; 29.136 ; OK
1906 ; 3.812000 ; -2.03682 ; 29.033 ; OK
1907 ; 3.814000 ; -2.15051 ; 29.192 ; OK
1908 ; 3.816000 ; -1.77177 ; 29.136 ; OK
1909 ; 3.818000 ; -0.88764 ; 29.189 ; OK
1910 ; 3.820000 ; -1.28759 ; 29.155 ; OK
1911 ; 3.822000 ; -1.00221 ; 29.072 ; OK
1912 ; 3.824000 ; -1.29252 ; 29.067 ; OK
1913 ; 3.826000 ; -2.18744 ; 29.109 ; OK
1914 ; 3.828000 ; -2.16557 ; 29.174 ; OK
1915 ; 3.830000 ; -2.68012 ; 29.076 ; OK
1916 ; 3.832000 ; -2.63723 ; 29.191 ; OK
1917 ; 3.834000 ; -2.36892 ; 29.126 ; OK
1918 ; 3.836000 ; -1.86098 ; 29.164 ; OK
1919 ; 3.838000 ; -1.62717 ; 29.158 ; OK
1920 ; 3.840000 ; -0.72961 ; 29.236 ; OK
1921 ; 3.842000 ; -0.18512 ; 29.132 ; OK
1922 ; 3.844000 ; -0.58247 ; 29.169 ; OK
1923 ; 3.846000 ; -0.43901 ; 29.233 ; OK
1924 ; 3.848000 ; -0.24792 ; 29.222 ; OK
1925 ; 3.850000 ; -0.99963 ; 29.267 ; OK
1926 ; 3.852000 ; -1.01405 ; 29.192 ; OK
1927 ; 3.854000 ; -1.13331 ; 29.253 ; OK
1928 ; 3.856000 ; -0.59249 ; 29.282 ; OK
1929 ; 3.858000 ; -0.39727 ; 29.250 ; OK
1930 ; 3.860000 ; 0.08024 ; 29.211 ; OK
1931 ; 3.862000 ; 1.01085 ; 29.308 ; OK
1932 ; 3.864000 ; 1.00718 ; 29.262 ; OK
1933 ; 3.866000 ; 1.57226 ; 29.221 ; OK
1934 ; 3.868000 ; 1.95105 ; 29.291 ; OK
1935 ; 3.870000 ; 1.61080 ; 29.230 ; OK
1936 ; 3.872000 ; 1.24991 ; 29.237 ; OK
1937 ; 3.874000 ; 0.90202 ; 29.197 ; OK
1938 ; 3.876000 ; 0.48142 ; 29.201 ; OK
1939 ; 3.878000 ; 0.64296 ; 29.315 ; OK
1940 ; 3.880000 ; 0.76052 ; 29.251 ; OK
1941 ; 3.882000 ; 1.65780 ; 29.287 ; OK
1942 ; 3.884000 ; 1.90806 ; 29.273 ; OK
1943 ; 3.886000 ; 2.33172 ; 29.319 ; OK
1944 ; 3.888000 ; 2.47093 ; 29.339 ; OK
1945 ; 3.890000 ; 2.84936 ; 29.256 ; OK
1946 ; 3.892000 ; 2.50472 ; 29.280 ; OK
1947 ; 3.894000 ; 2.40686 ; 29.239 ; OK
1948 ; 3.896000 ; 2.10838 ; 29.356 ; OK
1949 ; 3.898000 ; 1.64858 ; 29.338 ; OK
1950 ; 3.900000 ; 0.99194 ; 29.255 ; OK
1951 ; 3.902000 ; 1.23686 ; 29.382 ; OK
1952 ; 3.904000 ; 1.14231 ; 29.374 ; OK
1953 ; 3.906000 ; 1.57299 ; 29.290 ; OK
1954 ; 3.908000 ; 1.84021 ; 29.354 ; OK
1955 ; 3.910000 ; 2.02465 ; 29.285 ; OK
1956 ; 3.912000 ; 2.32043 ; 29.361 ; OK
1957 ; 3.914000 ; 2.26890 ; 29.417 ; OK
1958 ; 3.916000 ; 1.65456 ; 29.310 ; OK
1959 ; 3.918000 ; 0.81180 ; 29.331 ; OK
1960 ; 3.920000 ; 0.01329 ; 29.361 ; OK
1961 ; 3.922000 ; -0.06206 ; 29.296 ; OK
1962 ; 3.924000 ; -0.40534 ; 29.376 ; OK
1963 ; 3.926000 ; -0.81329 ; 29.301 ; OK
1964 ; 3.928000 ; -0.68915 ; 29.356 ; OK
1965 ; 3.930000 ; -0.10777 ; 29.362 ; OK
1966 ; 3.932000 ; -0.19457 ; 29.335 ; OK
1967 ; 3.934000 ; 0.30794 ; 29.313 ; OK
1968 ; 3.936000 ; 0.59606 ; 29.439 ; OK
1969 ; 3.938000 ; 0.21410 ; 29.349 ; OK
1970 ; 3.940000 ; -0.39215 ; 29.400 ; OK
1971 ; 3.942000 ; -1.53226 ; 29.299 ; OK
1972 ; 3.944000 ; -1.46220 ; 29.348 ; OK
1973 ; 3.946000 ; -2.20543 ; 29.405 ; OK
1974 ; 3.948000 ; -2.89915 ; 29.395 ; OK
1975 ; 3.950000 ; -2.10207 ; 29.418 ; OK
1976 ; 3.952000 ; -1.82594 ; 29.386 ; OK
1977 ; 3.954000 ; -1.86530 ; 29.379 ; OK
1978 ; 3.956000 ; -1.06810 ; 29.468 ; OK
1979 ; 3.958000 ; -1.07731 ; 29.409 ; OK
1980 ; 3.960000 ; -0.80919 ; 29.343 ; OK
1981 ; 3.962000 ; -1.13954 ; 29.454 ; OK
1982 ; 3.964000 ; -1.79049 ; 29.403 ; OK
1983 ; 3.966000 ; -2.04177 ; 29.341 ; OK
1984 ; 3.968000 ; -2.40376 ; 29.470 ; OK
1985 ; 3.970000 ; -2.64676 ; 29.382 ; OK
1986 ; 3.972000 ; -2.91113 ; 29.398 ; OK
1987 ; 3.974000 ; -2.42633 ; 29.494 ; OK
1988 ; 3.976000 ; -1.58069 ; 29.444 ; OK
1989 ; 3.978000 ; -1.66833 ; 29.441 ; OK
1990 ; 3.980000 ; -1.02177 ; 29.457 ; OK
1991 ; 3.982000 ; -0.30558 ; 29.504 ; OK
1992 ; 3.984000 ; -0.30588 ; 29.517 ; OK
1993 ; 3.986000 ; -0.38382 ; 29.467 ; OK
1994 ; 3.988000 ; -0.40441 ; 29.404 ; OK
1995 ; 3.990000 ; -1.33031 ; 29.514 ; OK
1996 ; 3.992000 ; -1.23258 ; 29.473 ; OK
1997 ; 3.994000 ; -1.48902 ; 29.408 ; OK
1998 ; 3.996000 ; -0.63836 ; 29.469 ; OK
1999 ; 3.998000 ; -0.77492 ; 29.461 ; OK
2000 ; 4.000000 ; -0.18746 ; 29.499 ; OK
2001 ; 4.002000 ; 0.19721 ; 29.473 ; OK
2002 ; 4.004000 ; 1.03128 ; 29.476 ; OK
2003 ; 4.006000 ; 1.24236 ; 29.526 ; OK
2004 ; 4.008000 ; 1.23080 ; 29.497 ; OK
2005 ; 4.010000 ; 0.80595 ; 29.489 ; OK
2006 ; 4.012000 ; 1.00143 ; 29.556 ; OK
2007 ; 4.014000 ; 0.52925 ; 29.556 ; OK
2008 ; 4.016000 ; 0.67060 ; 29.452 ; OK
2009 ; 4.018000 ; 0.54257 ; 29.407 ; OK
2010 ; 4.020000 ; 0.43900 ; 29.564 ; OK
2011 ; 4.022000 ; 1.48827 ; 29.511 ; OK
2012 ; 4.024000 ; 2.23166 ; 29.518 ; OK
2013 ; 4.026000 ; 2.08981 ; 29.573 ; OK
2014 ; 4.028000 ; 2.49765 ; 29.494 ; OK
2015 ; 4.030000 ; 2.91408 ; 29.464 ; OK
2016 ; 4.032000 ; 2.50318 ; 29.540 ; OK
2017 ; 4.034000 ; 1.77249 ; 29.590 ; OK
2018 ; 4.036000 ; 1.72482 ; 29.496 ; OK
2019 ; 4.038000 ; 1.40327 ; 29.629 ; OK
2020 ; 4.040000 ; 1.21852 ; 29.599 ; OK
2021 ; 4.042000 ; 1.44777 ; 29.564 ; OK
2022 ; 4.044000 ; 1.33846 ; 29.569 ; OK
2023 ; 4.046000 ; 1.75540 ; 29.621 ; OK
2024 ; 4.048000 ; 1.81522 ; 29.604 ; OK
2025 ; 4.050000 ; 2.48068 ; 29.587 ; OK
2026 ; 4.052000 ; 2.31553 ; 29.513 ; OK
2027 ; 4.054000 ; 2.25297 ; 29.652 ; OK
2028 ; 4.056000 ; 1.25515 ; 29.664 ; OK
2029 ; 4.058000 ; 1.32585 ; 29.497 ; OK
2030 ; 4.060000 ; 0.15842 ; 29.625 ; OK
2031 ; 4.062000 ; -0.13271 ; 29.677 ; OK
2032 ; 4.064000 ; -0.17396 ; 29.610 ; OK
2033 ; 4.066000 ; -0.37296 ; 29.691 ; OK
2034 ; 4.068000 ; 0.11728 ; 29.637 ; OK
2035 ; 4.070000 ; 0.18010 ; 29.631 ; OK
2036 ; 4.072000 ; 0.36378 ; 29.637 ; OK
2037 ; 4.074000 ; 0.83222 ; 29.600 ; OK
2038 ; 4.076000 ; 0.23709 ; 29.757 ; OK
2039 ; 4.078000 ; -0.04521 ; 29.691 ; OK
2040 ; 4.080000 ; -0.51324 ; 29.775 ; OK
2041 ; 4.082000 ; -0.61146 ; 29.703 ; OK
2042 ; 4.084000 ; -2.01879 ; 29.686 ; OK
2043 ; 4.086000 ; -1.42354 ; 29.678 ; OK
2044 ; 4.088000 ; -2.23519 ; 29.685 ; OK
2045 ; 4.090000 ; -2.39054 ; 29.596 ; OK
2046 ; 4.092000 ; -1.65310 ; 29.521 ; OK
2047 ; 4.094000 ; -1.70349 ; 29.580 ; OK
2048 ; 4.096000 ; -1.18583 ; 29.704 ; OK
2049 ; 4.098000 ; -1.06487 ; 29.647 ; OK
2050 ; 4.100000 ; -0.92369 ; 29.696 ; OK
2051 ; 4.102000 ; -1.48088 ; 29.671 ; OK
2052 ; 4.104000 ; -1.81812 ; 29.652 ; OK
2053 ; 4.106000 ; -2.06358 ; 29.642 ; OK
2054 ; 4.108000 ; -2.64618 ; 29.708 ; OK
2055 ; 4.110000 ; -2.69489 ; 29.662 ; OK
2056 ; 4.112000 ; -2.62710 ; 29.674 ; OK
2057 ; 4.114000 ; -2.42665 ; 29.784 ; OK
2058 ; 4.116000 ; -1.83735 ; 29.695 ; OK
2059 ; 4.118000 ; -1.47676 ; 29.791 ; OK
2060 ; 4.120000 ; -0.99337 ; 29.667 ; OK
2061 ; 4.122000 ; -0.89639 ; 29.724 ; OK
2062 ; 4.124000 ; -0.58497 ; 29.772 ; OK
2063 ; 4.126000 ; -0.71529 ; 29.768 ; OK
2064 ; 4.128000 ; -0.79532 ; 29.711 ; OK
2065 ; 4.130000 ; -1.50517 ; 29.823 ; OK
2066 ; 4.132000 ; -1.70587 ; 29.722 ; OK
2067 ; 4.134000 ; -1.48679 ; 29.760 ; OK
2068 ; 4.136000 ; -1.54130 ; 29.756 ; OK
2069 ; 4.138000 ; -0.56706 ; 29.865 ; OK
2070 ; 4.140000 ; -0.04484 ; 29.810 ; OK
2071 ; 4.142000 ; 0.62253 ; 29.763 ; OK
2072 ; 4.144000 ; 0.89643 ; 29.766 ; OK
2073 ; 4.146000 ; 1.29251 ; 29.836 ; OK
2074 ; 4.148000 ; 1.48627 ; 29.800 ; OK
2075 ; 4.150000 ; 1.00279 ; 29.901 ; OK
2076 ; 4.152000 ; 1.12712 ; 29.865 ; OK
2077 ; 4.154000 ; 0.60999 ; 29.723 ; OK
2078 ; 4.156000 ; 0.11165 ; 29.872 ; OK
2079 ; 4.158000 ; 0.58044 ; 29.857 ; OK
2080 ; 4.160000 ; 0.65300 ; 29.849 ; OK
2081 ; 4.162000 ; 1.39386 ; 29.820 ; OK
2082 ; 4.164000 ; 1.73773 ; 29.825 ; OK
2083 ; 4.166000 ; 2.14151 ; 29.773 ; OK
2084 ; 4.168000 ; 3.08354 ; 29.760 ; OK
2085 ; 4.170000 ; 2.29248 ; 29.839 ; OK
2086 ; 4.172000 ; 2.84771 ; 29.851 ; OK
2087 ; 4.174000 ; 2.10463 ; 29.783 ; OK
2088 ; 4.176000 ; 2.00091 ; 29.817 ; OK
2089 ; 4.178000 ; 1.23493 ; 29.871 ; OK
2090 ; 4.180000 ; 1.38476 ; 29.860 ; OK
2091 ; 4.182000 ; 1.49127 ; 29.833 ; OK
2092 ; 4.184000 ; 1.54403 ; 29.840 ; OK
2093 ; 4.186000 ; 1.86117 ; 29.902 ; OK
2094 ; 4.188000 ; 1.99560 ; 29.834 ; OK
2095 ; 4.190000 ; 2.71993 ; 29.797 ; OK
2096 ; 4.192000 ; 2.54645 ; 29.834 ; OK
2097 ; 4.194000 ; 2.26899 ; 29.890 ; OK
2098 ; 4.196000 ; 1.84146 ; 29.934 ; OK
2099 ; 4.198000 ; 0.90067 ; 29.930 ; OK
2100 ; 4.200000 ; 0.68446 ; 29.915 ; OK
2101 ; 4.202000 ; 0.32213 ; 29.897 ; OK
2102 ; 4.204000 ; -0.20158 ; 29.915 ; OK
2103 ; 4.206000 ; -0.41902 ; 29.840 ; OK
2104 ; 4.208000 ; 0.10322 ; 29.994 ; OK
2105 ; 4.210000 ; 0.62723 ; 29.935 ; OK
2106 ; 4.212000 ; 0.63621 ; 29.923 ; OK
2107 ; 4.214000 ; 1.02726 ; 29.897 ; OK
2108 ; 4.216000 ; 0.18403 ; 29.970 ; OK
2109 ; 4.218000 ; 0.13804 ; 29.887 ; OK
2110 ; 4.220000 ; -0.35267 ; 29.935 ; OK
2111 ; 4.222000 ; -0.74109 ; 29.919 ; OK
2112 ; 4.224000 ; -1.59009 ; 30.051 ; OK
2113 ; 4.226000 ; -1.48773 ; 29.865 ; OK
2114 ; 4.228000 ; -1.43349 ; 30.074 ; OK
2115 ; 4.230000 ; -1.47183 ; 29.801 ; OK
2116 ; 4.232000 ; -1.65040 ; 29.995 ; OK
2117 ; 4.234000 ; -0.96734 ; 30.034 ; OK
2118 ; 4.236000 ; -0.95322 ; 29.973 ; OK
2119 ; 4.238000 ; -0.74738 ; 30.049 ; OK
2120 ; 4.240000 ; -1.41593 ; 30.015 ; OK
2121 ; 4.242000 ; -0.75568 ; 30.010 ; OK
2122 ; 4.244000 ; -2.10515 ; 30.048 ; OK
2123 ; 4.246000 ; -2.54132 ; 30.090 ; OK
2124 ; 4.248000 ; -2.97508 ; 29.904 ; OK
2125 ; 4.250000 ; -3.12899 ; 29.955 ; OK
2126 ; 4.252000 ; -2.70337 ; 29.939 ; OK
2127 ; 4.254000 ; -2.39530 ; 29.952 ; OK
2128 ; 4.256000 ; -2.09430 ; 30.006 ; OK
2129 ; 4.258000 ; -1.92443 ; 30.031 ; OK
2130 ; 4.260000 ; -0.98297 ; 29.995 ; OK
2131 ; 4.262000 ; -0.76081 ; 30.003 ; OK
2132 ; 4.264000 ; -1.22239 ; 29.989 ; OK
2133 ; 4.266000 ; -1.12541 ; 30.020 ; OK
2134 ; 4.268000 ; -1.04606 ; 30.054 ; OK
2135 ; 4.270000 ; -1.77675 ; 30.076 ; OK
2136 ; 4.272000 ; -2.00322 ; 29.982 ; OK
2137 ; 4.274000 ; -1.34174 ; 30.052 ; OK
2138 ; 4.276000 ; -1.53039 ; 30.091 ; OK
2139 ; 4.278000 ; -1.07909 ; 29.953 ; OK
2140 ; 4.280000 ; 0.14798 ; 30.040 ; OK
2141 ; 4.282000 ; 0.45440 ; 30.085 ; OK
2142 ; 4.284000 ; 0.63792 ; 30.007 ; OK
2143 ; 4.286000 ; 0.92692 ; 30.073 ; OK
2144 ; 4.288000 ; 0.84404 ; 30.093 ; OK
2145 ; 4.290000 ; 0.39591 ; 30.104 ; OK
2146 ; 4.292000 ; 0.27177 ; 30.115 ; OK
2147 ; 4.294000 ; -0.24686 ; 30.012 ; OK
2148 ; 4.296000 ; 0.29487 ; 30.170 ; OK
2149 ; 4.298000 ; -0.10181 ; 30.104 ; OK
2150 ; 4.300000 ; 0.89104 ; 30.083 ; OK
2151 ; 4.302000 ; 1.05189 ; 30.142 ; OK
2152 ; 4.304000 ; 1.90393 ; 30.144 ; OK
2153 ; 4.306000 ; 2.30696 ; 30.158 ; OK
2154 ; 4.308000 ; 2.19095 ; 30.098 ; OK
2155 ; 4.310000 ; 2.26844 ; 30.094 ; OK
2156 ; 4.312000 ; 1.75876 ; 30.101 ; OK
2157 ; 4.314000 ; 2.49012 ; 30.073 ; OK
2158 ; 4.316000 ; 1.37297 ; 30.068 ; OK
2159 ; 4.318000 ; 1.03544 ; 30.167 ; OK
2160 ; 4.320000 ; 1.14547 ; 30.112 ; OK
2161 ; 4.322000 ; 1.23929 ; 30.098 ; OK
2162 ; 4.324000 ; 2.03023 ; 30.177 ; OK
2163 ; 4.326000 ; 2.39301 ; 30.274 ; OK
2164 ; 4.328000 ; 1.97040 ; 30.112 ; OK
2165 ; 4.330000 ; 2.59537 ; 30.096 ; OK
2166 ; 4.332000 ; 2.63041 ; 30.199 ; OK
2167 ; 4.334000 ; 2.51459 ; 30.165 ; OK
2168 ; 4.336000 ; 1.53732 ; 30.183 ; OK
2169 ; 4.338000 ; 1.62305 ; 30.140 ; OK
2170 ; 4.340000 ; 0.73392 ; 30.154 ; OK
2171 ; 4.342000 ; 0.74716 ; 30.228 ; OK
2172 ; 4.344000 ; 0.41779 ; 30.227 ; OK
2173 ; 4.346000 ; 0.29471 ; 30.175 ; OK
2174 ; 4.348000 ; 0.11340 ; 30.206 ; OK
2175 ; 4.350000 ; 0.92388 ; 30.166 ; OK
2176 ; 4.352000 ; 0.84556 ; 30.169 ; OK
2177 ; 4.354000 ; 1.49163 ; 30.264 ; OK
2178 ; 4.356000 ; 1.12740 ; 30.267 ; OK
2179 ; 4.358000 ; 0.51752 ; 30.254 ; OK
2180 ; 4.360000 ; -0.35242 ; 30.311 ; OK
2181 ; 4.362000 ; -0.92897 ; 30.253 ; OK
2182 ; 4.364000 ; -1.18535 ; 30.252 ; OK
2183 ; 4.366000 ; -1.30572 ; 30.278 ; OK
2184 ; 4.368000 ; -1.14428 ; 30.347 ; OK
2185 ; 4.370000 ; -1.09922 ; 30.175 ; OK
2186 ; 4.372000 ; -1.35313 ; 30.156 ; OK
2187 ; 4.374000 ; -1.15189 ; 30.244 ; OK
2188 ; 4.376000 ; -0.43155 ; 30.187 ; OK
2189 ; 4.378000 ; -0.75803 ; 30.294 ; OK
2190 ; 4.380000 ; -0.84351 ; 30.251 ; OK
2191 ; 4.382000 ; -1.26244 ; 30.234 ; OK
2192 ; 4.384000 ; -1.72207 ; 30.299 ; OK
2193 ; 4.386000 ; -2.64665 ; 30.257 ; OK
2194 ; 4.388000 ; -3.01220 ; 30.315 ; OK
2195 ; 4.390000 ; -2.74633 ; 30.221 ; OK
2196 ; 4.392000 ; NaN ; 30.264 ; ERR
2197 ; 4.394000 ; -2.54552 ; 30.336 ; OK
2198 ; 4.396000 ; -1.52536 ; 30.297 ; OK
2199 ; 4.398000 ; -1.38549 ; 30.323 ; OK
2200 ; 4.400000 ; -1.37353 ; 30.305 ; OK
2201 ; 4.402000 ; -1.00704 ; 30.241 ; OK
2202 ; 4.404000 ; -1.29309 ; 30.362 ; OK
2203 ; 4.406000 ; -1.45952 ; 30.229 ; OK
2204 ; 4.408000 ; -1.71814 ; 30.292 ; OK
2205 ; 4.410000 ; -1.86826 ; 30.288 ; OK
2206 ; 4.412000 ; -1.82185 ; 30.438 ; OK
2207 ; 4.414000 ; -2.23582 ; 30.449 ; OK
2208 ; 4.416000 ; -1.27213 ; 30.391 ; OK
2209 ; 4.418000 ; -0.87591 ; 30.366 ; OK
2210 ; 4.420000 ; 0.21947 ; 30.349 ; OK
2211 ; 4.422000 ; 0.44072 ; 30.382 ; OK
2212 ; 4.424000 ; 0.33176 ; 30.447 ; OK
2213 ; 4.426000 ; 0.74168 ; 30.370 ; OK
2214 ; 4.428000 ; -0.01287 ; 30.368 ; OK
2215 ; 4.430000 ; 0.35665 ; 30.327 ; OK
2216 ; 4.432000 ; 0.03241 ; 30.432 ; OK
2217 ; 4.434000 ; 0.01527 ; 30.444 ; OK
2218 ; 4.436000 ; -0.13094 ; 30.360 ; OK
2219 ; 4.438000 ; -0.12528 ; 30.296 ; OK
2220 ; 4.440000 ; 0.22242 ; 30.387 ; OK
2221 ; 4.442000 ; 0.97185 ; 30.477 ; OK
2222 ; 4.444000 ; 1.74211 ; 30.376 ; OK
2223 ; 4.446000 ; 2.07718 ; 30.410 ; OK
2224 ; 4.448000 ; 2.53173 ; 30.351 ; OK
2225 ; 4.450000 ; 1.90892 ; 30.371 ; OK
2226 ; 4.452000 ; 1.55176 ; 30.422 ; OK
2227 ; 4.454000 ; 1.73238 ; 30.495 ; OK
2228 ; 4.456000 ; 1.18793 ; 30.469 ; OK
2229 ; 4.458000 ; 1.11870 ; 30.456 ; OK
2230 ; 4.460000 ; 1.34229 ; 30.455 ; OK
2231 ; 4.462000 ; 1.25865 ; 30.411 ; OK
2232 ; 4.464000 ; 1.39265 ; 30.497 ; OK
2233 ; 4.466000 ; 2.76038 ; 30.418 ; OK
2234 ; 4.468000 ; 2.53205 ; 30.418 ; OK
2235 ; 4.470000 ; 2.49129 ; 30.410 ; OK
2236 ; 4.472000 ; 2.69834 ; 30.515 ; OK
2237 ; 4.474000 ; 2.54811 ; 30.426 ; OK
2238 ; 4.476000 ; 1.79615 ; 30.451 ; OK
2239 ; 4.478000 ; 1.86383 ; 30.443 ; OK
2240 ; 4.480000 ; 0.74940 ; 30.564 ; OK
2241 ; 4.482000 ; 0.55441 ; 30.454 ; OK
2242 ; 4.484000 ; 0.71793 ; 30.508 ; OK
2243 ; 4.486000 ; 0.92278 ; 30.533 ; OK
2244 ; 4.488000 ; 0.92319 ; 30.536 ; OK
2245 ; 4.490000 ; 1.44913 ; 30.534 ; OK
2246 ; 4.492000 ; 1.95135 ; 30.532 ; OK
2247 ; 4.494000 ; 0.97398 ; 30.458 ; OK
2248 ; 4.496000 ; 1.16938 ; 30.524 ; OK
2249 ; 4.498000 ; 0.87997 ; 30.492 ; OK
2250 ; 4.500000 ; 0.05163 ; 30.493 ; OK
2251 ; 4.502000 ; -0.74642 ; 30.520 ; OK
2252 ; 4.504000 ; -0.93267 ; 30.456 ; OK
2253 ; 4.506000 ; -1.28051 ; 30.532 ; OK
2254 ; 4.508000 ; -1.29321 ; 30.441 ; OK
2255 ; 4.510000 ; -0.87460 ; 30.527 ; OK
2256 ; 4.512000 ; -0.90929 ; 30.507 ; OK
2257 ; 4.514000 ; -0.67164 ; 30.567 ; OK
2258 ; 4.516000 ; -0.22287 ; 30.563 ; OK
2259 ; 4.518000 ; -0.54485 ; 30.520 ; OK
2260 ; 4.520000 ; -0.64579 ; 30.712 ; OK
2261 ; 4.522000 ; -1.31166 ; 30.482 ; OK
2262 ; 4.524000 ; -1.94537 ; 30.587 ; OK
2263 ; 4.526000 ; -2.39370 ; 30.522 ; OK
2264 ; 4.528000 ; -2.24536 ; 30.626 ; OK
2265 ; 4.530000 ; -2.62277 ; 30.508 ; OK
2266 ; 4.532000 ; -2.40657 ; 30.578 ; OK
2267 ; 4.534000 ; -2.44290 ; 30.517 ; OK
2268 ; 4.536000 ; -2.51207 ; 30.553 ; OK
2269 ; 4.538000 ; -1.33453 ; 30.563 ; OK
2270 ; 4.540000 ; -1.28623 ; 30.459 ; OK
2271 ; 4.542000 ; -1.17095 ; 30.631 ; OK
2272 ; 4.544000 ; -1.74521 ; 30.564 ; OK
2273 ; 4.546000 ; -1.44753 ; 30.611 ; OK
2274 ; 4.548000 ; -2.01123 ; 30.639 ; OK
2275 ; 4.550000 ; -1.92208 ; 30.650 ; OK
2276 ; 4.552000 ; -2.96922 ; 30.508 ; OK
2277 ; 4.554000 ; -1.96910 ; 30.584 ; OK
2278 ; 4.556000 ; -2.09510 ; 30.630 ; OK
2279 ; 4.558000 ; -1.64121 ; 30.573 ; OK
2280 ; 4.560000 ; -1.05585 ; 30.599 ; OK
2281 ; 4.562000 ; 0.23562 ; 30.583 ; OK
2282 ; 4.564000 ; 0.21068 ; 30.596 ; OK
2283 ; 4.566000 ; 0.32124 ; 30.659 ; OK
2284 ; 4.568000 ; -0.23523 ; 30.735 ; OK
2285 ; 4.570000 ; -0.36450 ; 30.647 ; OK
2286 ; 4.572000 ; -0.21979 ; 30.711 ; OK
2287 ; 4.574000 ; -0.22214 ; 30.622 ; OK
2288 ; 4.576000 ; -0.46984 ; 30.598 ; OK
2289 ; 4.578000 ; -0.20880 ; 30.583 ; OK
2290 ; 4.580000 ; 0.51690 ; 30.736 ; OK
2291 ; 4.582000 ; 0.94596 ; 30.702 ; OK
2292 ; 4.584000 ; 2.09129 ; 30.663 ; OK
2293 ; 4.586000 ; 2.36204 ; 30.661 ; OK
2294 ; 4.588000 ; 2.07503 ; 30.742 ; OK
2295 ; 4.590000 ; 1.83543 ; 30.716 ; OK
2296 ; 4.592000 ; 1.65230 ; 30.662 ; OK
2297 ; 4.594000 ; 1.40200 ; 30.746 ; OK
2298 ; 4.596000 ; 1.34197 ; 30.743 ; OK
2299 ; 4.598000 ; 1.40594 ; 30.677 ; OK
2300 ; 4.600000 ; 1.27203 ; 30.688 ; OK
2301 ; 4.602000 ; 1.89752 ; 30.663 ; OK
2302 ; 4.604000 ; 2.07429 ; 30.666 ; OK
2303 ; 4.606000 ; 2.15674 ; 30.755 ; OK
2304 ; 4.608000 ; 2.96699 ; 30.706 ; OK
2305 ; 4.610000 ; 3.09358 ; 30.722 ; OK
2306 ; 4.612000 ; 2.94495 ; 30.671 ; OK
2307 ; 4.614000 ; 2.24049 ; 30.682 ; OK
2308 ; 4.616000 ; 1.52044 ; 30.742 ; OK
2309 ; 4.618000 ; 1.28224 ; 30.693 ; OK
2310 ; 4.620000 ; 0.85451 ; 30.819 ; OK
2311 ; 4.622000 ; 0.58902 ; 30.687 ; OK
2312 ; 4.624000 ; 0.49339 ; 30.699 ; OK
2313 ; 4.626000 ; 0.76464 ; 30.723 ; OK
2314 ; 4.628000 ; 1.26997 ; 30.787 ; OK
2315 ; 4.630000 ; 1.98000 ; 30.700 ; OK
2316 ; 4.632000 ; 2.07277 ; 30.909 ; OK
2317 ; 4.634000 ; 1.44889 ; 30.824 ; OK
2318 ; 4.636000 ; 0.99416 ; 30.691 ; OK
2319 ; 4.638000 ; 1.18622 ; 30.804 ; OK
2320 ; 4.640000 ; -0.44553 ; 30.830 ; OK
2321 ; 4.642000 ; -0.41578 ; 30.731 ; OK
2322 ; 4.644000 ; -0.77318 ; 30.853 ; OK
2323 ; 4.646000 ; -1.28685 ; 30.870 ; OK
2324 ; 4.648000 ; -1.00067 ; 30.910 ; OK
2325 ; 4.650000 ; -1.00540 ; 30.823 ; OK
2326 ; 4.652000 ; -0.24380 ; 30.784 ; OK
2327 ; 4.654000 ; -0.52325 ; 30.834 ; OK
2328 ; 4.656000 ; -0.51427 ; 30.829 ; OK
2329 ; 4.658000 ; -0.45264 ; 30.876 ; OK
2330 ; 4.660000 ; -0.88793 ; 30.839 ; OK
2331 ; 4.662000 ; -1.48946 ; 30.781 ; OK
2332 ; 4.664000 ; -1.34082 ; 30.845 ; OK
2333 ; 4.666000 ; -2.33290 ; 30.880 ; OK
2334 ; 4.668000 ; -2.83797 ; 30.794 ; OK
2335 ; 4.670000 ; -2.91904 ; 30.882 ; OK
2336 ; 4.672000 ; -2.77990 ; 30.790 ; OK
2337 ; 4.674000 ; -1.87990 ; 30.815 ; OK
2338 ; 4.676000 ; -1.68377 ; 30.856 ; OK
2339 ; 4.678000 ; -1.30619 ; 30.911 ; OK
2340 ; 4.680000 ; -1.10974 ; 30.914 ; OK
2341 ; 4.682000 ; -1.06363 ; 30.845 ; OK
2342 ; 4.684000 ; -1.18635 ; 30.891 ; OK
2343 ; 4.686000 ; -1.37712 ; 30.911 ; OK
2344 ; 4.688000 ; -2.13554 ; 30.939 ; OK
2345 ; 4.690000 ; -2.06209 ; 30.920 ; OK
2346 ; 4.692000 ; -2.67550 ; 30.842 ; OK
2347 ; 4.694000 ; -1.89777 ; 30.902 ; OK
2348 ; 4.696000 ; -2.04062 ; 30.898 ; OK
2349 ; 4.698000 ; -0.96001 ; 30.951 ; OK
2350 ; 4.700000 ; -0.61172 ; 30.950 ; OK
2351 ; 4.702000 ; -0.41558 ; 30.898 ; OK
2352 ; 4.704000 ; -0.47301 ; 30.936 ; OK
2353 ; 4.706000 ; 0.29219 ; 30.937 ; OK
2354 ; 4.708000 ; -0.46837 ; 30.990 ; OK
2355 ; 4.710000 ; -0.79474 ; 30.861 ; OK
2356 ; 4.712000 ; -0.94882 ; 30.841 ; OK
2357 ; 4.714000 ; -1.06769 ; 30.825 ; OK
2358 ; 4.716000 ; -0.34385 ; 30.952 ; OK
2359 ; 4.718000 ; -0.76456 ; 30.892 ; OK
2360 ; 4.720000 ; 0.23255 ; 30.885 ; OK
2361 ; 4.722000 ; 0.94327 ; 30.904 ; OK
2362 ; 4.724000 ; 1.54337 ; 30.969 ; OK
2363 ; 4.726000 ; 1.78439 ; 30.947 ; OK
2364 ; 4.728000 ; 1.83655 ; 30.872 ; OK
2365 ; 4.730000 ; 1.50783 ; 31.081 ; OK
2366 ; 4.732000 ; 1.45229 ; 30.914 ; OK
2367 ; 4.734000 ; 1.06715 ; 30.878 ; OK
2368 ; 4.736000 ; 0.88508 ; 31.004 ; OK
2369 ; 4.738000 ; 0.87836 ; 30.959 ; OK
2370 ; 4.740000 ; 0.92753 ; 30.923 ; OK
2371 ; 4.742000 ; 0.75447 ; 31.075 ; OK
2372 ; 4.744000 ; 2.22898 ; 30.925 ; OK
2373 ; 4.746000 ; 2.37104 ; 31.055 ; OK
2374 ; 4.748000 ; 3.07980 ; 31.103 ; OK
2375 ; 4.750000 ; 2.87785 ; 30.993 ; OK
2376 ; 4.752000 ; 2.73747 ; 30.944 ; OK
2377 ; 4.754000 ; 2.81710 ; 31.041 ; OK
2378 ; 4.756000 ; 1.46660 ; 30.993 ; OK
2379 ; 4.758000 ; 1.16722 ; 30.895 ; OK
2380 ; 4.760000 ; 0.98902 ; 31.028 ; OK
2381 ; 4.762000 ; 1.19485 ; 31.134 ; OK
2382 ; 4.764000 ; 0.56196 ; 31.024 ; OK
2383 ; 4.766000 ; 1.40630 ; 31.069 ; OK
2384 ; 4.768000 ; 1.65025 ; 31.064 ; OK
2385 ; 4.770000 ; 1.63300 ; 30.954 ; OK
2386 ; 4.772000 ; 1.46031 ; 31.119 ; OK
2387 ; 4.774000 ; 1.74870 ; 31.083 ; OK
2388 ; 4.776000 ; 1.52678 ; 30.935 ; OK
2389 ; 4.778000 ; 1.01784 ; 31.023 ; OK
2390 ; 4.780000 ; 0.18859 ; 31.077 ; OK
2391 ; 4.782000 ; -0.22013 ; 31.030 ; OK
2392 ; 4.784000 ; -0.39171 ; 31.092 ; OK
2393 ; 4.786000 ; -0.46194 ; 31.094 ; OK
2394 ; 4.788000 ; -0.85567 ; 31.042 ; OK
2395 ; 4.790000 ; -0.57880 ; 30.994 ; OK
2396 ; 4.792000 ; 0.02434 ; 31.080 ; OK
2397 ; 4.794000 ; 0.17296 ; 31.085 ; OK
2398 ; 4.796000 ; -0.14313 ; 31.094 ; OK
2399 ; 4.798000 ; -0.03964 ; 31.128 ; OK
2400 ; 4.800000 ; -0.78410 ; 31.126 ; OK
2401 ; 4.802000 ; -1.43345 ; 31.111 ; OK
2402 ; 4.804000 ; -1.99129 ; 31.131 ; OK
2403 ; 4.806000 ; -2.12795 ; 31.133 ; OK
2404 ; 4.808000 ; -1.76114 ; 31.132 ; OK
2405 ; 4.810000 ; -2.43578 ; 31.103 ; OK
2406 ; 4.812000 ; -2.40408 ; 31.068 ; OK
2407 ; 4.814000 ; -2.21642 ; 31.135 ; OK
2408 ; 4.816000 ; -2.21154 ; 31.180 ; OK
2409 ; 4.818000 ; -0.59601 ; 31.196 ; OK
2410 ; 4.820000 ; -1.38662 ; 31.103 ; OK
2411 ; 4.822000 ; -0.72754 ; 31.144 ; OK
2412 ; 4.824000 ; -1.52536 ; 31.101 ; OK
2413 ; 4.826000 ; -1.98920 ; 31.227 ; OK
2414 ; 4.828000 ; -2.84430 ; 31.130 ; OK
2415 ; 4.830000 ; -2.55843 ; 31.143 ; OK
2416 ; 4.832000 ; -2.53252 ; 31.130 ; OK
2417 ; 4.834000 ; -2.28720 ; 31.214 ; OK
2418 ; 4.836000 ; -1.59766 ; 31.175 ; OK
2419 ; 4.838000 ; -0.92043 ; 31.198 ; OK
2420 ; 4.840000 ; -0.46849 ; 31.163 ; OK
2421 ; 4.842000 ; -0.52970 ; 31.169 ; OK
2422 ; 4.844000 ; -0.24154 ; 31.243 ; OK
2423 ; 4.846000 ; -0.31685 ; 31.214 ; OK
2424 ; 4.848000 ; -0.46138 ; 31.161 ; OK
2425 ; 4.850000 ; -0.54452 ; 31.178 ; OK
2426 ; 4.852000 ; -0.91002 ; 31.161 ; OK
2427 ; 4.854000 ; -1.11734 ; 31.192 ; OK
2428 ; 4.856000 ; -1.21270 ; 31.151 ; OK
2429 ; 4.858000 ; -0.50714 ; 31.244 ; OK
2430 ; 4.860000 ; -0.03806 ; 31.181 ; OK
2431 ; 4.862000 ; 0.67096 ; 31.274 ; OK
2432 ; 4.864000 ; 1.11161 ; 31.219 ; OK
2433 ; 4.866000 ; 1.49967 ; 31.313 ; OK
2434 ; 4.868000 ; 1.56452 ; 31.246 ; OK
2435 ; 4.870000 ; 1.86739 ; 31.254 ; OK
2436 ; 4.872000 ; 1.68129 ; 31.187 ; OK
2437 ; 4.874000 ; 0.41280 ; 31.295 ; OK
2438 ; 4.876000 ; 0.64613 ; 31.239 ; OK
2439 ; 4.878000 ; 0.93537 ; 31.269 ; OK
2440 ; 4.880000 ; 1.19487 ; 31.310 ; OK
2441 ; 4.882000 ; 1.61360 ; 31.239 ; OK
2442 ; 4.884000 ; 1.45745 ; 31.234 ; OK
2443 ; 4.886000 ; 2.22397 ; 31.245 ; OK
2444 ; 4.888000 ; 2.64302 ; 31.302 ; OK
2445 ; 4.890000 ; 3.06644 ; 31.413 ; OK
2446 ; 4.892000 ; 2.50301 ; 31.256 ; OK
2447 ; 4.894000 ; 2.59314 ; 31.270 ; OK
2448 ; 4.896000 ; 1.81161 ; 31.331 ; OK
2449 ; 4.898000 ; 1.00175 ; 31.304 ; OK
2450 ; 4.900000 ; 0.94475 ; 31.251 ; OK
2451 ; 4.902000 ; 1.18127 ; 31.303 ; OK
2452 ; 4.904000 ; 1.31072 ; 31.298 ; OK
2453 ; 4.906000 ; 1.18649 ; 31.390 ; OK
2454 ; 4.908000 ; 1.68953 ; 31.196 ; OK
2455 ; 4.910000 ; 2.35327 ; 31.287 ; OK
2456 ; 4.912000 ; 2.24404 ; 31.190 ; OK
2457 ; 4.914000 ; 1.50001 ; 31.374 ; OK
2458 ; 4.916000 ; 1.89214 ; 31.317 ; OK
2459 ; 4.918000 ; 1.03535 ; 31.240 ; OK
2460 ; 4.920000 ; 0.83568 ; 31.382 ; OK
2461 ; 4.922000 ; 0.28780 ; 31.269 ; OK
2462 ; 4.924000 ; -0.77773 ; 31.317 ; OK
2463 ; 4.926000 ; -0.68157 ; 31.313 ; OK
2464 ; 4.928000 ; -0.56724 ; 31.432 ; OK
2465 ; 4.930000 ; -0.13243 ; 31.390 ; OK
2466 ; 4.932000 ; -0.22098 ; 31.413 ; OK
2467 ; 4.934000 ; 0.12278 ; 31.376 ; OK
2468 ; 4.936000 ; 0.01869 ; 31.407 ; OK
2469 ; 4.938000 ; -0.02337 ; 31.408 ; OK
2470 ; 4.940000 ; -0.45693 ; 31.379 ; OK
2471 ; 4.942000 ; -0.77345 ; 31.358 ; OK
2472 ; 4.944000 ; -1.74234 ; 31.486 ; OK
2473 ; 4.946000 ; -2.11912 ; 31.400 ; OK
2474 ; 4.948000 ; -2.61354 ; 31.362 ; OK
2475 ; 4.950000 ; -2.34981 ; 31.374 ; OK
2476 ; 4.952000 ; -2.02863 ; 31.444 ; OK
2477 ; 4.954000 ; -1.46127 ; 31.384 ; OK
2478 ; 4.956000 ; -1.56720 ; 31.509 ; OK
2479 ; 4.958000 ; -1.59600 ; 31.337 ; OK
2480 ; 4.960000 ; -1.47585 ; 31.346 ; OK
2481 ; 4.962000 ; -1.26849 ; 31.387 ; OK
2482 ; 4.964000 ; -2.02266 ; 31.427 ; OK
2483 ; 4.966000 ; -2.60346 ; 31.393 ; OK
2484 ; 4.968000 ; -2.42010 ; 31.448 ; OK
2485 ; 4.970000 ; -2.41712 ; 31.339 ; OK
2486 ; 4.972000 ; -2.60712 ; 31.469 ; OK
2487 ; 4.974000 ; -2.19742 ; 31.410 ; OK
2488 ; 4.976000 ; -2.13220 ; 31.462 ; OK
2489 ; 4.978000 ; -0.95107 ; 31.480 ; OK
2490 ; 4.980000 ; -1.37338 ; 31.387 ; OK
2491 ; 4.982000 ; -0.58617 ; 31.454 ; OK
2492 ; 4.984000 ; -0.43348 ; 31.404 ; OK
2493 ; 4.986000 ; -0.74867 ; 31.473 ; OK
2494 ; 4.988000 ; -0.90818 ; 31.548 ; OK
2495 ; 4.990000 ; -1.00628 ; 31.433 ; OK
2496 ; 4.992000 ; -1.66538 ; 31.476 ; OK
2497 ; 4.994000 ; -1.20245 ; 31.455 ; OK
2498 ; 4.996000 ; -1.12185 ; 31.477 ; OK
2499 ; 4.998000 ; -0.40366 ; 31.479 ; OK
2500 ; 5.000000 ; 0.29919 ; 31.525 ; OK
2501 ; 5.002000 ; 0.55328 ; 31.439 ; OK
2502 ; 5.004000 ; 0.94349 ; 31.517 ; OK
2503 ; 5.006000 ; 1.41346 ; 31.548 ; OK
2504 ; 5.008000 ; 1.69340 ; 31.564 ; OK
2505 ; 5.010000 ; 1.03590 ; 31.471 ; OK
2506 ; 5.012000 ; 0.96724 ; 31.550 ; OK
2507 ; 5.014000 ; 0.49293 ; 31.642 ; OK
2508 ; 5.016000 ; 0.32685 ; 31.582 ; OK
2509 ; 5.018000 ; 0.40614 ; 31.555 ; OK
2510 ; 5.020000 ; 1.09870 ; 31.544 ; OK
2511 ; 5.022000 ; 1.14100 ; 31.716 ; OK
2512 ; 5.024000 ; 2.16978 ; 31.551 ; OK
2513 ; 5.026000 ; 2.68311 ; 31.531 ; OK
2514 ; 5.028000 ; 2.99677 ; 31.574 ; OK
2515 ; 5.030000 ; 2.50463 ; 31.547 ; OK
2516 ; 5.032000 ; 2.37026 ; 31.557 ; OK
2517 ; 5.034000 ; 2.05242 ; 31.607 ; OK
2518 ; 5.036000 ; 1.78102 ; 31.521 ; OK
2519 ; 5.038000 ; 1.55251 ; 31.503 ; OK
2520 ; 5.040000 ; 1.54170 ; 31.598 ; OK
2521 ; 5.042000 ; 0.93356 ; 31.609 ; OK
2522 ; 5.044000 ; 1.63985 ; 31.577 ; OK
2523 ; 5.046000 ; 2.00480 ; 31.604 ; OK
2524 ; 5.048000 ; 1.71662 ; 31.600 ; OK
2525 ; 5.050000 ; 2.16586 ; 31.660 ; OK
2526 ; 5.052000 ; 2.59273 ; 31.670 ; OK
2527 ; 5.054000 ; 2.12587 ; 31.582 ; OK
2528 ; 5.056000 ; 1.42918 ; 31.638 ; OK
2529 ; 5.058000 ; 0.88373 ; 31.586 ; OK
2530 ; 5.060000 ; 0.96845 ; 31.570 ; OK
2531 ; 5.062000 ; 0.21108 ; 31.634 ; OK
2532 ; 5.064000 ; -0.06992 ; 31.642 ; OK
2533 ; 5.066000 ; -0.13921 ; 31.622 ; OK
2534 ; 5.068000 ; -0.27731 ; 31.602 ; OK
2535 ; 5.070000 ; 0.13442 ; 31.656 ; OK
2536 ; 5.072000 ; 0.03235 ; 31.671 ; OK
2537 ; 5.074000 ; 0.59367 ; 31.683 ; OK
2538 ; 5.076000 ; 0.26322 ; 31.612 ; OK
2539 ; 5.078000 ; 0.07355 ; 31.635 ; OK
2540 ; 5.080000 ; -0.67749 ; 31.634 ; OK
2541 ; 5.082000 ; -1.29529 ; 31.708 ; OK
2542 ; 5.084000 ; -1.35032 ; 31.626 ; OK
2543 ; 5.086000 ; -2.21558 ; 31.723 ; OK
2544 ; 5.088000 ; -1.97913 ; 31.715 ; OK
2545 ; 5.090000 ; -1.97833 ; 31.671 ; OK
2546 ; 5.092000 ; -1.74724 ; 31.668 ; OK
2547 ; 5.094000 ; -1.26993 ; 31.705 ; OK
2548 ; 5.096000 ; -1.08727 ; 31.668 ; OK
2549 ; 5.098000 ; -1.43099 ; 31.703 ; OK
2550 ; 5.100000 ; -1.05937 ; 31.689 ; OK
2551 ; 5.102000 ; -1.68715 ; 31.695 ; OK
2552 ; 5.104000 ; -2.12437 ; 31.581 ; OK
2553 ; 5.106000 ; -2.13745 ; 31.668 ; OK
2554 ; 5.108000 ; -2.61067 ; 31.665 ; OK
2555 ; 5.110000 ; -2.64400 ; 31.758 ; OK
2556 ; 5.112000 ; -999.0 ; 31.683 ; ERR
2557 ; 5.114000 ; -2.41719 ; 31.735 ; OK
2558 ; 5.116000 ; -2.14237 ; 31.768 ; OK
2559 ; 5.118000 ; -1.06484 ; 31.685 ; OK
2560 ; 5.120000 ; -0.84836 ; 31.787 ; OK
2561 ; 5.122000 ; -0.68289 ; 31.785 ; OK
2562 ; 5.124000 ; -0.85040 ; 31.749 ; OK
2563 ; 5.126000 ; -0.74399 ; 31.785 ; OK
2564 ; 5.128000 ; -1.15856 ; 31.699 ; OK
2565 ; 5.130000 ; -1.55765 ; 31.777 ; OK
2566 ; 5.132000 ; -1.76247 ; 31.820 ; OK
2567 ; 5.134000 ; -1.23277 ; 31.815 ; OK
2568 ; 5.136000 ; -1.25671 ; 31.730 ; OK
2569 ; 5.138000 ; -0.44453 ; 31.741 ; OK
2570 ; 5.140000 ; -0.48142 ; 31.829 ; OK
2571 ; 5.142000 ; 0.36509 ; 31.775 ; OK
2572 ; 5.144000 ; 0.81968 ; 31.782 ; OK
2573 ; 5.146000 ; 0.97053 ; 31.777 ; OK
2574 ; 5.148000 ; 1.22518 ; 31.784 ; OK
2575 ; 5.150000 ; 1.01150 ; 31.839 ; OK
2576 ; 5.152000 ; 0.25815 ; 31.877 ; OK
2577 ; 5.154000 ; 0.13244 ; 31.899 ; OK
2578 ; 5.156000 ; 0.46238 ; 31.769 ; OK
2579 ; 5.158000 ; 0.58700 ; 31.778 ; OK
2580 ; 5.160000 ; 0.88454 ; 31.780 ; OK
2581 ; 5.162000 ; 1.86678 ; 31.780 ; OK
2582 ; 5.164000 ; 1.92517 ; 31.727 ; OK
2583 ; 5.166000 ; 2.42583 ; 31.779 ; OK
2584 ; 5.168000 ; 2.21920 ; 31.824 ; OK
2585 ; 5.170000 ; 3.17128 ; 31.853 ; OK
2586 ; 5.172000 ; 2.47705 ; 31.837 ; OK
2587 ; 5.174000 ; 2.59346 ; 31.784 ; OK
2588 ; 5.176000 ; 1.67606 ; 31.801 ; OK
2589 ; 5.178000 ; 1.26559 ; 31.811 ; OK
2590 ; 5.180000 ; 1.32466 ; 31.991 ; OK
2591 ; 5.182000 ; 1.15782 ; 31.803 ; OK
2592 ; 5.184000 ; 1.58380 ; 31.872 ; OK
2593 ; 5.186000 ; 1.78137 ; 31.978 ; OK
2594 ; 5.188000 ; 2.50067 ; 31.839 ; OK
2595 ; 5.190000 ; 2.19395 ; 31.816 ; OK
2596 ; 5.192000 ; 2.72472 ; 31.863 ; OK
2597 ; 5.194000 ; 2.31552 ; 31.877 ; OK
2598 ; 5.196000 ; 2.10697 ; 31.905 ; OK
2599 ; 5.198000 ; 1.26560 ; 32.000 ; OK
2600 ; 5.200000 ; 1.02892 ; 31.946 ; OK
2601 ; 5.202000 ; 0.03366 ; 31.967 ; OK
2602 ; 5.204000 ; 0.07659 ; 31.961 ; OK
2603 ; 5.206000 ; 0.12646 ; 31.903 ; OK
2604 ; 5.208000 ; 0.52567 ; 31.870 ; OK
2605 ; 5.210000 ; 0.80368 ; 31.888 ; OK
2606 ; 5.212000 ; 0.38108 ; 31.965 ; OK
2607 ; 5.214000 ; 0.88856 ; 31.978 ; OK
2608 ; 5.216000 ; 0.79097 ; 31.990 ; OK
2609 ; 5.218000 ; 0.19583 ; 31.933 ; OK
2610 ; 5.220000 ; -0.41847 ; 32.002 ; OK
2611 ; 5.222000 ; -0.69488 ; 31.859 ; OK
2612 ; 5.224000 ; -1.83407 ; 31.836 ; OK
2613 ; 5.226000 ; -1.68933 ; 31.985 ; OK
2614 ; 5.228000 ; -2.27811 ; 31.980 ; OK
2615 ; 5.230000 ; -1.71478 ; 31.964 ; OK
2616 ; 5.232000 ; -1.41906 ; 31.951 ; OK
2617 ; 5.234000 ; -1.42707 ; 31.926 ; OK
2618 ; 5.236000 ; -0.89800 ; 31.994 ; OK
2619 ; 5.238000 ; -0.87181 ; 31.933 ; OK
2620 ; 5.240000 ; -1.07210 ; 31.975 ; OK
2621 ; 5.242000 ; -1.62396 ; 32.044 ; OK
2622 ; 5.244000 ; -1.94832 ; 31.901 ; OK
2623 ; 5.246000 ; -2.59507 ; 31.973 ; OK
2624 ; 5.248000 ; -2.31008 ; 32.022 ; OK
2625 ; 5.250000 ; -2.89630 ; 31.983 ; OK
2626 ; 5.252000 ; -2.78028 ; 32.044 ; OK
2627 ; 5.254000 ; -2.48807 ; 32.079 ; OK
2628 ; 5.256000 ; -2.04983 ; 32.056 ; OK
2629 ; 5.258000 ; -1.39619 ; 31.890 ; OK
2630 ; 5.260000 ; -1.09622 ; 32.079 ; OK
2631 ; 5.262000 ; -0.97480 ; 31.967 ; OK
2632 ; 5.264000 ; -1.43886 ; 32.056 ; OK
2633 ; 5.266000 ; -1.38433 ; 32.085 ; OK
2634 ; 5.268000 ; -1.57091 ; 32.044 ; OK
2635 ; 5.270000 ; -1.64919 ; 32.065 ; OK
2636 ; 5.272000 ; -1.99302 ; 32.074 ; OK
2637 ; 5.274000 ; -1.95972 ; 31.966 ; OK
2638 ; 5.276000 ; -1.65878 ; 32.020 ; OK
2639 ; 5.278000 ; -0.98358 ; 32.048 ; OK
2640 ; 5.280000 ; -0.42386 ; 32.121 ; OK
2641 ; 5.282000 ; -0.18067 ; 32.155 ; OK
2642 ; 5.284000 ; 0.24186 ; 31.959 ; OK
2643 ; 5.286000 ; 0.36699 ; 32.087 ; OK
2644 ; 5.288000 ; 0.85899 ; 32.103 ; OK
2645 ; 5.290000 ; 0.87990 ; 32.107 ; OK
2646 ; 5.292000 ; 0.81932 ; 32.074 ; OK
2647 ; 5.294000 ; -0.21421 ; 32.098 ; OK
2648 ; 5.296000 ; -0.01751 ; 32.114 ; OK
2649 ; 5.298000 ; 0.10826 ; 32.092 ; OK
2650 ; 5.300000 ; 1.61098 ; 32.084 ; OK
2651 ; 5.302000 ; 1.04319 ; 32.096 ; OK
2652 ; 5.304000 ; 1.66414 ; 32.162 ; OK
2653 ; 5.306000 ; 1.90525 ; 32.057 ; OK
2654 ; 5.308000 ; 2.94513 ; 32.221 ; OK
2655 ; 5.310000 ; 2.60260 ; 32.007 ; OK
2656 ; 5.312000 ; 1.92211 ; 32.118 ; OK
2657 ; 5.314000 ; 1.91434 ; 32.187 ; OK
2658 ; 5.316000 ; 1.26734 ; 32.011 ; OK
2659 ; 5.318000 ; 1.20043 ; 32.192 ; OK
2660 ; 5.320000 ; 1.20157 ; 32.150 ; OK
2661 ; 5.322000 ; 1.20779 ; 32.190 ; OK
2662 ; 5.324000 ; 1.60328 ; 32.159 ; OK
2663 ; 5.326000 ; 1.95663 ; 32.161 ; OK
2664 ; 5.328000 ; 2.50284 ; 32.190 ; OK
2665 ; 5.330000 ; 2.60784 ; 32.190 ; OK
2666 ; 5.332000 ; 2.67694 ; 32.173 ; OK
2667 ; 5.334000 ; 2.35910 ; 32.182 ; OK
2668 ; 5.336000 ; 1.77957 ; 32.178 ; OK
2669 ; 5.338000 ; 1.44867 ; 32.164 ; OK
2670 ; 5.340000 ; 0.59930 ; 32.169 ; OK
2671 ; 5.342000 ; 0.75226 ; 32.197 ; OK
2672 ; 5.344000 ; 0.45932 ; 32.115 ; OK
2673 ; 5.346000 ; 0.64252 ; 32.198 ; OK
2674 ; 5.348000 ; 0.94872 ; 32.136 ; OK
2675 ; 5.350000 ; 0.55226 ; 32.120 ; OK
2676 ; 5.352000 ; 0.76941 ; 32.192 ; OK
2677 ; 5.354000 ; 1.06887 ; 32.164 ; OK
2678 ; 5.356000 ; 0.91204 ; 32.150 ; OK
2679 ; 5.358000 ; -0.23339 ; 32.252 ; OK
2680 ; 5.360000 ; -0.83858 ; 32.241 ; OK
2681 ; 5.362000 ; -0.81154 ; 32.223 ; OK
2682 ; 5.364000 ; -1.48280 ; 32.296 ; OK
2683 ; 5.366000 ; -1.34435 ; 32.117 ; OK
2684 ; 5.368000 ; -1.43388 ; 32.236 ; OK
2685 ; 5.370000 ; -1.47583 ; 32.209 ; OK
2686 ; 5.372000 ; -1.06768 ; 32.234 ; OK
2687 ; 5.374000 ; -0.98341 ; 32.223 ; OK
2688 ; 5.376000 ; -0.93821 ; 32.222 ; OK
2689 ; 5.378000 ; -0.93863 ; 32.337 ; OK
2690 ; 5.380000 ; -1.08954 ; 32.239 ; OK
2691 ; 5.382000 ; -0.94666 ; 32.346 ; OK
2692 ; 5.384000 ; -2.02481 ; 32.234 ; OK
2693 ; 5.386000 ; -2.07358 ; 32.271 ; OK
2694 ; 5.388000 ; -2.70053 ; 32.352 ; OK
2695 ; 5.390000 ; -2.92659 ; 32.307 ; OK
2696 ; 5.392000 ; -2.36257 ; 32.332 ; OK
2697 ; 5.394000 ; -2.41703 ; 32.319 ; OK
2698 ; 5.396000 ; -1.77945 ; 32.328 ; OK
2699 ; 5.398000 ; -1.53416 ; 32.286 ; OK
2700 ; 5.400000 ; -1.09430 ; 32.263 ; OK
2701 ; 5.402000 ; -1.52464 ; 32.389 ; OK
2702 ; 5.404000 ; NaN ; 32.338 ; ERR
2703 ; 5.406000 ; -1.33624 ; 32.344 ; OK
2704 ; 5.408000 ; -1.75627 ; 32.325 ; OK
2705 ; 5.410000 ; -2.53670 ; 32.353 ; OK
2706 ; 5.412000 ; -2.13108 ; 32.307 ; OK
2707 ; 5.414000 ; -2.07388 ; 32.342 ; OK
2708 ; 5.416000 ; -1.46829 ; 32.286 ; OK
2709 ; 5.418000 ; -0.81918 ; 32.293 ; OK
2710 ; 5.420000 ; -0.28534 ; 32.382 ; OK
2711 ; 5.422000 ; -0.46656 ; 32.275 ; OK
2712 ; 5.424000 ; 0.56913 ; 32.273 ; OK
2713 ; 5.426000 ; 0.55793 ; 32.383 ; OK
2714 ; 5.428000 ; 0.60355 ; 32.399 ; OK
2715 ; 5.430000 ; 0.47387 ; 32.346 ; OK
2716 ; 5.432000 ; -0.14688 ; 32.316 ; OK
2717 ; 5.434000 ; -0.50587 ; 32.429 ; OK
2718 ; 5.436000 ; -0.22634 ; 32.306 ; OK
2719 ; 5.438000 ; 0.33193 ; 32.348 ; OK
2720 ; 5.440000 ; 0.67611 ; 32.364 ; OK
2721 ; 5.442000 ; 0.78019 ; 32.245 ; OK
2722 ; 5.444000 ; 1.48069 ; 32.470 ; OK
2723 ; 5.446000 ; 1.78426 ; 32.380 ; OK
2724 ; 5.448000 ; 1.92682 ; 32.400 ; OK
2725 ; 5.450000 ; 2.33979 ; 32.392 ; OK
2726 ; 5.452000 ; 2.25771 ; 32.332 ; OK
2727 ; 5.454000 ; 1.87167 ; 32.395 ; OK
2728 ; 5.456000 ; 1.48126 ; 32.369 ; OK
2729 ; 5.458000 ; 1.20050 ; 32.406 ; OK
2730 ; 5.460000 ; 1.26522 ; 32.444 ; OK
2731 ; 5.462000 ; 0.95259 ; 32.398 ; OK
2732 ; 5.464000 ; 1.61791 ; 32.463 ; OK
2733 ; 5.466000 ; 2.00530 ; 32.385 ; OK
2734 ; 5.468000 ; 2.17390 ; 32.419 ; OK
2735 ; 5.470000 ; 2.82823 ; 32.369 ; OK
2736 ; 5.472000 ; 2.65872 ; 32.415 ; OK
2737 ; 5.474000 ; 2.08326 ; 32.461 ; OK
2738 ; 5.476000 ; 1.99844 ; 32.359 ; OK
2739 ; 5.478000 ; 1.15348 ; 32.488 ; OK
2740 ; 5.480000 ; 1.30565 ; 32.454 ; OK
2741 ; 5.482000 ; 0.40499 ; 32.526 ; OK
2742 ; 5.484000 ; 0.96409 ; 32.481 ; OK
2743 ; 5.486000 ; 0.83716 ; 32.586 ; OK
2744 ; 5.488000 ; 1.17522 ; 32.470 ; OK
2745 ; 5.490000 ; 1.54951 ; 32.545 ; OK
2746 ; 5.492000 ; 1.31958 ; 32.469 ; OK
2747 ; 5.494000 ; 1.12342 ; 32.442 ; OK
2748 ; 5.496000 ; 1.36574 ; 32.470 ; OK
2749 ; 5.498000 ; 0.49713 ; 32.570 ; OK
2750 ; 5.500000 ; -0.24935 ; 32.499 ; OK
2751 ; 5.502000 ; -0.87609 ; 32.463 ; OK
2752 ; 5.504000 ; -0.60363 ; 32.488 ; OK
2753 ; 5.506000 ; -1.39645 ; 32.480 ; OK
2754 ; 5.508000 ; -1.23754 ; 32.452 ; OK
2755 ; 5.510000 ; -1.01820 ; 32.533 ; OK
2756 ; 5.512000 ; -0.66467 ; 32.612 ; OK
2757 ; 5.514000 ; -0.61554 ; 32.578 ; OK
2758 ; 5.516000 ; -0.38074 ; 32.515 ; OK
2759 ; 5.518000 ; -0.67067 ; 32.596 ; OK
2760 ; 5.520000 ; -0.83928 ; 32.548 ; OK
2761 ; 5.522000 ; -1.55952 ; 32.581 ; OK
2762 ; 5.524000 ; -2.42407 ; 32.532 ; OK
2763 ; 5.526000 ; -2.49716 ; 32.555 ; OK
2764 ; 5.528000 ; -2.31196 ; 32.630 ; OK
2765 ; 5.530000 ; -2.83630 ; 32.502 ; OK
2766 ; 5.532000 ; -2.73992 ; 32.593 ; OK
2767 ; 5.534000 ; -2.66619 ; 32.565 ; OK
2768 ; 5.536000 ; -1.94632 ; 32.496 ; OK
2769 ; 5.538000 ; -1.54109 ; 32.598 ; OK
2770 ; 5.540000 ; -1.06563 ; 32.537 ; OK
2771 ; 5.542000 ; -0.88540 ; 32.521 ; OK
2772 ; 5.544000 ; -1.54412 ; 32.569 ; OK
2773 ; 5.546000 ; -1.84853 ; 32.567 ; OK
2774 ; 5.548000 ; -1.44033 ; 32.597 ; OK
2775 ; 5.550000 ; -2.29620 ; 32.561 ; OK
2776 ; 5.552000 ; -2.55770 ; 32.534 ; OK
2777 ; 5.554000 ; -2.43431 ; 32.576 ; OK
2778 ; 5.556000 ; -1.83809 ; 32.548 ; OK
2779 ; 5.558000 ; -0.99267 ; 32.684 ; OK
2780 ; 5.560000 ; -0.88156 ; 32.612 ; OK
2781 ; 5.562000 ; -0.25973 ; 32.701 ; OK
2782 ; 5.564000 ; 0.33935 ; 32.680 ; OK
2783 ; 5.566000 ; 0.53918 ; 32.686 ; OK
2784 ; 5.568000 ; -0.03971 ; 32.567 ; OK
2785 ; 5.570000 ; -0.30509 ; 32.606 ; OK
2786 ; 5.572000 ; -0.55823 ; 32.572 ; OK
2787 ; 5.574000 ; -0.95502 ; 32.711 ; OK
2788 ; 5.576000 ; -0.04332 ; 32.652 ; OK
2789 ; 5.578000 ; -0.21689 ; 32.664 ; OK
2790 ; 5.580000 ; 0.46399 ; 32.739 ; OK
2791 ; 5.582000 ; 1.30785 ; 32.609 ; OK
2792 ; 5.584000 ; 1.42191 ; 32.729 ; OK
2793 ; 5.586000 ; 1.85614 ; 32.589 ; OK
2794 ; 5.588000 ; 1.94391 ; 32.681 ; OK
2795 ; 5.590000 ; 2.39614 ; 32.659 ; OK
2796 ; 5.592000 ; 1.77070 ; 32.661 ; OK
2797 ; 5.594000 ; 1.57333 ; 32.739 ; OK
2798 ; 5.596000 ; 1.22107 ; 32.657 ; OK
2799 ; 5.598000 ; 1.12446 ; 32.675 ; OK
2800 ; 5.600000 ; 1.67056 ; 32.677 ; OK
2801 ; 5.602000 ; 1.67662 ; 32.673 ; OK
2802 ; 5.604000 ; 1.88562 ; 32.711 ; OK
2803 ; 5.606000 ; 2.36819 ; 32.714 ; OK
2804 ; 5.608000 ; 2.58905 ; 32.677 ; OK
2805 ; 5.610000 ; 2.69698 ; 32.725 ; OK
2806 ; 5.612000 ; 2.90744 ; 32.757 ; OK
2807 ; 5.614000 ; 2.63206 ; 32.686 ; OK
2808 ; 5.616000 ; 2.14168 ; 32.690 ; OK
2809 ; 5.618000 ; 1.02982 ; 32.813 ; OK
2810 ; 5.620000 ; 1.05866 ; 32.781 ; OK
2811 ; 5.622000 ; 0.55486 ; 32.682 ; OK
2812 ; 5.624000 ; 1.02601 ; 32.693 ; OK
2813 ; 5.626000 ; 0.88523 ; 32.809 ; OK
2814 ; 5.628000 ; 1.30728 ; 32.801 ; OK
2815 ; 5.630000 ; 1.32594 ; 32.636 ; OK
2816 ; 5.632000 ; 1.63069 ; 32.786 ; OK
2817 ; 5.634000 ; 1.83473 ; 32.799 ; OK
2818 ; 5.636000 ; 1.20905 ; 32.733 ; OK
2819 ; 5.638000 ; 0.77204 ; 32.769 ; OK
2820 ; 5.640000 ; 0.00006 ; 32.693 ; OK
2821 ; 5.642000 ; -0.25322 ; 32.764 ; OK
2822 ; 5.644000 ; -0.70298 ; 32.888 ; OK
2823 ; 5.646000 ; -1.40089 ; 32.809 ; OK
2824 ; 5.648000 ; -0.86416 ; 32.813 ; OK
2825 ; 5.650000 ; -1.14188 ; 32.781 ; OK
2826 ; 5.652000 ; -0.92202 ; 32.830 ; OK
2827 ; 5.654000 ; -0.36723 ; 32.807 ; OK
2828 ; 5.656000 ; -0.29750 ; 32.845 ; OK
2829 ; 5.658000 ; -0.53605 ; 32.741 ; OK
2830 ; 5.660000 ; -0.28353 ; 32.855 ; OK
2831 ; 5.662000 ; -1.39534 ; 32.876 ; OK
2832 ; 5.664000 ; -1.62598 ; 32.831 ; OK
2833 ; 5.666000 ; -2.00634 ; 32.850 ; OK
2834 ; 5.668000 ; -2.57618 ; 32.959 ; OK
2835 ; 5.670000 ; -2.56628 ; 32.787 ; OK
2836 ; 5.672000 ; -2.37881 ; 32.833 ; OK
2837 ; 5.674000 ; -1.94316 ; 32.932 ; OK
2838 ; 5.676000 ; -2.27154 ; 32.799 ; OK
2839 ; 5.678000 ; -1.27105 ; 32.843 ; OK
2840 ; 5.680000 ; -1.54176 ; 32.846 ; OK
2841 ; 5.682000 ; -1.53638 ; 32.897 ; OK
2842 ; 5.684000 ; -1.61843 ; 32.810 ; OK
2843 ; 5.686000 ; -1.59361 ; 32.904 ; OK
2844 ; 5.688000 ; -2.14748 ; 32.875 ; OK
2845 ; 5.690000 ; -2.47265 ; 32.897 ; OK
2846 ; 5.692000 ; -2.29835 ; 32.862 ; OK
2847 ; 5.694000 ; -2.52774 ; 32.867 ; OK
2848 ; 5.696000 ; -1.63428 ; 32.988 ; OK
2849 ; 5.698000 ; -1.05216 ; 32.895 ; OK
2850 ; 5.700000 ; -0.18369 ; 32.879 ; OK
2851 ; 5.702000 ; -0.27631 ; 32.864 ; OK
2852 ; 5.704000 ; -0.24775 ; 32.950 ; OK
2853 ; 5.706000 ; -0.18412 ; 32.844 ; OK
2854 ; 5.708000 ; -0.39972 ; 32.759 ; OK
2855 ; 5.710000 ; -0.29221 ; 32.930 ; OK
2856 ; 5.712000 ; -0.80285 ; 32.898 ; OK
2857 ; 5.714000 ; -0.75325 ; 32.939 ; OK
2858 ; 5.716000 ; -0.44718 ; 32.897 ; OK
2859 ; 5.718000 ; -0.36695 ; 32.938 ; OK
2860 ; 5.720000 ; 0.27691 ; 32.973 ; OK
2861 ; 5.722000 ; 1.05945 ; 32.957 ; OK
2862 ; 5.724000 ; 1.28068 ; 32.909 ; OK
2863 ; 5.726000 ; 1.67832 ; 32.883 ; OK
2864 ; 5.728000 ; 1.93172 ; 33.017 ; OK
2865 ; 5.730000 ; 1.56425 ; 32.912 ; OK
2866 ; 5.732000 ; 1.49436 ; 32.983 ; OK
2867 ; 5.734000 ; 0.94158 ; 32.966 ; OK
2868 ; 5.736000 ; 0.36350 ; 33.057 ; OK
2869 ; 5.738000 ; 0.90211 ; 32.956 ; OK
2870 ; 5.740000 ; 1.30006 ; 33.064 ; OK
2871 ; 5.742000 ; 1.43450 ; 32.938 ; OK
2872 ; 5.744000 ; 1.70557 ; 33.000 ; OK
2873 ; 5.746000 ; 2.29184 ; 33.078 ; OK
2874 ; 5.748000 ; 2.40615 ; 33.043 ; OK
2875 ; 5.750000 ; 2.82453 ; 32.947 ; OK
2876 ; 5.752000 ; 2.64983 ; 33.072 ; OK
2877 ; 5.754000 ; 2.21991 ; 32.997 ; OK
2878 ; 5.756000 ; 1.70353 ; 32.960 ; OK
2879 ; 5.758000 ; 1.24632 ; 33.075 ; OK
2880 ; 5.760000 ; 0.75340 ; 32.993 ; OK
2881 ; 5.762000 ; 0.59905 ; 32.961 ; OK
2882 ; 5.764000 ; 1.02880 ; 32.943 ; OK
2883 ; 5.766000 ; 1.36418 ; 32.976 ; OK
2884 ; 5.768000 ; 1.37013 ; 33.057 ; OK
2885 ; 5.770000 ; 1.88656 ; 33.089 ; OK
2886 ; 5.772000 ; 1.52835 ; 33.018 ; OK
2887 ; 5.774000 ; 1.60017 ; 33.113 ; OK
2888 ; 5.776000 ; 1.44334 ; 33.067 ; OK
2889 ; 5.778000 ; 1.33009 ; 33.073 ; OK
2890 ; 5.780000 ; 0.64288 ; 33.127 ; OK
2891 ; 5.782000 ; -0.47821 ; 33.101 ; OK
2892 ; 5.784000 ; -0.58378 ; 33.065 ; OK
2893 ; 5.786000 ; -0.66472 ; 33.085 ; OK
2894 ; 5.788000 ; -0.73504 ; 33.076 ; OK
2895 ; 5.790000 ; -0.72822 ; 33.107 ; OK
2896 ; 5.792000 ; -0.06579 ; 32.987 ; OK
2897 ; 5.794000 ; -0.07540 ; 33.065 ; OK
2898 ; 5.796000 ; -0.50551 ; 33.197 ; OK
2899 ; 5.798000 ; -0.56513 ; 33.109 ; OK
2900 ; 5.800000 ; -1.09697 ; 33.166 ; OK
2901 ; 5.802000 ; -1.42505 ; 33.094 ; OK
2902 ; 5.804000 ; -1.84047 ; 33.005 ; OK
2903 ; 5.806000 ; -2.02340 ; 33.184 ; OK
2904 ; 5.808000 ; -2.27924 ; 33.159 ; OK
2905 ; 5.810000 ; -2.33743 ; 33.118 ; OK
2906 ; 5.812000 ; -2.12854 ; 33.036 ; OK
2907 ; 5.814000 ; -1.35588 ; 33.102 ; OK
2908 ; 5.816000 ; -1.54589 ; 33.061 ; OK
2909 ; 5.818000 ; -1.30060 ; 33.143 ; OK
2910 ; 5.820000 ; -1.05316 ; 33.166 ; OK
2911 ; 5.822000 ; -1.19112 ; 33.134 ; OK
2912 ; 5.824000 ; -1.57019 ; 33.136 ; OK
2913 ; 5.826000 ; -2.20096 ; 33.100 ; OK
2914 ; 5.828000 ; -2.59178 ; 33.145 ; OK
2915 ; 5.830000 ; -2.76369 ; 33.148 ; OK
2916 ; 5.832000 ; -2.51274 ; 33.105 ; OK
2917 ; 5.834000 ; -2.37785 ; 33.166 ; OK
2918 ; 5.836000 ; -2.11244 ; 33.245 ; OK
2919 ; 5.838000 ; -1.00787 ; 33.144 ; OK
2920 ; 5.840000 ; -0.42836 ; 33.217 ; OK
2921 ; 5.842000 ; -0.66953 ; 33.130 ; OK
2922 ; 5.844000 ; -0.15474 ; 33.126 ; OK
2923 ; 5.846000 ; -0.11898 ; 33.110 ; OK
2924 ; 5.848000 ; -0.73374 ; 33.295 ; OK
2925 ; 5.850000 ; -0.95598 ; 33.178 ; OK
2926 ; 5.852000 ; -0.82790 ; 33.199 ; OK
2927 ; 5.854000 ; -1.14607 ; 33.279 ; OK
2928 ; 5.856000 ; -1.04649 ; 33.118 ; OK
2929 ; 5.858000 ; -0.39557 ; 33.220 ; OK
2930 ; 5.860000 ; -0.14751 ; 33.239 ; OK
2931 ; 5.862000 ; 0.62536 ; 33.175 ; OK
2932 ; 5.864000 ; 1.44256 ; 33.176 ; OK
2933 ; 5.866000 ; 0.95403 ; 33.219 ; OK
2934 ; 5.868000 ; 1.49923 ; 33.281 ; OK
2935 ; 5.870000 ; 1.39943 ; 33.172 ; OK
2936 ; 5.872000 ; 1.24799 ; 33.272 ; OK
2937 ; 5.874000 ; 0.96131 ; 33.213 ; OK
2938 ; 5.876000 ; 0.71906 ; 33.233 ; OK
2939 ; 5.878000 ; 1.05313 ; 33.325 ; OK
2940 ; 5.880000 ; 0.70587 ; 33.277 ; OK
2941 ; 5.882000 ; 1.44015 ; 33.247 ; OK
2942 ; 5.884000 ; 1.68774 ; 33.290 ; OK
2943 ; 5.886000 ; 2.23473 ; 33.278 ; OK
2944 ; 5.888000 ; 2.74932 ; 33.235 ; OK
2945 ; 5.890000 ; 2.93643 ; 33.202 ; OK
2946 ; 5.892000 ; 2.44107 ; 33.345 ; OK
2947 ; 5.894000 ; 2.36721 ; 33.319 ; OK
2948 ; 5.896000 ; 1.66101 ; 33.277 ; OK
2949 ; 5.898000 ; 1.34512 ; 33.308 ; OK
2950 ; 5.900000 ; 1.33069 ; 33.293 ; OK
2951 ; 5.902000 ; 0.94164 ; 33.311 ; OK
2952 ; 5.904000 ; 1.49057 ; 33.325 ; OK
2953 ; 5.906000 ; 1.78668 ; 33.306 ; OK
2954 ; 5.908000 ; 1.71866 ; 33.253 ; OK
2955 ; 5.910000 ; 2.18067 ; 33.287 ; OK
2956 ; 5.912000 ; 2.23122 ; 33.323 ; OK
2957 ; 5.914000 ; 2.24873 ; 33.273 ; OK
2958 ; 5.916000 ; 1.23656 ; 33.314 ; OK
2959 ; 5.918000 ; 1.09300 ; 33.282 ; OK
2960 ; 5.920000 ; 0.41692 ; 33.200 ; OK
2961 ; 5.922000 ; -0.23664 ; 33.379 ; OK
2962 ; 5.924000 ; -0.09009 ; 33.455 ; OK
2963 ; 5.926000 ; -0.63974 ; 33.364 ; OK
2964 ; 5.928000 ; -0.21575 ; 33.357 ; OK
2965 ; 5.930000 ; -0.34196 ; 33.379 ; OK
2966 ; 5.932000 ; 0.17859 ; 33.336 ; OK
2967 ; 5.934000 ; 0.23744 ; 33.397 ; OK
2968 ; 5.936000 ; 0.21897 ; 33.425 ; OK
2969 ; 5.938000 ; -0.19941 ; 33.367 ; OK
2970 ; 5.940000 ; -0.77514 ; 33.374 ; OK
2971 ; 5.942000 ; -0.94775 ; 33.321 ; OK
2972 ; 5.944000 ; -5.00000 ; 33.421 ; SAT
2973 ; 5.946000 ; -2.35229 ; 33.357 ; OK
2974 ; 5.948000 ; -2.32007 ; 33.265 ; OK
2975 ; 5.950000 ; -1.84201 ; 33.493 ; OK
2976 ; 5.952000 ; -2.07809 ; 33.399 ; OK
2977 ; 5.954000 ; -1.79488 ; 33.384 ; OK
2978 ; 5.956000 ; -1.23850 ; 33.350 ; OK
2979 ; 5.958000 ; -1.40572 ; 33.428 ; OK
2980 ; 5.960000 ; -1.16140 ; 33.400 ; OK
2981 ; 5.962000 ; -1.51119 ; 33.398 ; OK
2982 ; 5.964000 ; -1.22849 ; 33.497 ; OK
2983 ; 5.966000 ; -2.58125 ; 33.513 ; OK
2984 ; 5.968000 ; -2.39609 ; 33.454 ; OK
2985 ; 5.970000 ; -3.26534 ; 33.480 ; OK
2986 ; 5.972000 ; -2.52435 ; 33.409 ; OK
2987 ; 5.974000 ; -2.38417 ; 33.402 ; OK
2988 ; 5.976000 ; -2.19534 ; 33.414 ; OK
2989 ; 5.978000 ; -1.29326 ; 33.411 ; OK
2990 ; 5.980000 ; -0.96757 ; 33.544 ; OK
2991 ; 5.982000 ; -0.41775 ; 33.512 ; OK
2992 ; 5.984000 ; -0.31449 ; 33.462 ; OK
2993 ; 5.986000 ; -0.81442 ; 33.526 ; OK
2994 ; 5.988000 ; -1.04540 ; 33.464 ; OK
2995 ; 5.990000 ; -1.53817 ; 33.467 ; OK
2996 ; 5.992000 ; -1.58374 ; 33.516 ; OK
2997 ; 5.994000 ; -1.59536 ; 33.481 ; OK
2998 ; 5.996000 ; -1.32135 ; 33.495 ; OK
2999 ; 5.998000 ; -0.52018 ; 33.452 ; OK
3000 ; 6.000000 ; -0.33589 ; 33.544 ; OK
# --- keepalive, buffer flushed ---
3001 ; 6.002000 ; 0.56602 ; 33.533 ; OK
3002 ; 6.004000 ; 0.98662 ; 33.615 ; OK
3003 ; 6.006000 ; 1.19019 ; 33.486 ; OK
3004 ; 6.008000 ; 1.53269 ; 33.485 ; OK
3005 ; 6.010000 ; 0.97515 ; 33.560 ; OK
3006 ; 6.012000 ; 1.13329 ; 33.527 ; OK
3007 ; 6.014000 ; 0.89781 ; 33.553 ; OK
3008 ; 6.016000 ; 0.91839 ; 33.630 ; OK
3009 ; 6.018000 ; 0.61174 ; 33.500 ; OK
3010 ; 6.020000 ; 1.00287 ; 33.494 ; OK
3011 ; 6.022000 ; 1.38010 ; 33.521 ; OK
3012 ; 6.024000 ; 2.22643 ; 33.528 ; OK
3013 ; 6.026000 ; 2.27727 ; 33.557 ; OK
3014 ; 6.028000 ; 2.29937 ; 33.513 ; OK
3015 ; 6.030000 ; 2.59452 ; 33.513 ; OK
3016 ; 6.032000 ; 2.68344 ; 33.551 ; OK
3017 ; 6.034000 ; 1.68010 ; 33.497 ; OK
3018 ; 6.036000 ; 1.68752 ; 33.659 ; OK
3019 ; 6.038000 ; 1.37790 ; 33.589 ; OK
3020 ; 6.040000 ; 1.36189 ; 33.500 ; OK
3021 ; 6.042000 ; NaN ; 33.593 ; ERR
3022 ; 6.044000 ; 1.44580 ; 33.587 ; OK
3023 ; 6.046000 ; 1.73528 ; 33.578 ; OK
3024 ; 6.048000 ; 2.22782 ; 33.578 ; OK
3025 ; 6.050000 ; 2.68187 ; 33.567 ; OK
3026 ; 6.052000 ; 2.50309 ; 33.584 ; OK
3027 ; 6.054000 ; 2.29873 ; 33.609 ; OK
3028 ; 6.056000 ; 1.81181 ; 33.666 ; OK
3029 ; 6.058000 ; 1.00158 ; 33.641 ; OK
3030 ; 6.060000 ; 0.51613 ; 33.652 ; OK
3031 ; 6.062000 ; -0.15207 ; 33.621 ; OK
3032 ; 6.064000 ; -0.49663 ; 33.547 ; OK
3033 ; 6.066000 ; -0.35380 ; 33.686 ; OK
3034 ; 6.068000 ; -0.10278 ; 33.623 ; OK
3035 ; 6.070000 ; 0.24640 ; 33.631 ; OK
3036 ; 6.072000 ; 0.24269 ; 33.620 ; OK
3037 ; 6.074000 ; 0.32247 ; 33.652 ; OK
3038 ; 6.076000 ; 0.70908 ; 33.652 ; OK
3039 ; 6.078000 ; -0.16891 ; 33.695 ; OK
3040 ; 6.080000 ; -0.73148 ; 33.624 ; OK
3041 ; 6.082000 ; -1.18510 ; 33.633 ; OK
3042 ; 6.084000 ; -1.42981 ; 33.666 ; OK
3043 ; 6.086000 ; -1.59965 ; 33.671 ; OK
3044 ; 6.088000 ; -1.95861 ; 33.624 ; OK
3045 ; 6.090000 ; -1.74912 ; 33.777 ; OK
3046 ; 6.092000 ; -1.98174 ; 33.758 ; OK
3047 ; 6.094000 ; -1.84604 ; 33.664 ; OK
3048 ; 6.096000 ; -1.32498 ; 33.684 ; OK
3049 ; 6.098000 ; -1.15953 ; 33.716 ; OK
3050 ; 6.100000 ; -0.77977 ; 33.752 ; OK
3051 ; 6.102000 ; -1.47738 ; 33.676 ; OK
3052 ; 6.104000 ; -2.04485 ; 33.698 ; OK
3053 ; 6.106000 ; -2.20100 ; 33.753 ; OK
3054 ; 6.108000 ; -2.94169 ; 33.733 ; OK
3055 ; 6.110000 ; -3.35237 ; 33.664 ; OK
3056 ; 6.112000 ; -2.97670 ; 33.805 ; OK
3057 ; 6.114000 ; -2.34539 ; 33.752 ; OK
3058 ; 6.116000 ; -2.25841 ; 33.706 ; OK
3059 ; 6.118000 ; -1.32095 ; 33.673 ; OK
3060 ; 6.120000 ; -0.91274 ; 33.721 ; OK
3061 ; 6.122000 ; -0.47558 ; 33.773 ; OK
3062 ; 6.124000 ; -0.67388 ; 33.859 ; OK
3063 ; 6.126000 ; -0.93574 ; 33.725 ; OK
3064 ; 6.128000 ; -1.14691 ; 33.794 ; OK
3065 ; 6.130000 ; -1.17863 ; 33.750 ; OK
3066 ; 6.132000 ; -1.35621 ; 33.684 ; OK
3067 ; 6.134000 ; -1.90818 ; 33.755 ; OK
3068 ; 6.136000 ; -1.23273 ; 33.757 ; OK
3069 ; 6.138000 ; -0.82138 ; 33.788 ; OK
3070 ; 6.140000 ; 0.15953 ; 33.845 ; OK
3071 ; 6.142000 ; 0.33489 ; 33.804 ; OK
3072 ; 6.144000 ; 0.95150 ; 33.852 ; OK
3073 ; 6.146000 ; 1.06068 ; 33.684 ; OK
3074 ; 6.148000 ; 1.22760 ; 33.790 ; OK
3075 ; 6.150000 ; 0.88362 ; 33.866 ; OK
3076 ; 6.152000 ; 0.11473 ; 33.793 ; OK
3077 ; 6.154000 ; 0.61726 ; 33.778 ; OK
3078 ; 6.156000 ; 0.09954 ; 33.722 ; OK
3079 ; 6.158000 ; 0.74291 ; 33.792 ; OK
3080 ; 6.160000 ; 0.51560 ; 33.715 ; OK
3081 ; 6.162000 ; 1.34353 ; 33.848 ; OK
3082 ; 6.164000 ; 1.70796 ; 33.847 ; OK
3083 ; 6.166000 ; 2.50996 ; 33.846 ; OK
3084 ; 6.168000 ; 2.14265 ; 33.798 ; OK
3085 ; 6.170000 ; 2.42966 ; 33.838 ; OK
3086 ; 6.172000 ; 2.77335 ; 33.841 ; OK
3087 ; 6.174000 ; 2.10229 ; 33.791 ; OK
3088 ; 6.176000 ; 1.99363 ; 33.772 ; OK
3089 ; 6.178000 ; 1.26367 ; 33.818 ; OK
3090 ; 6.180000 ; 0.92402 ; 33.988 ; OK
3091 ; 6.182000 ; 0.92811 ; 33.898 ; OK
3092 ; 6.184000 ; 1.46797 ; 33.798 ; OK
3093 ; 6.186000 ; 1.45143 ; 33.885 ; OK
3094 ; 6.188000 ; 2.43965 ; 33.804 ; OK
3095 ; 6.190000 ; 2.05810 ; 33.979 ; OK
3096 ; 6.192000 ; 2.08374 ; 33.860 ; OK
3097 ; 6.194000 ; 2.26288 ; 33.907 ; OK
3098 ; 6.196000 ; 2.20577 ; 33.864 ; OK
3099 ; 6.198000 ; 1.30410 ; 33.940 ; OK
3100 ; 6.200000 ; 1.00881 ; 33.914 ; OK
3101 ; 6.202000 ; 0.27888 ; 33.944 ; OK
3102 ; 6.204000 ; -0.28004 ; 33.879 ; OK
3103 ; 6.206000 ; -0.19603 ; 33.905 ; OK
3104 ; 6.208000 ; 0.53467 ; 33.874 ; OK
3105 ; 6.210000 ; 0.68003 ; 33.919 ; OK
3106 ; 6.212000 ; 0.26157 ; 33.905 ; OK
3107 ; 6.214000 ; 0.42250 ; 33.956 ; OK
3108 ; 6.216000 ; 0.64348 ; 33.879 ; OK
3109 ; 6.218000 ; 0.25780 ; 33.903 ; OK
3110 ; 6.220000 ; -0.26816 ; 33.815 ; OK
3111 ; 6.222000 ; -0.95016 ; 33.917 ; OK
3112 ; 6.224000 ; -1.71861 ; 33.848 ; OK
3113 ; 6.226000 ; -1.61938 ; 33.893 ; OK
3114 ; 6.228000 ; -2.06758 ; 34.045 ; OK
3115 ; 6.230000 ; -2.25033 ; 33.957 ; OK
3116 ; 6.232000 ; -1.54247 ; 33.949 ; OK
3117 ; 6.234000 ; -1.27395 ; 33.992 ; OK
3118 ; 6.236000 ; -0.99436 ; 34.055 ; OK
3119 ; 6.238000 ; -1.09870 ; 34.010 ; OK
3120 ; 6.240000 ; -1.25364 ; 33.964 ; OK
3121 ; 6.242000 ; -1.85059 ; 34.012 ; OK
3122 ; 6.244000 ; -2.38078 ; 33.938 ; OK
3123 ; 6.246000 ; -2.40562 ; 34.008 ; OK
3124 ; 6.248000 ; -2.83768 ; 33.971 ; OK
3125 ; 6.250000 ; -2.45252 ; 33.978 ; OK
3126 ; 6.252000 ; -2.94060 ; 34.051 ; OK
3127 ; 6.254000 ; -2.49077 ; 34.056 ; OK
3128 ; 6.256000 ; -2.35120 ; 33.943 ; OK
3129 ; 6.258000 ; -1.48597 ; 33.981 ; OK
3130 ; 6.260000 ; -1.11985 ; 33.957 ; OK
3131 ; 6.262000 ; -0.91816 ; 33.998 ; OK
3132 ; 6.264000 ; -1.20639 ; 33.995 ; OK
3133 ; 6.266000 ; -1.14482 ; 34.046 ; OK
3134 ; 6.268000 ; -1.49990 ; 34.073 ; OK
3135 ; 6.270000 ; -1.86174 ; 34.014 ; OK
3136 ; 6.272000 ; -1.69214 ; 33.961 ; OK
3137 ; 6.274000 ; -1.38697 ; 34.001 ; OK
3138 ; 6.276000 ; -1.39731 ; 34.055 ; OK
3139 ; 6.278000 ; -0.83795 ; 34.110 ; OK
3140 ; 6.280000 ; -0.02506 ; 34.033 ; OK
3141 ; 6.282000 ; 0.42741 ; 34.108 ; OK
3142 ; 6.284000 ; 0.15535 ; 34.075 ; OK
3143 ; 6.286000 ; 0.62823 ; 34.128 ; OK
3144 ; 6.288000 ; 0.66635 ; 34.142 ; OK
3145 ; 6.290000 ; 0.74770 ; 34.046 ; OK
3146 ; 6.292000 ; -0.05023 ; 34.040 ; OK
3147 ; 6.294000 ; -0.42150 ; 34.120 ; OK
3148 ; 6.296000 ; -0.34675 ; 34.159 ; OK
3149 ; 6.298000 ; 0.38862 ; 34.108 ; OK
3150 ; 6.300000 ; 0.43465 ; 34.020 ; OK
3151 ; 6.302000 ; 0.91848 ; 34.062 ; OK
3152 ; 6.304000 ; 1.84114 ; 34.066 ; OK
3153 ; 6.306000 ; 2.23634 ; 34.167 ; OK
3154 ; 6.308000 ; 2.40522 ; 34.113 ; OK
3155 ; 6.310000 ; 2.25433 ; 34.102 ; OK
3156 ; 6.312000 ; 1.88502 ; 34.120 ; OK
3157 ; 6.314000 ; 2.27099 ; 34.081 ; OK
3158 ; 6.316000 ; 1.39706 ; 34.143 ; OK
3159 ; 6.318000 ; 1.47980 ; 34.070 ; OK
3160 ; 6.320000 ; 1.21706 ; 34.211 ; OK
3161 ; 6.322000 ; 1.63639 ; 34.201 ; OK
3162 ; 6.324000 ; 1.16932 ; 34.186 ; OK
3163 ; 6.326000 ; 2.51251 ; 34.102 ; OK
3164 ; 6.328000 ; 2.26107 ; 34.184 ; OK
3165 ; 6.330000 ; 2.51072 ; 34.116 ; OK
3166 ; 6.332000 ; 2.69812 ; 34.266 ; OK
3167 ; 6.334000 ; 2.09744 ; 34.180 ; OK
3168 ; 6.336000 ; 1.86645 ; 34.183 ; OK
3169 ; 6.338000 ; 1.43258 ; 34.127 ; OK
3170 ; 6.340000 ; 0.82088 ; 34.121 ; OK
3171 ; 6.342000 ; 0.67094 ; 34.221 ; OK
3172 ; 6.344000 ; 0.21087 ; 34.205 ; OK
3173 ; 6.346000 ; 0.07600 ; 34.094 ; OK
3174 ; 6.348000 ; 0.92058 ; 34.176 ; OK
3175 ; 6.350000 ; 1.03374 ; 34.219 ; OK
3176 ; 6.352000 ; 0.35307 ; 34.230 ; OK
3177 ; 6.354000 ; 0.91919 ; 34.250 ; OK
3178 ; 6.356000 ; 1.17338 ; 34.202 ; OK
3179 ; 6.358000 ; 0.34686 ; 34.193 ; OK
3180 ; 6.360000 ; -0.23334 ; 34.235 ; OK
3181 ; 6.362000 ; -0.83423 ; 34.110 ; OK
3182 ; 6.364000 ; -1.40691 ; 34.343 ; OK
3183 ; 6.366000 ; -1.35476 ; 34.321 ; OK
3184 ; 6.368000 ; -1.65306 ; 34.243 ; OK
3185 ; 6.370000 ; -1.72117 ; 34.297 ; OK
3186 ; 6.372000 ; -1.16737 ; 34.213 ; OK
3187 ; 6.374000 ; -1.14845 ; 34.268 ; OK
3188 ; 6.376000 ; -1.13691 ; 34.272 ; OK
3189 ; 6.378000 ; -0.92142 ; 34.272 ; OK
3190 ; 6.380000 ; -1.12965 ; 34.281 ; OK
3191 ; 6.382000 ; -1.53158 ; 34.221 ; OK
3192 ; 6.384000 ; -2.01090 ; 34.261 ; OK
3193 ; 6.386000 ; -2.58875 ; 34.264 ; OK
3194 ; 6.388000 ; -3.06357 ; 34.304 ; OK
3195 ; 6.390000 ; -2.94568 ; 34.216 ; OK
3196 ; 6.392000 ; -2.60039 ; 34.245 ; OK
3197 ; 6.394000 ; -5.00000 ; 34.289 ; SAT
3198 ; 6.396000 ; -1.86049 ; 34.282 ; OK
3199 ; 6.398000 ; -1.21381 ; 34.308 ; OK
3200 ; 6.400000 ; -1.13323 ; 34.309 ; OK
3201 ; 6.402000 ; -0.82883 ; 34.346 ; OK
3202 ; 6.404000 ; -1.12393 ; 34.361 ; OK
3203 ; 6.406000 ; -1.60805 ; 34.288 ; OK
3204 ; 6.408000 ; -2.02102 ; 34.310 ; OK
3205 ; 6.410000 ; -2.06094 ; 34.274 ; OK
3206 ; 6.412000 ; -2.04935 ; 34.344 ; OK
3207 ; 6.414000 ; -1.87863 ; 34.315 ; OK
3208 ; 6.416000 ; -2.11095 ; 34.408 ; OK
3209 ; 6.418000 ; -0.79342 ; 34.303 ; OK
3210 ; 6.420000 ; 0.10935 ; 34.382 ; OK
3211 ; 6.422000 ; -0.14843 ; 34.342 ; OK
3212 ; 6.424000 ; 0.71332 ; 34.382 ; OK
3213 ; 6.426000 ; 0.81353 ; 34.398 ; OK
3214 ; 6.428000 ; -0.00446 ; 34.341 ; OK
3215 ; 6.430000 ; -0.00663 ; 34.361 ; OK
3216 ; 6.432000 ; -0.12157 ; 34.293 ; OK
3217 ; 6.434000 ; -0.42068 ; 34.389 ; OK
3218 ; 6.436000 ; -0.38663 ; 34.457 ; OK
3219 ; 6.438000 ; -0.27027 ; 34.334 ; OK
3220 ; 6.440000 ; 0.77006 ; 34.356 ; OK
3221 ; 6.442000 ; 1.31589 ; 34.395 ; OK
3222 ; 6.444000 ; 1.60078 ; 34.357 ; OK
3223 ; 6.446000 ; 1.54004 ; 34.318 ; OK
3224 ; 6.448000 ; 1.99717 ; 34.429 ; OK
3225 ; 6.450000 ; 2.16944 ; 34.435 ; OK
3226 ; 6.452000 ; 1.83161 ; 34.360 ; OK
3227 ; 6.454000 ; 1.55054 ; 34.454 ; OK
3228 ; 6.456000 ; 1.16553 ; 34.479 ; OK
3229 ; 6.458000 ; 0.93960 ; 34.402 ; OK
3230 ; 6.460000 ; 1.33062 ; 34.314 ; OK
3231 ; 6.462000 ; 1.57690 ; 34.359 ; OK
3232 ; 6.464000 ; 1.80163 ; 34.316 ; OK
3233 ; 6.466000 ; 2.70460 ; 34.388 ; OK
3234 ; 6.468000 ; 2.21287 ; 34.397 ; OK
3235 ; 6.470000 ; 3.03071 ; 34.495 ; OK
3236 ; 6.472000 ; 2.59699 ; 34.393 ; OK
3237 ; 6.474000 ; 2.68460 ; 34.409 ; OK
3238 ; 6.476000 ; 1.99288 ; 34.504 ; OK
3239 ; 6.478000 ; 1.38342 ; 34.469 ; OK
3240 ; 6.480000 ; 0.79339 ; 34.398 ; OK
3241 ; 6.482000 ; 0.12350 ; 34.469 ; OK
3242 ; 6.484000 ; 0.70158 ; 34.441 ; OK
3243 ; 6.486000 ; 0.64308 ; 34.511 ; OK
3244 ; 6.488000 ; 0.85159 ; 34.470 ; OK
3245 ; 6.490000 ; 0.91439 ; 34.447 ; OK
3246 ; 6.492000 ; 1.32934 ; 34.517 ; OK
3247 ; 6.494000 ; 1.10741 ; 34.531 ; OK
3248 ; 6.496000 ; 1.03363 ; 34.444 ; OK
3249 ; 6.498000 ; 0.73193 ; 34.488 ; OK
3250 ; 6.500000 ; -0.11049 ; 34.475 ; OK
3251 ; 6.502000 ; -0.84410 ; 34.573 ; OK
3252 ; 6.504000 ; -0.77298 ; 34.543 ; OK
3253 ; 6.506000 ; -1.05418 ; 34.479 ; OK
3254 ; 6.508000 ; -1.25465 ; 34.573 ; OK
3255 ; 6.510000 ; -0.97362 ; 34.463 ; OK
3256 ; 6.512000 ; -0.75666 ; 34.492 ; OK
3257 ; 6.514000 ; -0.91376 ; 34.421 ; OK
3258 ; 6.516000 ; -0.50231 ; 34.600 ; OK
3259 ; 6.518000 ; -0.26456 ; 34.601 ; OK
3260 ; 6.520000 ; -0.99050 ; 34.540 ; OK
3261 ; 6.522000 ; -1.26149 ; 34.561 ; OK
3262 ; 6.524000 ; -2.28992 ; 34.606 ; OK
3263 ; 6.526000 ; -2.47469 ; 34.558 ; OK
3264 ; 6.528000 ; -2.53234 ; 34.561 ; OK
3265 ; 6.530000 ; -2.88923 ; 34.562 ; OK
3266 ; 6.532000 ; -2.19355 ; 34.586 ; OK
3267 ; 6.534000 ; -2.14576 ; 34.545 ; OK
3268 ; 6.536000 ; -1.67706 ; 34.544 ; OK
3269 ; 6.538000 ; -1.45568 ; 34.684 ; OK
3270 ; 6.540000 ; -1.23548 ; 34.580 ; OK
3271 ; 6.542000 ; -1.47870 ; 34.516 ; OK
3272 ; 6.544000 ; -1.07599 ; 34.607 ; OK
3273 ; 6.546000 ; -1.46285 ; 34.601 ; OK
3274 ; 6.548000 ; -2.07080 ; 34.446 ; OK
3275 ; 6.550000 ; -2.78471 ; 34.600 ; OK
3276 ; 6.552000 ; -2.21090 ; 34.562 ; OK
3277 ; 6.554000 ; -2.38755 ; 34.571 ; OK
3278 ; 6.556000 ; -1.65033 ; 34.550 ; OK
3279 ; 6.558000 ; -0.63255 ; 34.619 ; OK
3280 ; 6.560000 ; -0.46459 ; 34.576 ; OK
3281 ; 6.562000 ; -0.14814 ; 34.582 ; OK
3282 ; 6.564000 ; 0.07135 ; 34.695 ; OK
3283 ; 6.566000 ; -0.06984 ; 34.717 ; OK
3284 ; 6.568000 ; 0.03328 ; 34.645 ; OK
3285 ; 6.570000 ; -0.05795 ; 34.641 ; OK
3286 ; 6.572000 ; -0.03019 ; 34.692 ; OK
3287 ; 6.574000 ; -0.62153 ; 34.571 ; OK
3288 ; 6.576000 ; -0.24322 ; 34.671 ; OK
3289 ; 6.578000 ; 0.19636 ; 34.613 ; OK
3290 ; 6.580000 ; 0.41486 ; 34.751 ; OK
3291 ; 6.582000 ; 0.34211 ; 34.647 ; OK
3292 ; 6.584000 ; 1.93484 ; 34.664 ; OK
3293 ; 6.586000 ; 2.09160 ; 34.713 ; OK
3294 ; 6.588000 ; 1.76435 ; 34.667 ; OK
3295 ; 6.590000 ; 2.19078 ; 34.626 ; OK
3296 ; 6.592000 ; 2.64321 ; 34.718 ; OK
3297 ; 6.594000 ; 1.36750 ; 34.662 ; OK
3298 ; 6.596000 ; 1.05463 ; 34.606 ; OK
3299 ; 6.598000 ; 1.34407 ; 34.757 ; OK
3300 ; 6.600000 ; 1.34760 ; 34.668 ; OK
3301 ; 6.602000 ; 0.96719 ; 34.682 ; OK
3302 ; 6.604000 ; 2.15491 ; 34.755 ; OK
3303 ; 6.606000 ; 2.33545 ; 34.682 ; OK
3304 ; 6.608000 ; 2.85253 ; 34.710 ; OK
3305 ; 6.610000 ; 3.15457 ; 34.720 ; OK
3306 ; 6.612000 ; 3.05915 ; 34.729 ; OK
3307 ; 6.614000 ; 2.19493 ; 34.704 ; OK
3308 ; 6.616000 ; 1.77165 ; 34.715 ; OK
3309 ; 6.618000 ; 1.40016 ; 34.781 ; OK
3310 ; 6.620000 ; 1.14982 ; 34.787 ; OK
3311 ; 6.622000 ; 0.83803 ; 34.841 ; OK
3312 ; 6.624000 ; 0.73952 ; 34.762 ; OK
3313 ; 6.626000 ; 1.32476 ; 34.727 ; OK
3314 ; 6.628000 ; 1.37676 ; 34.698 ; OK
3315 ; 6.630000 ; 1.59075 ; 34.723 ; OK
3316 ; 6.632000 ; 2.11909 ; 34.806 ; OK
3317 ; 6.634000 ; 1.44223 ; 34.787 ; OK
3318 ; 6.636000 ; 1.07708 ; 34.830 ; OK
3319 ; 6.638000 ; 0.83941 ; 34.846 ; OK
3320 ; 6.640000 ; -0.11543 ; 34.781 ; OK
3321 ; 6.642000 ; -0.56471 ; 34.763 ; OK
3322 ; 6.644000 ; -0.82524 ; 34.733 ; OK
3323 ; 6.646000 ; -1.50117 ; 34.848 ; OK
3324 ; 6.648000 ; -1.36754 ; 34.812 ; OK
3325 ; 6.650000 ; -1.14819 ; 34.822 ; OK
3326 ; 6.652000 ; -0.47885 ; 34.860 ; OK
3327 ; 6.654000 ; -0.61747 ; 34.730 ; OK
3328 ; 6.656000 ; -0.56698 ; 34.810 ; OK
3329 ; 6.658000 ; -0.74761 ; 34.772 ; OK
3330 ; 6.660000 ; -1.27081 ; 34.744 ; OK
3331 ; 6.662000 ; -0.76611 ; 34.770 ; OK
3332 ; 6.664000 ; -2.10832 ; 34.775 ; OK
3333 ; 6.666000 ; -2.47304 ; 34.713 ; OK
3334 ; 6.668000 ; -2.59336 ; 34.749 ; OK
3335 ; 6.670000 ; -2.63198 ; 34.911 ; OK
3336 ; 6.672000 ; -2.08483 ; 34.823 ; OK
3337 ; 6.674000 ; -1.90447 ; 34.803 ; OK
3338 ; 6.676000 ; -1.97472 ; 34.894 ; OK
3339 ; 6.678000 ; -0.98505 ; 34.797 ; OK
3340 ; 6.680000 ; -1.41198 ; 34.883 ; OK
3341 ; 6.682000 ; -1.40224 ; 34.762 ; OK
3342 ; 6.684000 ; -1.64032 ; 34.880 ; OK
3343 ; 6.686000 ; -1.88122 ; 34.921 ; OK
3344 ; 6.688000 ; -2.23529 ; 34.856 ; OK
3345 ; 6.690000 ; -2.57628 ; 34.813 ; OK
3346 ; 6.692000 ; -2.21436 ; 34.882 ; OK
3347 ; 6.694000 ; -2.24136 ; 34.865 ; OK
3348 ; 6.696000 ; -2.27832 ; 34.893 ; OK
3349 ; 6.698000 ; -1.15204 ; 34.904 ; OK
3350 ; 6.700000 ; -0.95662 ; 34.856 ; OK
3351 ; 6.702000 ; -0.61029 ; 34.923 ; OK
3352 ; 6.704000 ; -0.23914 ; 34.879 ; OK
3353 ; 6.706000 ; 0.15533 ; 34.918 ; OK
3354 ; 6.708000 ; 0.07175 ; 34.894 ; OK
3355 ; 6.710000 ; -0.57983 ; 34.939 ; OK
3356 ; 6.712000 ; -1.04458 ; 34.973 ; OK
3357 ; 6.714000 ; -1.15793 ; 34.969 ; OK
3358 ; 6.716000 ; -0.56276 ; 34.950 ; OK
3359 ; 6.718000 ; 0.10769 ; 34.920 ; OK
3360 ; 6.720000 ; 0.17892 ; 34.908 ; OK
3361 ; 6.722000 ; 0.96124 ; 34.934 ; OK
3362 ; 6.724000 ; 1.61735 ; 34.965 ; OK
3363 ; 6.726000 ; 1.70073 ; 34.910 ; OK
3364 ; 6.728000 ; 2.10585 ; 34.942 ; OK
3365 ; 6.730000 ; 1.62659 ; 34.911 ; OK
3366 ; 6.732000 ; 1.40195 ; 34.959 ; OK
3367 ; 6.734000 ; 1.26021 ; 34.956 ; OK
3368 ; 6.736000 ; 1.04202 ; 34.953 ; OK
3369 ; 6.738000 ; 1.01251 ; 34.934 ; OK
3370 ; 6.740000 ; 1.07379 ; 35.002 ; OK
3371 ; 6.742000 ; 1.24768 ; 34.961 ; OK
3372 ; 6.744000 ; 1.87488 ; 35.022 ; OK
3373 ; 6.746000 ; 2.18666 ; 34.998 ; OK
3374 ; 6.748000 ; 2.57377 ; 35.017 ; OK
3375 ; 6.750000 ; 2.76228 ; 35.109 ; OK
3376 ; 6.752000 ; 2.79465 ; 34.999 ; OK
3377 ; 6.754000 ; 1.94974 ; 35.047 ; OK
3378 ; 6.756000 ; 1.86438 ; 35.007 ; OK
3379 ; 6.758000 ; 1.04593 ; 35.023 ; OK
3380 ; 6.760000 ; 1.21506 ; 35.102 ; OK
3381 ; 6.762000 ; 0.80632 ; 35.045 ; OK
3382 ; 6.764000 ; 1.19355 ; 35.019 ; OK
3383 ; 6.766000 ; 1.54705 ; 34.997 ; OK
3384 ; 6.768000 ; 2.13400 ; 35.062 ; OK
3385 ; 6.770000 ; 1.94069 ; 35.071 ; OK
3386 ; 6.772000 ; 1.74671 ; 35.079 ; OK
3387 ; 6.774000 ; 1.79182 ; 35.051 ; OK
3388 ; 6.776000 ; 1.82442 ; 35.029 ; OK
3389 ; 6.778000 ; 1.46470 ; 34.969 ; OK
3390 ; 6.780000 ; 0.28251 ; 35.039 ; OK
3391 ; 6.782000 ; -0.25333 ; 35.101 ; OK
3392 ; 6.784000 ; -0.98136 ; 35.099 ; OK
3393 ; 6.786000 ; -1.04827 ; 35.060 ; OK
3394 ; 6.788000 ; -0.93932 ; 35.116 ; OK
3395 ; 6.790000 ; -0.40645 ; 35.110 ; OK
3396 ; 6.792000 ; 0.18269 ; 35.089 ; OK
3397 ; 6.794000 ; 0.09468 ; 35.002 ; OK
3398 ; 6.796000 ; 0.05944 ; 35.166 ; OK
3399 ; 6.798000 ; -0.24828 ; 35.166 ; OK
3400 ; 6.800000 ; -0.38215 ; 35.073 ; OK
3401 ; 6.802000 ; -1.62891 ; 35.162 ; OK
3402 ; 6.804000 ; -1.57832 ; 35.137 ; OK
3403 ; 6.806000 ; -2.42298 ; 35.105 ; OK
3404 ; 6.808000 ; -2.68494 ; 35.125 ; OK
3405 ; 6.810000 ; -1.82871 ; 35.072 ; OK
3406 ; 6.812000 ; -2.73289 ; 35.134 ; OK
3407 ; 6.814000 ; -1.60626 ; 35.162 ; OK
3408 ; 6.816000 ; -1.43933 ; 35.107 ; OK
3409 ; 6.818000 ; -1.42927 ; 35.109 ; OK
3410 ; 6.820000 ; -0.94697 ; 35.148 ; OK
3411 ; 6.822000 ; -1.25152 ; 35.154 ; OK
3412 ; 6.824000 ; -1.32497 ; 35.134 ; OK
3413 ; 6.826000 ; -2.63479 ; 35.099 ; OK
3414 ; 6.828000 ; -2.16568 ; 35.187 ; OK
3415 ; 6.830000 ; -2.14594 ; 35.165 ; OK
3416 ; 6.832000 ; -2.49429 ; 35.166 ; OK
3417 ; 6.834000 ; -2.44524 ; 35.106 ; OK
3418 ; 6.836000 ; -1.74745 ; 35.189 ; OK
3419 ; 6.838000 ; -1.11725 ; 35.163 ; OK
3420 ; 6.840000 ; -0.74007 ; 35.179 ; OK
3421 ; 6.842000 ; -0.67391 ; 35.223 ; OK
3422 ; 6.844000 ; -0.02534 ; 35.168 ; OK
3423 ; 6.846000 ; -0.69523 ; 35.189 ; OK
3424 ; 6.848000 ; -0.44043 ; 35.099 ; OK
3425 ; 6.850000 ; -0.76555 ; 35.247 ; OK
3426 ; 6.852000 ; -0.97915 ; 35.168 ; OK
3427 ; 6.854000 ; -1.30076 ; 35.189 ; OK
3428 ; 6.856000 ; -1.07139 ; 35.267 ; OK
3429 ; 6.858000 ; -0.17869 ; 35.130 ; OK
3430 ; 6.860000 ; 0.40810 ; 35.202 ; OK
3431 ; 6.862000 ; 0.55767 ; 35.294 ; OK
3432 ; 6.864000 ; 1.31663 ; 35.260 ; OK
3433 ; 6.866000 ; 1.38964 ; 35.252 ; OK
3434 ; 6.868000 ; 1.95429 ; 35.192 ; OK
3435 ; 6.870000 ; 1.13393 ; 35.304 ; OK
3436 ; 6.872000 ; 1.26753 ; 35.317 ; OK
3437 ; 6.874000 ; 0.82521 ; 35.252 ; OK
3438 ; 6.876000 ; 0.93859 ; 35.362 ; OK
3439 ; 6.878000 ; 1.02481 ; 35.224 ; OK
3440 ; 6.880000 ; 0.94991 ; 35.237 ; OK
3441 ; 6.882000 ; 1.84855 ; 35.179 ; OK
3442 ; 6.884000 ; 1.90959 ; 35.308 ; OK
3443 ; 6.886000 ; 2.10496 ; 35.298 ; OK
3444 ; 6.888000 ; 2.56119 ; 35.336 ; OK
3445 ; 6.890000 ; 2.87933 ; 35.327 ; OK
3446 ; 6.892000 ; 2.36915 ; 35.392 ; OK
3447 ; 6.894000 ; 2.56617 ; 35.268 ; OK
3448 ; 6.896000 ; 1.82767 ; 35.344 ; OK
3449 ; 6.898000 ; 1.16940 ; 35.286 ; OK
3450 ; 6.900000 ; 1.01426 ; 35.373 ; OK
3451 ; 6.902000 ; 1.20955 ; 35.298 ; OK
3452 ; 6.904000 ; 1.16200 ; 35.298 ; OK
3453 ; 6.906000 ; 1.30529 ; 35.372 ; OK
3454 ; 6.908000 ; 1.64037 ; 35.229 ; OK
3455 ; 6.910000 ; 2.02753 ; 35.321 ; OK
3456 ; 6.912000 ; 2.23484 ; 35.278 ; OK
3457 ; 6.914000 ; 1.68935 ; 35.324 ; OK
3458 ; 6.916000 ; 1.21762 ; 35.309 ; OK
3459 ; 6.918000 ; 1.38043 ; 35.392 ; OK
3460 ; 6.920000 ; 0.03971 ; 35.244 ; OK
3461 ; 6.922000 ; 0.24747 ; 35.354 ; OK
3462 ; 6.924000 ; -0.07634 ; 35.280 ; OK
3463 ; 6.926000 ; -0.56168 ; 35.342 ; OK
3464 ; 6.928000 ; -0.24472 ; 35.346 ; OK
3465 ; 6.930000 ; -0.32308 ; 35.360 ; OK
3466 ; 6.932000 ; 0.28340 ; 35.366 ; OK
3467 ; 6.934000 ; 0.19787 ; 35.334 ; OK
3468 ; 6.936000 ; 0.21981 ; 35.388 ; OK
3469 ; 6.938000 ; 0.10670 ; 35.375 ; OK
3470 ; 6.940000 ; -0.66073 ; 35.339 ; OK
3471 ; 6.942000 ; -1.30972 ; 35.500 ; OK
3472 ; 6.944000 ; -1.75480 ; 35.397 ; OK
3473 ; 6.946000 ; -2.74279 ; 35.370 ; OK
3474 ; 6.948000 ; -2.07805 ; 35.383 ; OK
3475 ; 6.950000 ; -2.39869 ; 35.541 ; OK
3476 ; 6.952000 ; -1.82953 ; 35.390 ; OK
3477 ; 6.954000 ; -1.86999 ; 35.380 ; OK
3478 ; 6.956000 ; -1.26722 ; 35.404 ; OK
3479 ; 6.958000 ; -1.01647 ; 35.469 ; OK
3480 ; 6.960000 ; -1.56558 ; 35.404 ; OK
3481 ; 6.962000 ; -1.33850 ; 35.478 ; OK
3482 ; 6.964000 ; -1.98302 ; 35.455 ; OK
3483 ; 6.966000 ; -2.15430 ; 35.479 ; OK
3484 ; 6.968000 ; -2.51204 ; 35.454 ; OK
3485 ; 6.970000 ; -3.21267 ; 35.504 ; OK
3486 ; 6.972000 ; -2.52716 ; 35.458 ; OK
3487 ; 6.974000 ; -2.67418 ; 35.517 ; OK
3488 ; 6.976000 ; -1.69324 ; 35.430 ; OK
3489 ; 6.978000 ; -1.28110 ; 35.401 ; OK
3490 ; 6.980000 ; -1.03792 ; 35.460 ; OK
3491 ; 6.982000 ; -0.58798 ; 35.441 ; OK
3492 ; 6.984000 ; -0.53135 ; 35.501 ; OK
3493 ; 6.986000 ; -0.68474 ; 35.501 ; OK
3494 ; 6.988000 ; -0.71772 ; 35.454 ; OK
3495 ; 6.990000 ; -0.83691 ; 35.482 ; OK
3496 ; 6.992000 ; -1.46735 ; 35.446 ; OK
3497 ; 6.994000 ; -1.36212 ; 35.497 ; OK
3498 ; 6.996000 ; -1.14928 ; 35.511 ; OK
3499 ; 6.998000 ; -0.24804 ; 35.437 ; OK
3500 ; 7.000000 ; -0.02996 ; 35.524 ; OK
3501 ; 7.002000 ; 0.40044 ; 35.541 ; OK
3502 ; 7.004000 ; 1.11729 ; 35.476 ; OK
3503 ; 7.006000 ; 1.70813 ; 35.390 ; OK
3504 ; 7.008000 ; 1.34627 ; 35.444 ; OK
3505 ; 7.010000 ; 1.45564 ; 35.555 ; OK
3506 ; 7.012000 ; 0.63374 ; 35.599 ; OK
3507 ; 7.014000 ; 0.42168 ; 35.461 ; OK
3508 ; 7.016000 ; 0.85057 ; 35.527 ; OK
3509 ; 7.018000 ; 1.10175 ; 35.512 ; OK
3510 ; 7.020000 ; 0.55230 ; 35.567 ; OK
3511 ; 7.022000 ; 1.58280 ; 35.536 ; OK
3512 ; 7.024000 ; 1.84310 ; 35.517 ; OK
3513 ; 7.026000 ; 2.36389 ; 35.566 ; OK
3514 ; 7.028000 ; 2.57568 ; 35.532 ; OK
3515 ; 7.030000 ; 2.58078 ; 35.561 ; OK
3516 ; 7.032000 ; 2.66375 ; 35.624 ; OK
3517 ; 7.034000 ; 2.22773 ; 35.540 ; OK
3518 ; 7.036000 ; 1.60471 ; 35.574 ; OK
3519 ; 7.038000 ; 1.47057 ; 35.572 ; OK
3520 ; 7.040000 ; 1.27403 ; 35.480 ; OK
3521 ; 7.042000 ; 1.32709 ; 35.651 ; OK
3522 ; 7.044000 ; 1.36041 ; 35.512 ; OK
3523 ; 7.046000 ; 1.93846 ; 35.500 ; OK
3524 ; 7.048000 ; 1.95170 ; 35.630 ; OK
3525 ; 7.050000 ; 2.23723 ; 35.602 ; OK
3526 ; 7.052000 ; 2.50611 ; 35.617 ; OK
3527 ; 7.054000 ; 1.96687 ; 35.579 ; OK
3528 ; 7.056000 ; 1.77710 ; 35.596 ; OK
3529 ; 7.058000 ; 0.98031 ; 35.587 ; OK
3530 ; 7.060000 ; 0.53758 ; 35.661 ; OK
3531 ; 7.062000 ; 0.22469 ; 35.686 ; OK
3532 ; 7.064000 ; 0.13976 ; 35.673 ; OK
3533 ; 7.066000 ; -0.67017 ; 35.684 ; OK
3534 ; 7.068000 ; -0.04379 ; 35.658 ; OK
3535 ; 7.070000 ; -0.14104 ; 35.630 ; OK
3536 ; 7.072000 ; 0.76439 ; 35.607 ; OK
3537 ; 7.074000 ; 0.33863 ; 35.637 ; OK
3538 ; 7.076000 ; 0.52192 ; 35.621 ; OK
3539 ; 7.078000 ; 0.10752 ; 35.702 ; OK
3540 ; 7.080000 ; -0.40556 ; 35.741 ; OK
3541 ; 7.082000 ; -1.38456 ; 35.688 ; OK
3542 ; 7.084000 ; -1.85357 ; 35.637 ; OK
3543 ; 7.086000 ; -1.87894 ; 35.649 ; OK
3544 ; 7.088000 ; -1.98282 ; 35.827 ; OK
3545 ; 7.090000 ; -1.99028 ; 35.727 ; OK
3546 ; 7.092000 ; -1.99710 ; 35.763 ; OK
3547 ; 7.094000 ; -1.61872 ; 35.690 ; OK
3548 ; 7.096000 ; -1.09775 ; 35.687 ; OK
3549 ; 7.098000 ; -1.42911 ; 35.680 ; OK
3550 ; 7.100000 ; -1.39715 ; 35.854 ; OK
3551 ; 7.102000 ; -1.37244 ; 35.702 ; OK
3552 ; 7.104000 ; -2.04550 ; 35.778 ; OK
3553 ; 7.106000 ; -1.75650 ; 35.609 ; OK
3554 ; 7.108000 ; -2.91997 ; 35.695 ; OK
3555 ; 7.110000 ; -2.39175 ; 35.716 ; OK
3556 ; 7.112000 ; -2.24591 ; 35.750 ; OK
3557 ; 7.114000 ; -2.37244 ; 35.743 ; OK
3558 ; 7.116000 ; -2.01074 ; 35.705 ; OK
3559 ; 7.118000 ; -1.49372 ; 35.739 ; OK
3560 ; 7.120000 ; -1.35264 ; 35.741 ; OK
3561 ; 7.122000 ; -0.92279 ; 35.691 ; OK
3562 ; 7.124000 ; -0.66230 ; 35.789 ; OK
3563 ; 7.126000 ; -1.16454 ; 35.786 ; OK
3564 ; 7.128000 ; -0.91786 ; 35.711 ; OK
3565 ; 7.130000 ; -1.38114 ; 35.766 ; OK
3566 ; 7.132000 ; -1.76461 ; 35.749 ; OK
3567 ; 7.134000 ; -1.60987 ; 35.702 ; OK
3568 ; 7.136000 ; -1.85158 ; 35.772 ; OK
3569 ; 7.138000 ; -1.01584 ; 35.756 ; OK
3570 ; 7.140000 ; 0.13278 ; 35.834 ; OK
3571 ; 7.142000 ; 0.17491 ; 35.799 ; OK
3572 ; 7.144000 ; 0.82503 ; 35.818 ; OK
3573 ; 7.146000 ; 0.99058 ; 35.792 ; OK
3574 ; 7.148000 ; 0.92413 ; 35.675 ; OK
3575 ; 7.150000 ; 1.31859 ; 35.782 ; OK
3576 ; 7.152000 ; 0.33235 ; 35.847 ; OK
3577 ; 7.154000 ; 0.33771 ; 35.789 ; OK
3578 ; 7.156000 ; 0.13004 ; 35.812 ; OK
3579 ; 7.158000 ; 0.21347 ; 35.761 ; OK
3580 ; 7.160000 ; 0.76079 ; 35.788 ; OK
3581 ; 7.162000 ; 1.33766 ; 35.836 ; OK
3582 ; 7.164000 ; 1.67982 ; 35.818 ; OK
3583 ; 7.166000 ; 2.16702 ; 35.889 ; OK
3584 ; 7.168000 ; 2.69234 ; 35.804 ; OK
3585 ; 7.170000 ; 2.61320 ; 35.858 ; OK
3586 ; 7.172000 ; 2.16164 ; 35.950 ; OK
3587 ; 7.174000 ; 2.29410 ; 35.821 ; OK
3588 ; 7.176000 ; 1.76975 ; 35.796 ; OK
3589 ; 7.178000 ; 1.11875 ; 35.945 ; OK
3590 ; 7.180000 ; 1.32175 ; 35.845 ; OK
3591 ; 7.182000 ; 1.13855 ; 35.818 ; OK
3592 ; 7.184000 ; 1.87355 ; 35.899 ; OK
3593 ; 7.186000 ; 1.98135 ; 35.886 ; OK
3594 ; 7.188000 ; 2.35583 ; 35.813 ; OK
3595 ; 7.190000 ; 1.94234 ; 35.938 ; OK
3596 ; 7.192000 ; 2.65724 ; 35.921 ; OK
3597 ; 7.194000 ; 2.54721 ; 35.869 ; OK
3598 ; 7.196000 ; 1.97471 ; 35.816 ; OK
3599 ; 7.198000 ; 1.11815 ; 35.829 ; OK
3600 ; 7.200000 ; 0.90426 ; 35.937 ; OK
3601 ; 7.202000 ; 0.37068 ; 35.863 ; OK
3602 ; 7.204000 ; 0.36248 ; 35.888 ; OK
3603 ; 7.206000 ; -0.12049 ; 35.852 ; OK
3604 ; 7.208000 ; 0.57202 ; 35.947 ; OK
3605 ; 7.210000 ; 0.54824 ; 35.966 ; OK
3606 ; 7.212000 ; 0.86657 ; 35.894 ; OK
3607 ; 7.214000 ; 0.58186 ; 35.892 ; OK
3608 ; 7.216000 ; 0.78333 ; 36.047 ; OK
3609 ; 7.218000 ; 0.27191 ; 36.030 ; OK
3610 ; 7.220000 ; -0.23459 ; 36.014 ; OK
3611 ; 7.222000 ; -0.61672 ; 35.911 ; OK
3612 ; 7.224000 ; -1.67558 ; 35.992 ; OK
3613 ; 7.226000 ; -1.75058 ; 35.836 ; OK
3614 ; 7.228000 ; -2.16040 ; 35.958 ; OK
3615 ; 7.230000 ; -1.52016 ; 35.985 ; OK
3616 ; 7.232000 ; -1.51180 ; 35.987 ; OK
3617 ; 7.234000 ; -1.05922 ; 35.968 ; OK
3618 ; 7.236000 ; -0.88133 ; 36.054 ; OK
3619 ; 7.238000 ; -0.88331 ; 35.985 ; OK
3620 ; 7.240000 ; -0.82861 ; 35.992 ; OK
3621 ; 7.242000 ; -1.32954 ; 35.948 ; OK
3622 ; 7.244000 ; -2.26929 ; 35.957 ; OK
3623 ; 7.246000 ; -2.21852 ; 36.019 ; OK
3624 ; 7.248000 ; -2.38746 ; 36.048 ; OK
3625 ; 7.250000 ; -2.81600 ; 35.993 ; OK
3626 ; 7.252000 ; -2.66615 ; 35.917 ; OK
3627 ; 7.254000 ; -2.31686 ; 36.008 ; OK
3628 ; 7.256000 ; -2.25229 ; 35.984 ; OK
3629 ; 7.258000 ; -1.74639 ; 36.004 ; OK
3630 ; 7.260000 ; -1.02841 ; 36.063 ; OK
3631 ; 7.262000 ; -1.04673 ; 36.027 ; OK
3632 ; 7.264000 ; -0.52815 ; 36.072 ; OK
3633 ; 7.266000 ; -1.76511 ; 36.005 ; OK
3634 ; 7.268000 ; -1.79648 ; 36.030 ; OK
3635 ; 7.270000 ; -1.49773 ; 35.958 ; OK
3636 ; 7.272000 ; -1.53538 ; 36.077 ; OK
3637 ; 7.274000 ; -1.89630 ; 36.025 ; OK
3638 ; 7.276000 ; -1.41364 ; 36.040 ; OK
3639 ; 7.278000 ; -0.87393 ; 36.105 ; OK
3640 ; 7.280000 ; -0.62152 ; 36.040 ; OK
3641 ; 7.282000 ; 0.65707 ; 36.042 ; OK
3642 ; 7.284000 ; 0.99077 ; 36.059 ; OK
3643 ; 7.286000 ; 1.11622 ; 36.023 ; OK
3644 ; 7.288000 ; 0.64059 ; 36.084 ; OK
3645 ; 7.290000 ; 0.41796 ; 36.055 ; OK
3646 ; 7.292000 ; -0.21879 ; 36.127 ; OK
3647 ; 7.294000 ; 0.26185 ; 36.078 ; OK
3648 ; 7.296000 ; -0.40084 ; 36.010 ; OK
3649 ; 7.298000 ; 0.15205 ; 35.988 ; OK
3650 ; 7.300000 ; 0.14657 ; 36.122 ; OK
3651 ; 7.302000 ; 0.93944 ; 36.055 ; OK
3652 ; 7.304000 ; 1.68731 ; 36.144 ; OK
3653 ; 7.306000 ; 2.26191 ; 36.151 ; OK
3654 ; 7.308000 ; 2.42042 ; 36.154 ; OK
3655 ; 7.310000 ; 2.28787 ; 36.216 ; OK
3656 ; 7.312000 ; 1.55824 ; 36.137 ; OK
3657 ; 7.314000 ; 1.89889 ; 36.107 ; OK
3658 ; 7.316000 ; 1.17589 ; 36.111 ; OK
3659 ; 7.318000 ; 1.66998 ; 36.114 ; OK
3660 ; 7.320000 ; 1.54449 ; 36.105 ; OK
3661 ; 7.322000 ; 1.59515 ; 36.110 ; OK
3662 ; 7.324000 ; 1.60839 ; 36.199 ; OK
3663 ; 7.326000 ; 2.32048 ; 36.090 ; OK
3664 ; 7.328000 ; 2.09552 ; 36.099 ; OK
3665 ; 7.330000 ; 2.06497 ; 36.246 ; OK
3666 ; 7.332000 ; 2.24169 ; 36.096 ; OK
3667 ; 7.334000 ; 2.49214 ; 36.152 ; OK
3668 ; 7.336000 ; 2.03003 ; 36.193 ; OK
3669 ; 7.338000 ; 1.42448 ; 36.097 ; OK
3670 ; 7.340000 ; 1.02996 ; 36.243 ; OK
3671 ; 7.342000 ; -999.0 ; 36.160 ; ERR
3672 ; 7.344000 ; 0.44418 ; 36.154 ; OK
3673 ; 7.346000 ; 0.22607 ; 36.243 ; OK
3674 ; 7.348000 ; 1.09880 ; 36.169 ; OK
3675 ; 7.350000 ; 0.96004 ; 36.140 ; OK
3676 ; 7.352000 ; 0.88556 ; 36.220 ; OK
3677 ; 7.354000 ; 1.34485 ; 36.171 ; OK
3678 ; 7.356000 ; 0.89590 ; 36.235 ; OK
3679 ; 7.358000 ; 0.63577 ; 36.277 ; OK
3680 ; 7.360000 ; 0.19123 ; 36.190 ; OK
3681 ; 7.362000 ; -0.78926 ; 36.298 ; OK
3682 ; 7.364000 ; -1.18419 ; 36.240 ; OK
3683 ; 7.366000 ; -1.64404 ; 36.229 ; OK
3684 ; 7.368000 ; -1.70488 ; 36.266 ; OK
3685 ; 7.370000 ; -1.63235 ; 36.188 ; OK
3686 ; 7.372000 ; -1.69207 ; 36.233 ; OK
3687 ; 7.374000 ; -1.19431 ; 36.266 ; OK
3688 ; 7.376000 ; -1.03215 ; 36.214 ; OK
3689 ; 7.378000 ; -0.58913 ; 36.114 ; OK
3690 ; 7.380000 ; -0.94807 ; 36.274 ; OK
3691 ; 7.382000 ; -0.89018 ; 36.193 ; OK
3692 ; 7.384000 ; -2.06987 ; 36.309 ; OK
3693 ; 7.386000 ; -2.17483 ; 36.201 ; OK
3694 ; 7.388000 ; -2.19283 ; 36.239 ; OK
3695 ; 7.390000 ; -3.07870 ; 36.356 ; OK
3696 ; 7.392000 ; -2.62720 ; 36.241 ; OK
3697 ; 7.394000 ; -1.93618 ; 36.228 ; OK
3698 ; 7.396000 ; -1.82464 ; 36.324 ; OK
3699 ; 7.398000 ; -1.48045 ; 36.261 ; OK
3700 ; 7.400000 ; -1.75756 ; 36.281 ; OK
3701 ; 7.402000 ; -1.41186 ; 36.392 ; OK
3702 ; 7.404000 ; -1.18737 ; 36.238 ; OK
3703 ; 7.406000 ; -1.30987 ; 36.336 ; OK
3704 ; 7.408000 ; -1.76353 ; 36.437 ; OK
3705 ; 7.410000 ; -2.65634 ; 36.315 ; OK
3706 ; 7.412000 ; -2.40999 ; 36.338 ; OK
3707 ; 7.414000 ; -1.86281 ; 36.334 ; OK
3708 ; 7.416000 ; -1.28536 ; 36.350 ; OK
3709 ; 7.418000 ; -0.98162 ; 36.283 ; OK
3710 ; 7.420000 ; -0.11846 ; 36.289 ; OK
3711 ; 7.422000 ; 0.08176 ; 36.346 ; OK
3712 ; 7.424000 ; 0.47863 ; 36.397 ; OK
3713 ; 7.426000 ; 0.38973 ; 36.353 ; OK
3714 ; 7.428000 ; 0.57048 ; 36.345 ; OK
3715 ; 7.430000 ; -0.31819 ; 36.377 ; OK
3716 ; 7.432000 ; -0.21195 ; 36.397 ; OK
3717 ; 7.434000 ; -0.33825 ; 36.399 ; OK
3718 ; 7.436000 ; 0.07331 ; 36.402 ; OK
3719 ; 7.438000 ; 0.31722 ; 36.362 ; OK
3720 ; 7.440000 ; 0.70688 ; 36.345 ; OK
3721 ; 7.442000 ; 0.70337 ; 36.384 ; OK
3722 ; 7.444000 ; 1.33856 ; 36.347 ; OK
3723 ; 7.446000 ; 2.18119 ; 36.286 ; OK
3724 ; 7.448000 ; 1.97806 ; 36.398 ; OK
3725 ; 7.450000 ; 2.12167 ; 36.412 ; OK
3726 ; 7.452000 ; 2.27137 ; 36.427 ; OK
3727 ; 7.454000 ; 1.80549 ; 36.435 ; OK
3728 ; 7.456000 ; 0.90188 ; 36.379 ; OK
3729 ; 7.458000 ; 0.83202 ; 36.437 ; OK
3730 ; 7.460000 ; 1.10148 ; 36.363 ; OK
3731 ; 7.462000 ; 1.47806 ; 36.415 ; OK
3732 ; 7.464000 ; 1.50985 ; 36.431 ; OK
3733 ; 7.466000 ; 2.52136 ; 36.400 ; OK
3734 ; 7.468000 ; 2.32160 ; 36.373 ; OK
3735 ; 7.470000 ; 3.02639 ; 36.442 ; OK
3736 ; 7.472000 ; 2.97381 ; 36.427 ; OK
3737 ; 7.474000 ; 2.67489 ; 36.470 ; OK
3738 ; 7.476000 ; 1.81119 ; 36.502 ; OK
3739 ; 7.478000 ; 1.19259 ; 36.481 ; OK
3740 ; 7.480000 ; 0.90001 ; 36.416 ; OK
3741 ; 7.482000 ; 1.04429 ; 36.370 ; OK
3742 ; 7.484000 ; 0.69693 ; 36.435 ; OK
3743 ; 7.486000 ; 0.48039 ; 36.419 ; OK
3744 ; 7.488000 ; 0.92323 ; 36.458 ; OK
3745 ; 7.490000 ; 1.53724 ; 36.502 ; OK
3746 ; 7.492000 ; 0.95232 ; 36.625 ; OK
3747 ; 7.494000 ; 1.67016 ; 36.386 ; OK
3748 ; 7.496000 ; 1.15403 ; 36.436 ; OK
3749 ; 7.498000 ; 0.51411 ; 36.563 ; OK
3750 ; 7.500000 ; -0.31069 ; 36.450 ; OK
3751 ; 7.502000 ; -0.15619 ; 36.519 ; OK
3752 ; 7.504000 ; -1.14267 ; 36.477 ; OK
3753 ; 7.506000 ; -1.02625 ; 36.532 ; OK
3754 ; 7.508000 ; -1.68078 ; 36.529 ; OK
3755 ; 7.510000 ; -1.00306 ; 36.495 ; OK
3756 ; 7.512000 ; -0.87203 ; 36.523 ; OK
3757 ; 7.514000 ; -0.91476 ; 36.593 ; OK
3758 ; 7.516000 ; -0.32468 ; 36.552 ; OK
3759 ; 7.518000 ; -0.64669 ; 36.610 ; OK
3760 ; 7.520000 ; -1.25167 ; 36.652 ; OK
3761 ; 7.522000 ; -1.10980 ; 36.497 ; OK
3762 ; 7.524000 ; -1.88525 ; 36.542 ; OK
3763 ; 7.526000 ; -2.38559 ; 36.575 ; OK
3764 ; 7.528000 ; -2.79209 ; 36.492 ; OK
3765 ; 7.530000 ; -2.59847 ; 36.463 ; OK
3766 ; 7.532000 ; -2.55254 ; 36.602 ; OK
3767 ; 7.534000 ; -2.40774 ; 36.656 ; OK
3768 ; 7.536000 ; -1.30075 ; 36.666 ; OK
3769 ; 7.538000 ; -1.48088 ; 36.560 ; OK
3770 ; 7.540000 ; -1.10524 ; 36.517 ; OK
3771 ; 7.542000 ; -1.04295 ; 36.574 ; OK
3772 ; 7.544000 ; -1.38617 ; 36.631 ; OK
3773 ; 7.546000 ; -1.48389 ; 36.668 ; OK
3774 ; 7.548000 ; -1.88748 ; 36.565 ; OK
3775 ; 7.550000 ; -2.36282 ; 36.591 ; OK
3776 ; 7.552000 ; -2.36774 ; 36.562 ; OK
3777 ; 7.554000 ; -2.10051 ; 36.564 ; OK
3778 ; 7.556000 ; -1.28257 ; 36.600 ; OK
3779 ; 7.558000 ; -1.61038 ; 36.518 ; OK
3780 ; 7.560000 ; -0.59585 ; 36.664 ; OK
3781 ; 7.562000 ; -0.10245 ; 36.601 ; OK
3782 ; 7.564000 ; 0.24963 ; 36.581 ; OK
3783 ; 7.566000 ; -0.00879 ; 36.549 ; OK
3784 ; 7.568000 ; 0.54380 ; 36.631 ; OK
3785 ; 7.570000 ; 0.23491 ; 36.682 ; OK
3786 ; 7.572000 ; -0.69222 ; 36.645 ; OK
3787 ; 7.574000 ; -0.35630 ; 36.603 ; OK
3788 ; 7.576000 ; -0.76668 ; 36.722 ; OK
3789 ; 7.578000 ; 0.17016 ; 36.613 ; OK
3790 ; 7.580000 ; 0.33090 ; 36.728 ; OK
3791 ; 7.582000 ; 1.23779 ; 36.671 ; OK
3792 ; 7.584000 ; 1.82467 ; 36.732 ; OK
3793 ; 7.586000 ; 1.86759 ; 36.600 ; OK
3794 ; 7.588000 ; 1.77577 ; 36.696 ; OK
3795 ; 7.590000 ; 1.83268 ; 36.704 ; OK
3796 ; 7.592000 ; 1.76741 ; 36.808 ; OK
3797 ; 7.594000 ; 1.36043 ; 36.718 ; OK
3798 ; 7.596000 ; 1.24296 ; 36.707 ; OK
3799 ; 7.598000 ; 1.26735 ; 36.610 ; OK
3800 ; 7.600000 ; 0.86212 ; 36.638 ; OK
3801 ; 7.602000 ; 1.52288 ; 36.624 ; OK
3802 ; 7.604000 ; 2.19594 ; 36.741 ; OK
3803 ; 7.606000 ; 2.23382 ; 36.732 ; OK
3804 ; 7.608000 ; 2.44590 ; 36.793 ; OK
3805 ; 7.610000 ; 3.10700 ; 36.684 ; OK
3806 ; 7.612000 ; 2.59220 ; 36.695 ; OK
3807 ; 7.614000 ; 2.06666 ; 36.783 ; OK
3808 ; 7.616000 ; 1.95765 ; 36.757 ; OK
3809 ; 7.618000 ; -999.0 ; 36.842 ; ERR
3810 ; 7.620000 ; 0.89311 ; 36.743 ; OK
3811 ; 7.622000 ; 0.70016 ; 36.770 ; OK
3812 ; 7.624000 ; 0.84518 ; 36.737 ; OK
3813 ; 7.626000 ; 0.77914 ; 36.726 ; OK
3814 ; 7.628000 ; 1.51240 ; 36.760 ; OK
3815 ; 7.630000 ; 1.29471 ; 36.836 ; OK
3816 ; 7.632000 ; 1.88998 ; 36.882 ; OK
3817 ; 7.634000 ; 1.54893 ; 36.826 ; OK
3818 ; 7.636000 ; 1.20723 ; 36.722 ; OK
3819 ; 7.638000 ; 0.54776 ; 36.765 ; OK
3820 ; 7.640000 ; 0.16896 ; 36.810 ; OK
3821 ; 7.642000 ; -0.48078 ; 36.679 ; OK
3822 ; 7.644000 ; -0.91803 ; 36.816 ; OK
3823 ; 7.646000 ; -0.86802 ; 36.786 ; OK
3824 ; 7.648000 ; -1.09046 ; 36.780 ; OK
3825 ; 7.650000 ; -0.81068 ; 36.719 ; OK
3826 ; 7.652000 ; -0.68555 ; 36.736 ; OK
3827 ; 7.654000 ; -0.48437 ; 36.751 ; OK
3828 ; 7.656000 ; -0.65676 ; 36.801 ; OK
3829 ; 7.658000 ; -0.81913 ; 36.710 ; OK
3830 ; 7.660000 ; -0.68903 ; 36.762 ; OK
3831 ; 7.662000 ; -1.26383 ; 36.766 ; OK
3832 ; 7.664000 ; -1.42805 ; 36.882 ; OK
3833 ; 7.666000 ; -2.42545 ; 36.847 ; OK
3834 ; 7.668000 ; -2.56067 ; 36.786 ; OK
3835 ; 7.670000 ; -2.64852 ; 36.759 ; OK
3836 ; 7.672000 ; -2.48198 ; 36.925 ; OK
3837 ; 7.674000 ; -1.85794 ; 36.885 ; OK
3838 ; 7.676000 ; -1.56876 ; 36.829 ; OK
3839 ; 7.678000 ; -1.39635 ; 36.853 ; OK
3840 ; 7.680000 ; -1.19952 ; 36.892 ; OK
3841 ; 7.682000 ; -1.58985 ; 36.915 ; OK
3842 ; 7.684000 ; -1.05550 ; 36.862 ; OK
3843 ; 7.686000 ; -1.73295 ; 36.862 ; OK
3844 ; 7.688000 ; -2.30312 ; 36.844 ; OK
3845 ; 7.690000 ; -2.47520 ; 36.874 ; OK
3846 ; 7.692000 ; -2.37696 ; 36.878 ; OK
3847 ; 7.694000 ; -2.51639 ; 36.863 ; OK
3848 ; 7.696000 ; -1.71421 ; 36.928 ; OK
3849 ; 7.698000 ; -1.34564 ; 36.853 ; OK
3850 ; 7.700000 ; -0.85927 ; 36.895 ; OK
3851 ; 7.702000 ; 0.13442 ; 36.893 ; OK
3852 ; 7.704000 ; 0.10367 ; 36.875 ; OK
3853 ; 7.706000 ; 0.17710 ; 36.933 ; OK
3854 ; 7.708000 ; -0.51450 ; 36.916 ; OK
3855 ; 7.710000 ; NaN ; 36.902 ; ERR
3856 ; 7.712000 ; -0.55884 ; 36.897 ; OK
3857 ; 7.714000 ; -0.90954 ; 36.879 ; OK
3858 ; 7.716000 ; -1.37963 ; 36.918 ; OK
3859 ; 7.718000 ; -0.33882 ; 36.959 ; OK
3860 ; 7.720000 ; 0.31992 ; 36.942 ; OK
3861 ; 7.722000 ; 0.34561 ; 36.946 ; OK
3862 ; 7.724000 ; 1.38579 ; 36.930 ; OK
3863 ; 7.726000 ; 2.15903 ; 36.942 ; OK
3864 ; 7.728000 ; 1.43777 ; 36.913 ; OK
3865 ; 7.730000 ; 1.55225 ; 36.904 ; OK
3866 ; 7.732000 ; 1.53157 ; 36.878 ; OK
3867 ; 7.734000 ; 0.84103 ; 36.934 ; OK
3868 ; 7.736000 ; 1.17356 ; 37.008 ; OK
3869 ; 7.738000 ; 1.25771 ; 36.995 ; OK
3870 ; 7.740000 ; 1.07071 ; 37.043 ; OK
3871 ; 7.742000 ; 1.34086 ; 36.975 ; OK
3872 ; 7.744000 ; 1.51203 ; 37.046 ; OK
3873 ; 7.746000 ; 2.19155 ; 36.930 ; OK
3874 ; 7.748000 ; 2.56707 ; 36.927 ; OK
3875 ; 7.750000 ; 3.27316 ; 36.971 ; OK
3876 ; 7.752000 ; 2.87931 ; 36.976 ; OK
3877 ; 7.754000 ; 2.28693 ; 36.994 ; OK
3878 ; 7.756000 ; 2.21784 ; 37.067 ; OK
3879 ; 7.758000 ; 1.21204 ; 37.003 ; OK
3880 ; 7.760000 ; 0.77513 ; 37.011 ; OK
3881 ; 7.762000 ; 1.30473 ; 36.999 ; OK
3882 ; 7.764000 ; 0.92549 ; 37.036 ; OK
3883 ; 7.766000 ; 1.05373 ; 36.957 ; OK
3884 ; 7.768000 ; 1.39282 ; 37.035 ; OK
3885 ; 7.770000 ; 2.14119 ; 36.987 ; OK
3886 ; 7.772000 ; 2.12380 ; 37.040 ; OK
3887 ; 7.774000 ; 1.83445 ; 37.058 ; OK
3888 ; 7.776000 ; 1.11125 ; 37.077 ; OK
3889 ; 7.778000 ; 0.37908 ; 37.024 ; OK
3890 ; 7.780000 ; 0.10556 ; 37.117 ; OK
3891 ; 7.782000 ; -0.39308 ; 37.134 ; OK
3892 ; 7.784000 ; -0.57741 ; 37.055 ; OK
3893 ; 7.786000 ; -0.27706 ; 37.101 ; OK
3894 ; 7.788000 ; -0.28417 ; 37.135 ; OK
3895 ; 7.790000 ; -0.06313 ; 37.044 ; OK
3896 ; 7.792000 ; -0.28507 ; 37.022 ; OK
3897 ; 7.794000 ; -0.05244 ; 37.068 ; OK
3898 ; 7.796000 ; -0.01011 ; 37.001 ; OK
3899 ; 7.798000 ; -0.21788 ; 37.020 ; OK
3900 ; 7.800000 ; -1.27054 ; 37.067 ; OK
3901 ; 7.802000 ; -1.07303 ; 37.206 ; OK
3902 ; 7.804000 ; -1.22165 ; 37.025 ; OK
3903 ; 7.806000 ; -2.43992 ; 37.138 ; OK
3904 ; 7.808000 ; -2.72402 ; 37.062 ; OK
3905 ; 7.810000 ; -2.08694 ; 37.015 ; OK
3906 ; 7.812000 ; -2.26767 ; 37.118 ; OK
3907 ; 7.814000 ; -2.20710 ; 37.132 ; OK
3908 ; 7.816000 ; -1.32695 ; 37.155 ; OK
3909 ; 7.818000 ; -0.89849 ; 37.210 ; OK
3910 ; 7.820000 ; -1.10883 ; 37.123 ; OK
3911 ; 7.822000 ; -1.39616 ; 37.096 ; OK
3912 ; 7.824000 ; -1.43023 ; 37.201 ; OK
3913 ; 7.826000 ; -1.99418 ; 37.128 ; OK
3914 ; 7.828000 ; -2.54405 ; 37.090 ; OK
3915 ; 7.830000 ; -2.43879 ; 37.167 ; OK
3916 ; 7.832000 ; -2.62827 ; 37.086 ; OK
3917 ; 7.834000 ; -2.34834 ; 37.242 ; OK
3918 ; 7.836000 ; -1.84142 ; 37.122 ; OK
3919 ; 7.838000 ; -1.57276 ; 37.175 ; OK
3920 ; 7.840000 ; -0.49027 ; 37.217 ; OK
3921 ; 7.842000 ; -0.36730 ; 37.168 ; OK
3922 ; 7.844000 ; -0.12753 ; 37.172 ; OK
3923 ; 7.846000 ; -0.51703 ; 37.221 ; OK
3924 ; 7.848000 ; -0.95188 ; 37.153 ; OK
3925 ; 7.850000 ; -0.60249 ; 37.286 ; OK
3926 ; 7.852000 ; -1.11365 ; 37.249 ; OK
3927 ; 7.854000 ; -1.21979 ; 37.179 ; OK
3928 ; 7.856000 ; -1.17043 ; 37.183 ; OK
3929 ; 7.858000 ; -0.79041 ; 37.267 ; OK
3930 ; 7.860000 ; -0.12615 ; 37.191 ; OK
3931 ; 7.862000 ; 0.46282 ; 37.241 ; OK
3932 ; 7.864000 ; 1.10649 ; 37.186 ; OK
3933 ; 7.866000 ; 1.66945 ; 37.237 ; OK
3934 ; 7.868000 ; 1.77065 ; 37.255 ; OK
3935 ; 7.870000 ; 1.72552 ; 37.284 ; OK
3936 ; 7.872000 ; 1.08843 ; 37.290 ; OK
3937 ; 7.874000 ; 0.63844 ; 37.306 ; OK
3938 ; 7.876000 ; 0.76215 ; 37.203 ; OK
3939 ; 7.878000 ; 1.19372 ; 37.280 ; OK
3940 ; 7.880000 ; 1.47056 ; 37.301 ; OK
3941 ; 7.882000 ; 1.42283 ; 37.310 ; OK
3942 ; 7.884000 ; 1.74564 ; 37.206 ; OK
3943 ; 7.886000 ; 2.64850 ; 37.323 ; OK
3944 ; 7.888000 ; 2.86006 ; 37.293 ; OK
3945 ; 7.890000 ; 3.35954 ; 37.315 ; OK
3946 ; 7.892000 ; 3.13635 ; 37.307 ; OK
3947 ; 7.894000 ; 2.31866 ; 37.237 ; OK
3948 ; 7.896000 ; 2.16993 ; 37.216 ; OK
3949 ; 7.898000 ; 1.61667 ; 37.344 ; OK
3950 ; 7.900000 ; 0.88934 ; 37.277 ; OK
3951 ; 7.902000 ; 1.25231 ; 37.303 ; OK
3952 ; 7.904000 ; 1.33732 ; 37.338 ; OK
3953 ; 7.906000 ; 1.79947 ; 37.297 ; OK
3954 ; 7.908000 ; 1.50572 ; 37.323 ; OK
3955 ; 7.910000 ; 1.96753 ; 37.399 ; OK
3956 ; 7.912000 ; 2.02906 ; 37.311 ; OK
3957 ; 7.914000 ; 1.63727 ; 37.409 ; OK
3958 ; 7.916000 ; 1.56488 ; 37.418 ; OK
3959 ; 7.918000 ; 0.73742 ; 37.336 ; OK
3960 ; 7.920000 ; -0.09370 ; 37.307 ; OK
3961 ; 7.922000 ; -0.18938 ; 37.376 ; OK
3962 ; 7.924000 ; -0.44114 ; 37.262 ; OK
3963 ; 7.926000 ; -0.30889 ; 37.288 ; OK
3964 ; 7.928000 ; -0.60204 ; 37.373 ; OK
3965 ; 7.930000 ; 0.19033 ; 37.351 ; OK
3966 ; 7.932000 ; 0.53403 ; 37.375 ; OK
3967 ; 7.934000 ; 0.29617 ; 37.415 ; OK
3968 ; 7.936000 ; 0.21372 ; 37.287 ; OK
3969 ; 7.938000 ; -0.70561 ; 37.468 ; OK
3970 ; 7.940000 ; -0.69362 ; 37.425 ; OK
3971 ; 7.942000 ; -1.28099 ; 37.393 ; OK
3972 ; 7.944000 ; -2.00207 ; 37.334 ; OK
3973 ; 7.946000 ; -2.40225 ; 37.477 ; OK
3974 ; 7.948000 ; -2.40931 ; 37.324 ; OK
3975 ; 7.950000 ; -2.22249 ; 37.464 ; OK
3976 ; 7.952000 ; -2.38141 ; 37.423 ; OK
3977 ; 7.954000 ; -1.49837 ; 37.392 ; OK
3978 ; 7.956000 ; -1.17644 ; 37.356 ; OK
3979 ; 7.958000 ; -1.15409 ; 37.388 ; OK
3980 ; 7.960000 ; -0.64074 ; 37.493 ; OK
3981 ; 7.962000 ; -1.40912 ; 37.389 ; OK
3982 ; 7.964000 ; -1.77852 ; 37.376 ; OK
3983 ; 7.966000 ; -2.13571 ; 37.507 ; OK
3984 ; 7.968000 ; -2.11966 ; 37.491 ; OK
3985 ; 7.970000 ; -2.59688 ; 37.444 ; OK
3986 ; 7.972000 ; -2.46693 ; 37.416 ; OK
3987 ; 7.974000 ; -2.38920 ; 37.411 ; OK
3988 ; 7.976000 ; -1.52137 ; 37.447 ; OK
3989 ; 7.978000 ; -1.43485 ; 37.551 ; OK
3990 ; 7.980000 ; -1.04816 ; 37.450 ; OK
3991 ; 7.982000 ; -0.76875 ; 37.436 ; OK
3992 ; 7.984000 ; -0.59049 ; 37.529 ; OK
3993 ; 7.986000 ; -0.53103 ; 37.423 ; OK
3994 ; 7.988000 ; -0.64567 ; 37.472 ; OK
3995 ; 7.990000 ; -0.69174 ; 37.391 ; OK
3996 ; 7.992000 ; -1.27399 ; 37.451 ; OK
3997 ; 7.994000 ; -1.47392 ; 37.464 ; OK
3998 ; 7.996000 ; -0.94460 ; 37.445 ; OK
3999 ; 7.998000 ; -0.47879 ; 37.472 ; OK
