time_s,mV
0.0,0.032151
0.002778,0.029853
0.005556,0.098749
0.008333,-0.048948
0.011111,-0.04578
0.013889,-0.048299
0.016667,-0.048415
0.019444,0.034476
0.022222,0.105864
0.025,0.076008
0.027778,-0.004251
0.030556,-0.041312
0.033333,-0.062097
0.036111,-0.008267
0.038889,0.040776
0.041667,0.050552
0.044444,0.076721
0.047222,0.016384
0.05,0.013615
0.052778,-0.013188
0.055556,-0.035132
0.058333,0.063612
0.061111,0.114499
0.063889,0.095406
0.066667,0.108115
0.069444,0.014446
0.072222,-0.047634
0.075,-0.061621
0.077778,0.000944
0.080556,0.090331
0.083333,0.1225
0.086111,0.097392
0.088889,0.035504
0.091667,-0.051632
0.094444,-0.008569
0.097222,-0.00518
0.1,0.076591
0.102778,0.155382
0.105556,0.133179
0.108333,0.04213
0.111111,0.038882
0.113889,-0.040338
0.116667,0.013576
0.119444,0.10893
0.122222,0.145431
0.125,0.148165
0.127778,0.066495
0.130556,0.032404
0.133333,-0.021366
0.136111,0.040047
0.138889,0.095377
0.141667,0.149283
0.144444,0.18532
0.147222,0.099847
0.15,0.001372
0.152778,-0.017759
0.155556,0.040079
0.158333,0.073959
0.161111,0.142221
0.163889,0.164697
0.166667,0.082383
0.169444,0.080927
0.172222,0.021491
0.175,0.050112
0.177778,0.084724
0.180556,0.138252
0.183333,0.177952
0.186111,0.143485
0.188889,0.06622
0.191667,-0.005633
0.194444,0.019929
0.197222,0.072468
0.2,0.126278
0.202778,0.180392
0.205556,0.159754
0.208333,0.134207
0.211111,0.011871
0.213889,0.06982
0.216667,0.057027
0.219444,0.126056
0.222222,0.166385
0.225,0.211155
0.227778,0.090305
0.230556,0.077361
0.233333,0.081406
0.236111,0.075923
0.238889,0.174092
0.241667,0.138164
0.244444,0.160299
0.247222,0.16628
0.25,0.114436
0.252778,0.027714
0.255556,0.12211
0.258333,0.138567
0.261111,0.149201
0.263889,0.231765
0.266667,0.211636
0.269444,0.107858
0.272222,0.048974
0.275,0.084393
0.277778,0.200338
0.280556,0.164359
0.283333,0.310348
0.286111,0.235677
0.288889,0.138376
0.291667,0.141748
0.294444,0.130856
0.297222,0.242015
0.3,0.258858
0.302778,0.329268
0.305556,0.355786
0.308333,0.200869
0.311111,0.138404
0.313889,0.171103
0.316667,0.235137
0.319444,0.317111
0.322222,0.311051
0.325,0.269519
0.327778,0.26294
0.330556,0.186534
0.333333,0.113736
0.336111,0.156326
0.338889,0.284851
0.341667,0.288104
0.344444,0.251353
0.347222,0.206873
0.35,0.133726
0.352778,0.097281
0.355556,0.094316
0.358333,0.198713
0.361111,0.28365
0.363889,0.302183
0.366667,0.161292
0.369444,0.142586
0.372222,0.126876
0.375,0.098881
0.377778,0.181339
0.380556,0.204375
0.383333,0.236597
0.386111,0.202055
0.388889,0.049486
0.391667,0.051006
0.394444,0.244793
0.397222,0.448719
0.4,0.839839
0.402778,1.064732
0.405556,1.207357
0.408333,1.146825
0.411111,0.938597
0.413889,0.599154
0.416667,0.405441
0.419444,0.248446
0.422222,0.140717
0.425,0.120292
0.427778,0.002614
0.430556,-0.069334
0.433333,0.043896
0.436111,0.053717
0.438889,0.154127
0.441667,0.263537
0.444444,0.325247
0.447222,0.250858
0.45,0.19861
0.452778,0.177246
0.455556,0.170942
0.458333,0.190178
0.461111,0.2741
0.463889,0.330704
0.466667,0.287171
0.469444,0.250493
0.472222,0.228897
0.475,0.219703
0.477778,0.305019
0.480556,0.383065
0.483333,0.429761
0.486111,0.383592
0.488889,0.327909
0.491667,0.297568
0.494444,0.274094
0.497222,0.363819
0.5,0.444875
0.502778,0.484787
0.505556,0.508139
0.508333,0.416653
0.511111,0.429764
0.513889,0.395992
0.516667,0.43365
0.519444,0.557109
0.522222,0.611594
0.525,0.611269
0.527778,0.51719
0.530556,0.480955
0.533333,0.474939
0.536111,0.492916
0.538889,0.519738
0.541667,0.603958
0.544444,0.573168
0.547222,0.610043
0.55,0.499814
0.552778,0.408097
0.555556,0.453769
0.558333,0.490074
0.561111,0.562052
0.563889,0.554306
0.566667,0.514145
0.569444,0.378919
0.572222,0.330759
0.575,0.314805
0.577778,0.403477
0.580556,0.42307
0.583333,0.462432
0.586111,0.406146
0.588889,0.332306
0.591667,0.273171
0.594444,0.25795
0.597222,0.320563
0.6,0.368379
0.602778,0.405741
0.605556,0.347059
0.608333,0.259036
0.611111,0.171465
0.613889,0.212372
0.616667,0.21889
0.619444,0.312054
0.622222,0.349886
0.625,0.331625
0.627778,0.338139
0.630556,0.169164
0.633333,0.213889
0.636111,0.251808
0.638889,0.287413
0.641667,0.3864
0.644444,0.387166
0.647222,0.346055
0.65,0.295112
0.652778,0.208804
0.655556,0.26366
0.658333,0.376309
0.661111,0.386074
0.663889,0.402302
0.666667,0.307987
0.669444,0.305946
0.672222,0.163793
0.675,0.226208
0.677778,0.284086
0.680556,0.359715
0.683333,0.408035
0.686111,0.353199
0.688889,0.301456
0.691667,0.276747
0.694444,0.248388
0.697222,0.252586
0.7,0.341631
0.702778,0.403935
0.705556,0.443592
0.708333,0.339605
0.711111,0.267429
0.713889,0.26443
0.716667,0.262294
0.719444,0.329689
0.722222,0.370575
0.725,0.377454
0.727778,0.345405
0.730556,0.25419
0.733333,0.239137
0.736111,0.264175
0.738889,0.363365
0.741667,0.392132
0.744444,0.351528
0.747222,0.349305
0.75,0.270413
0.752778,0.277933
0.755556,0.309144
0.758333,0.350846
0.761111,0.377975
0.763889,0.388327
0.766667,0.348526
0.769444,0.351424
0.772222,0.252772
0.775,0.25513
0.777778,0.334872
0.780556,0.416403
0.783333,0.379497
0.786111,0.398152
0.788889,0.277648
0.791667,0.249146
0.794444,0.235423
0.797222,0.360929
0.8,0.352775
0.802778,0.424825
0.805556,0.441257
0.808333,0.31558
0.811111,0.278378
0.813889,0.308618
0.816667,0.25728
0.819444,0.372948
0.822222,0.418103
0.825,0.460724
0.827778,0.3305
0.830556,0.307202
0.833333,0.303454
0.836111,0.3056
0.838889,0.37742
0.841667,0.415262
0.844444,0.355961
0.847222,0.38791
0.85,0.343259
0.852778,0.279664
0.855556,0.269082
0.858333,0.357205
0.861111,0.428773
0.863889,0.455035
0.866667,0.465723
0.869444,0.339775
0.872222,0.247815
0.875,0.261628
0.877778,0.354448
0.880556,0.38451
0.883333,0.442621
0.886111,0.370085
0.888889,0.339688
0.891667,0.262605
0.894444,0.299033
0.897222,0.340128
0.9,0.448363
0.902778,0.376664
0.905556,0.374043
0.908333,0.333696
0.911111,0.339178
0.913889,0.30461
0.916667,0.361775
0.919444,0.383747
0.922222,0.429609
0.925,0.407773
0.927778,0.372802
0.930556,0.300612
0.933333,0.269113
0.936111,0.297648
0.938889,0.35494
0.941667,0.463583
0.944444,0.422127
0.947222,0.410422
0.95,0.393449
0.952778,0.268811
0.955556,0.299522
0.958333,0.397757
0.961111,0.432048
0.963889,0.421596
0.966667,0.421867
0.969444,0.327668
0.972222,0.325286
0.975,0.38874
0.977778,0.343747
0.980556,0.448275
0.983333,0.378587
0.986111,0.436431
0.988889,0.370955
0.991667,0.402801
0.994444,0.302261
0.997222,0.419423
1.0,0.403322
1.002778,0.431523
1.005556,0.423543
1.008333,0.394562
1.011111,0.308085
1.013889,0.346749
1.016667,0.333161
1.019444,0.419119
1.022222,0.476087
1.025,0.460817
1.027778,0.412847
1.030556,0.334151
1.033333,0.285943
1.036111,0.323463
1.038889,0.441136
1.041667,0.467907
1.044444,0.453222
1.047222,0.360728
1.05,0.392708
1.052778,0.296576
1.055556,0.325018
1.058333,0.408627
1.061111,0.472012
1.063889,0.483308
1.066667,0.438844
1.069444,0.404162
1.072222,0.312997
1.075,0.358734
1.077778,0.473362
1.080556,0.5426
1.083333,0.526936
1.086111,0.522272
1.088889,0.484981
1.091667,0.398219
1.094444,0.375713
1.097222,0.484765
1.1,0.50899
1.102778,0.515183
1.105556,0.540481
1.108333,0.515792
1.111111,0.461312
1.113889,0.441475
1.116667,0.463085
1.119444,0.564831
1.122222,0.552958
1.125,0.497476
1.127778,0.475441
1.130556,0.328376
1.133333,0.297227
1.136111,0.387411
1.138889,0.400672
1.141667,0.485211
1.144444,0.564302
1.147222,0.420516
1.15,0.338295
1.152778,0.332083
1.155556,0.353355
1.158333,0.394111
1.161111,0.50654
1.163889,0.503598
1.166667,0.412092
1.169444,0.366895
1.172222,0.34091
1.175,0.276034
1.177778,0.307995
1.180556,0.359148
1.183333,0.36805
1.186111,0.474909
1.188889,0.506186
1.191667,0.677103
1.194444,0.959051
1.197222,1.195833
1.2,1.455919
1.202778,1.370881
1.205556,1.163441
1.208333,0.861431
1.211111,0.496357
1.213889,0.293302
1.216667,0.19395
1.219444,0.237621
1.222222,0.256273
1.225,0.336127
1.227778,0.296359
1.230556,0.340092
1.233333,0.330021
1.236111,0.383331
1.238889,0.398179
1.241667,0.475847
1.244444,0.527479
1.247222,0.437287
1.25,0.435556
1.252778,0.307344
1.255556,0.275839
1.258333,0.45343
1.261111,0.478646
1.263889,0.470579
1.266667,0.506727
1.269444,0.380364
1.272222,0.41986
1.275,0.37363
1.277778,0.456317
1.280556,0.54451
1.283333,0.583563
1.286111,0.581569
1.288889,0.457769
1.291667,0.459659
1.294444,0.468794
1.297222,0.567463
1.3,0.600898
1.302778,0.711457
1.305556,0.632938
1.308333,0.588286
1.311111,0.642578
1.313889,0.579894
1.316667,0.638469
1.319444,0.74119
1.322222,0.763854
1.325,0.74759
1.327778,0.656147
1.330556,0.630576
1.333333,0.610848
1.336111,0.678227
1.338889,0.741883
1.341667,0.754315
1.344444,0.7589
1.347222,0.6964
1.35,0.537627
1.352778,0.496922
1.355556,0.528181
1.358333,0.551559
1.361111,0.643336
1.363889,0.659716
1.366667,0.524125
1.369444,0.478464
1.372222,0.470669
1.375,0.383562
1.377778,0.508129
1.380556,0.518732
1.383333,0.506374
1.386111,0.497557
1.388889,0.38737
1.391667,0.388371
1.394444,0.299414
1.397222,0.434333
1.4,0.411494
1.402778,0.532207
1.405556,0.456634
1.408333,0.316298
1.411111,0.302168
1.413889,0.292414
1.416667,0.375568
1.419444,0.399082
1.422222,0.497396
1.425,0.411354
1.427778,0.441166
1.430556,0.33651
1.433333,0.317229
1.436111,0.34039
1.438889,0.386306
1.441667,0.459744
1.444444,0.419256
1.447222,0.402001
1.45,0.320663
1.452778,0.299837
1.455556,0.297553
1.458333,0.389651
1.461111,0.449436
1.463889,0.470903
1.466667,0.398534
1.469444,0.380412
1.472222,0.278443
1.475,0.319395
1.477778,0.361631
1.480556,0.443717
1.483333,0.416727
1.486111,0.412544
1.488889,0.404961
1.491667,0.291624
1.494444,0.353411
1.497222,0.337702
1.5,0.425855
1.502778,0.465635
1.505556,0.380933
1.508333,0.340661
1.511111,0.316136
1.513889,0.274597
1.516667,0.290495
1.519444,0.330202
1.522222,0.446395
1.525,0.423036
1.527778,0.410823
1.530556,0.309367
1.533333,0.306323
1.536111,0.302109
1.538889,0.395973
1.541667,0.383492
1.544444,0.452072
1.547222,0.308634
1.55,0.375043
1.552778,0.248305
1.555556,0.311364
1.558333,0.349493
1.561111,0.363501
1.563889,0.358954
1.566667,0.375095
1.569444,0.330844
1.572222,0.243836
1.575,0.292828
1.577778,0.343763
1.580556,0.417451
1.583333,0.43333
1.586111,0.389653
1.588889,0.333196
1.591667,0.286359
1.594444,0.303732
1.597222,0.362405
1.6,0.379266
1.602778,0.381158
1.605556,0.38344
1.608333,0.343899
1.611111,0.246185
1.613889,0.261789
1.616667,0.290722
1.619444,0.390567
1.622222,0.43238
1.625,0.383408
1.627778,0.341041
1.630556,0.295943
1.633333,0.215361
1.636111,0.232033
1.638889,0.34823
1.641667,0.342769
1.644444,0.440042
1.647222,0.300022
1.65,0.287122
1.652778,0.23066
1.655556,0.26802
1.658333,0.289245
1.661111,0.395061
1.663889,0.381907
1.666667,0.292055
1.669444,0.293508
1.672222,0.229886
1.675,0.274671
1.677778,0.301896
1.680556,0.407752
1.683333,0.400356
1.686111,0.318022
1.688889,0.276345
1.691667,0.248707
1.694444,0.244177
1.697222,0.26708
1.7,0.389993
1.702778,0.386514
1.705556,0.333351
1.708333,0.319605
1.711111,0.279451
1.713889,0.207053
1.716667,0.253532
1.719444,0.355092
1.722222,0.357255
1.725,0.372311
1.727778,0.317146
1.730556,0.266594
1.733333,0.225348
1.736111,0.255996
1.738889,0.271796
1.741667,0.384933
1.744444,0.350197
1.747222,0.301081
1.75,0.228866
1.752778,0.217512
1.755556,0.21987
1.758333,0.306361
1.761111,0.346883
1.763889,0.35565
1.766667,0.317505
1.769444,0.276856
1.772222,0.248643
1.775,0.187076
1.777778,0.326636
1.780556,0.341356
1.783333,0.367576
1.786111,0.327067
1.788889,0.292117
1.791667,0.179169
1.794444,0.234044
1.797222,0.266589
1.8,0.341698
1.802778,0.318448
1.805556,0.333171
1.808333,0.22702
1.811111,0.240078
1.813889,0.187956
1.816667,0.273853
1.819444,0.297256
1.822222,0.33923
1.825,0.35657
1.827778,0.319672
1.830556,0.230245
1.833333,0.174299
1.836111,0.178061
1.838889,0.224327
1.841667,0.344491
1.844444,0.286951
1.847222,0.300021
1.85,0.159583
1.852778,0.196752
1.855556,0.14795
1.858333,0.248944
1.861111,0.317108
1.863889,0.404273
1.866667,0.258857
1.869444,0.247006
1.872222,0.181347
1.875,0.212849
1.877778,0.279947
1.880556,0.31237
1.883333,0.331847
1.886111,0.375197
1.888889,0.241414
1.891667,0.207257
1.894444,0.237825
1.897222,0.297753
1.9,0.337401
1.902778,0.423968
1.905556,0.383855
1.908333,0.360869
1.911111,0.312022
1.913889,0.210162
1.916667,0.287187
1.919444,0.365882
1.922222,0.410253
1.925,0.364638
1.927778,0.314552
1.930556,0.260808
1.933333,0.16455
1.936111,0.206992
1.938889,0.263621
1.941667,0.322606
1.944444,0.323017
1.947222,0.224317
1.95,0.19784
1.952778,0.135805
1.955556,0.219649
1.958333,0.228122
1.961111,0.301625
1.963889,0.308743
1.966667,0.257498
1.969444,0.159181
1.972222,0.076808
1.975,0.175843
1.977778,0.186746
1.980556,0.171265
1.983333,0.250025
1.986111,0.134062
1.988889,0.078411
1.991667,0.016276
1.994444,0.144664
1.997222,0.336608
2.0,0.614035
2.002778,0.880369
2.005556,1.088781
2.008333,1.090029
2.011111,1.079749
2.013889,0.950432
2.016667,0.682213
2.019444,0.452551
2.022222,0.337775
2.025,0.11529
2.027778,0.010235
2.030556,-0.020593
2.033333,-0.050058
2.036111,0.011457
2.038889,0.073056
2.041667,0.198691
2.044444,0.230801
2.047222,0.271387
2.05,0.110223
2.052778,0.09001
2.055556,0.170046
2.058333,0.165678
2.061111,0.242988
2.063889,0.191596
2.066667,0.247102
2.069444,0.163862
2.072222,0.079646
2.075,0.159106
2.077778,0.191488
2.080556,0.272766
2.083333,0.312845
2.086111,0.289365
2.088889,0.220644
2.091667,0.183646
2.094444,0.210661
2.097222,0.223173
2.1,0.341245
2.102778,0.348596
2.105556,0.400276
2.108333,0.31788
2.111111,0.211149
2.113889,0.253513
2.116667,0.334205
2.119444,0.40977
2.122222,0.470611
2.125,0.453783
2.127778,0.4707
2.130556,0.400074
2.133333,0.335561
2.136111,0.454611
2.138889,0.441048
2.141667,0.470676
2.144444,0.516356
2.147222,0.515634
2.15,0.376265
2.152778,0.309894
2.155556,0.36857
2.158333,0.46521
2.161111,0.423471
2.163889,0.421906
2.166667,0.3667
2.169444,0.285399
2.172222,0.245318
2.175,0.310281
2.177778,0.337632
2.180556,0.297087
2.183333,0.327255
2.186111,0.278564
2.188889,0.230231
2.191667,0.151947
2.194444,0.141255
2.197222,0.156338
2.2,0.192259
2.202778,0.26489
2.205556,0.197004
2.208333,0.105758
2.211111,0.114448
2.213889,0.059643
2.216667,0.118157
2.219444,0.11069
2.222222,0.189283
2.225,0.197475
2.227778,0.163197
2.230556,0.04603
2.233333,0.030971
2.236111,0.085807
2.238889,0.166201
2.241667,0.157444
2.244444,0.207936
2.247222,0.139807
2.25,-0.004051
2.252778,-0.023747
2.255556,0.036972
2.258333,0.051005
2.261111,0.150107
2.263889,0.18316
2.266667,0.170736
2.269444,0.030079
2.272222,-0.048392
2.275,0.024997
2.277778,0.093504
2.280556,0.104206
2.283333,0.13469
2.286111,0.156531
2.288889,0.041069
2.291667,0.002753
2.294444,-0.034503
2.297222,0.028168
2.3,0.115765
2.302778,0.123015
2.305556,0.103711
2.308333,0.09477
2.311111,0.078701
2.313889,0.030556
2.316667,-0.016799
2.319444,0.039024
2.322222,0.090851
2.325,0.13111
2.327778,0.042196
2.330556,0.003196
2.333333,0.032903
2.336111,-0.025044
2.338889,0.095289
2.341667,0.103655
2.344444,0.144218
2.347222,0.062465
2.35,-0.047453
2.352778,-0.039348
2.355556,0.00668
2.358333,0.083569
2.361111,0.101871
2.363889,0.092339
2.366667,0.14273
2.369444,0.00864
2.372222,-0.046808
2.375,-0.019673
2.377778,0.042015
2.380556,0.062864
2.383333,0.060127
2.386111,0.079679
2.388889,-0.035133
2.391667,-0.068729
2.394444,-0.113473
2.397222,-0.04828
2.4,0.031948
2.402778,0.149
2.405556,0.054175
2.408333,0.024674
2.411111,-0.07912
2.413889,-0.141611
2.416667,-0.048231
2.419444,0.097907
2.422222,0.066407
2.425,0.036613
2.427778,0.004181
2.430556,-0.065319
2.433333,-0.102573
2.436111,-0.01597
2.438889,0.052533
2.441667,0.043969
2.444444,0.040244
2.447222,0.046651
2.45,-0.044128
2.452778,-0.102877
2.455556,-0.044511
2.458333,-0.011161
2.461111,0.085335
2.463889,0.095873
2.466667,0.001
2.469444,-0.045556
2.472222,-0.053699
2.475,-0.108149
2.477778,0.022708
2.480556,0.030301
2.483333,0.100356
2.486111,-0.012378
2.488889,-0.011381
2.491667,-0.111642
2.494444,-0.065722
2.497222,-0.029566
2.5,0.029846
2.502778,0.05937
2.505556,-0.005903
2.508333,-0.027398
2.511111,-0.045818
2.513889,-0.146048
2.516667,-0.039657
2.519444,-0.033678
2.522222,0.086027
2.525,0.025619
2.527778,-0.041792
2.530556,-0.085861
2.533333,-0.080128
2.536111,-0.050165
2.538889,-0.038984
2.541667,0.034871
2.544444,0.055835
2.547222,-0.046912
2.55,-0.087492
2.552778,-0.109709
2.555556,-0.106109
2.558333,-0.022322
2.561111,0.009128
2.563889,0.022835
2.566667,-0.032125
2.569444,-0.021797
2.572222,-0.117014
2.575,-0.087722
2.577778,-0.079886
2.580556,0.003697
2.583333,0.052518
2.586111,-0.064819
2.588889,-0.07998
2.591667,-0.106118
2.594444,-0.149985
2.597222,-0.101517
2.6,-0.045382
2.602778,-0.005117
2.605556,-0.008305
2.608333,-0.097475
2.611111,-0.117985
2.613889,-0.18934
2.616667,-0.121726
2.619444,-0.041299
2.622222,-0.070456
2.625,-0.055349
2.627778,-0.067314
2.630556,-0.053817
2.633333,-0.213217
2.636111,-0.163279
2.638889,-0.02553
2.641667,-0.023701
2.644444,-0.008186
2.647222,-0.055859
2.65,-0.164668
2.652778,-0.16693
2.655556,-0.080671
2.658333,-0.063131
2.661111,-0.035928
2.663889,-0.018176
2.666667,-0.053165
2.669444,-0.14244
2.672222,-0.11289
2.675,-0.20981
2.677778,-0.147734
2.680556,-0.025357
2.683333,-0.010232
2.686111,-0.051783
2.688889,-0.153361
2.691667,-0.20472
2.694444,-0.174804
2.697222,-0.128706
2.7,-0.053038
2.702778,-0.045609
2.705556,-0.057371
2.708333,-0.146591
2.711111,-0.160907
2.713889,-0.109384
2.716667,-0.112301
2.719444,-0.058247
2.722222,-0.069144
2.725,-0.009983
2.727778,-0.075577
2.730556,-0.148894
2.733333,-0.158735
2.736111,-0.145618
2.738889,-0.058767
2.741667,-0.027923
2.744444,0.018298
2.747222,0.033561
2.75,-0.119514
2.752778,-0.102162
2.755556,-0.083282
2.758333,-0.015436
2.761111,0.063138
2.763889,0.063897
2.766667,-0.005477
2.769444,-0.083831
2.772222,-0.15725
2.775,-0.123756
2.777778,0.00168
2.780556,0.020047
2.783333,0.041527
2.786111,-0.029349
2.788889,-0.086902
2.791667,-0.147192
2.794444,-0.153381
2.797222,-0.128211
2.8,-0.039852
2.802778,-0.06237
2.805556,-0.050157
2.808333,-0.152045
2.811111,-0.173805
2.813889,-0.234431
2.816667,-0.191985
2.819444,-0.12904
2.822222,-0.057733
2.825,-0.101591
2.827778,-0.13958
2.830556,-0.191756
2.833333,-0.221638
2.836111,-0.207381
2.838889,-0.169565
2.841667,-0.106349
2.844444,-0.151556
2.847222,-0.245531
2.85,-0.296047
2.852778,-0.287758
2.855556,-0.238919
2.858333,-0.047794
2.861111,0.242713
2.863889,0.505465
2.866667,0.667414
2.869444,0.718616
2.872222,0.746747
2.875,0.620702
2.877778,0.44652
2.880556,0.267501
2.883333,0.034988
2.886111,-0.136253
2.888889,-0.274785
2.891667,-0.413888
2.894444,-0.426226
2.897222,-0.346281
2.9,-0.248679
2.902778,-0.172788
2.905556,-0.171275
2.908333,-0.218
2.911111,-0.225756
2.913889,-0.260005
2.916667,-0.148711
2.919444,-0.103107
2.922222,-0.112398
2.925,-0.10212
2.927778,-0.211665
2.930556,-0.22471
2.933333,-0.248132
2.936111,-0.200203
2.938889,-0.17913
2.941667,-0.036841
2.944444,-0.055169
2.947222,-0.096656
2.95,-0.144448
2.952778,-0.214865
2.955556,-0.160049
2.958333,-0.090786
2.961111,-0.043985
2.963889,0.04981
2.966667,-0.029242
2.969444,-0.076611
2.972222,-0.150765
2.975,-0.073468
2.977778,-0.054462
2.980556,-0.005913
2.983333,0.097038
2.986111,0.065761
2.988889,0.008531
2.991667,-0.037395
2.994444,0.00114
2.997222,0.069307
3.0,0.146802
3.002778,0.221969
3.005556,0.211133
3.008333,0.05781
3.011111,0.003275
3.013889,0.016422
3.016667,0.104127
3.019444,0.164702
3.022222,0.166863
3.025,0.160136
3.027778,0.031906
3.030556,0.01746
3.033333,0.011028
3.036111,0.023855
3.038889,0.02476
3.041667,0.098619
3.044444,0.066741
3.047222,-0.030779
3.05,-0.060357
3.052778,-0.133462
3.055556,-0.137898
3.058333,-0.061336
3.061111,-0.00439
3.063889,-0.030358
3.066667,-0.046833
3.069444,-0.146667
3.072222,-0.19623
3.075,-0.221151
3.077778,-0.208618
3.080556,-0.106727
3.083333,-0.121817
3.086111,-0.158245
3.088889,-0.217855
3.091667,-0.255632
3.094444,-0.294554
3.097222,-0.229313
3.1,-0.171562
3.102778,-0.188671
3.105556,-0.12077
3.108333,-0.207431
3.111111,-0.29578
3.113889,-0.304158
3.116667,-0.208687
3.119444,-0.182539
3.122222,-0.175376
3.125,-0.146128
3.127778,-0.210655
3.130556,-0.268844
3.133333,-0.309556
3.136111,-0.273616
3.138889,-0.169372
3.141667,-0.170335
3.144444,-0.09383
3.147222,-0.176772
3.15,-0.291023
3.152778,-0.328377
3.155556,-0.271527
3.158333,-0.235067
3.161111,-0.121029
3.163889,-0.152908
3.166667,-0.23412
3.169444,-0.279401
3.172222,-0.276991
3.175,-0.309408
3.177778,-0.246055
3.180556,-0.128477
3.183333,-0.141632
3.186111,-0.187044
3.188889,-0.221105
3.191667,-0.371553
3.194444,-0.292544
3.197222,-0.261969
3.2,-0.229936
3.202778,-0.204429
3.205556,-0.19103
3.208333,-0.214868
3.211111,-0.275859
3.213889,-0.309696
3.216667,-0.222665
3.219444,-0.202495
3.222222,-0.167418
3.225,-0.138911
3.227778,-0.25104
3.230556,-0.261231
3.233333,-0.341768
3.236111,-0.319738
3.238889,-0.190657
3.241667,-0.121526
3.244444,-0.1659
3.247222,-0.239705
3.25,-0.247511
3.252778,-0.378302
3.255556,-0.269214
3.258333,-0.247301
3.261111,-0.177101
3.263889,-0.130778
3.266667,-0.216063
3.269444,-0.315474
3.272222,-0.276036
3.275,-0.340732
3.277778,-0.242983
3.280556,-0.219656
3.283333,-0.164497
3.286111,-0.235593
3.288889,-0.253722
3.291667,-0.304438
3.294444,-0.303173
3.297222,-0.272913
3.3,-0.211084
3.302778,-0.153387
3.305556,-0.195108
3.308333,-0.271008
3.311111,-0.245233
3.313889,-0.335519
3.316667,-0.310116
3.319444,-0.206242
3.322222,-0.163822
3.325,-0.173121
3.327778,-0.219756
3.330556,-0.29849
3.333333,-0.294082
3.336111,-0.364715
3.338889,-0.204166
3.341667,-0.183928
3.344444,-0.160074
3.347222,-0.206454
3.35,-0.262668
3.352778,-0.291831
3.355556,-0.287234
3.358333,-0.214048
3.361111,-0.198993
3.363889,-0.174686
3.366667,-0.203164
3.369444,-0.234319
3.372222,-0.30961
3.375,-0.319535
3.377778,-0.291611
3.380556,-0.150889
3.383333,-0.183376
3.386111,-0.204809
3.388889,-0.270937
3.391667,-0.263975
3.394444,-0.315709
3.397222,-0.236193
3.4,-0.218578
3.402778,-0.150613
3.405556,-0.153974
3.408333,-0.255545
3.411111,-0.28731
3.413889,-0.286353
3.416667,-0.271484
3.419444,-0.2163
3.422222,-0.204911
3.425,-0.184669
3.427778,-0.193613
3.430556,-0.296706
3.433333,-0.338109
3.436111,-0.268569
3.438889,-0.198138
3.441667,-0.199693
3.444444,-0.13787
3.447222,-0.233038
3.45,-0.312705
3.452778,-0.362012
3.455556,-0.295828
3.458333,-0.277385
3.461111,-0.148723
3.463889,-0.207034
3.466667,-0.227406
3.469444,-0.288066
3.472222,-0.297441
3.475,-0.302047
3.477778,-0.25206
3.480556,-0.166786
3.483333,-0.188745
3.486111,-0.166576
3.488889,-0.233087
3.491667,-0.290246
3.494444,-0.358814
3.497222,-0.304955
3.5,-0.208729
3.502778,-0.161274
3.505556,-0.145586
3.508333,-0.263251
3.511111,-0.305904
3.513889,-0.319488
3.516667,-0.294054
3.519444,-0.228616
3.522222,-0.188884
3.525,-0.233444
3.527778,-0.211025
3.530556,-0.291324
3.533333,-0.334535
3.536111,-0.316574
3.538889,-0.177393
3.541667,-0.167986
3.544444,-0.169565
3.547222,-0.253308
3.55,-0.299255
3.552778,-0.338761
3.555556,-0.254262
3.558333,-0.252764
3.561111,-0.179379
3.563889,-0.136729
3.566667,-0.228154
3.569444,-0.245747
3.572222,-0.331839
3.575,-0.273594
3.577778,-0.168388
3.580556,-0.154148
3.583333,-0.130213
3.586111,-0.147247
3.588889,-0.212381
3.591667,-0.352637
3.594444,-0.302648
3.597222,-0.236859
3.6,-0.147097
3.602778,-0.168086
3.605556,-0.166387
3.608333,-0.182262
3.611111,-0.223427
3.613889,-0.257029
3.616667,-0.262678
3.619444,-0.14614
3.622222,-0.119297
3.625,-0.070313
3.627778,-0.208491
3.630556,-0.230103
3.633333,-0.23541
3.636111,-0.190833
3.638889,-0.099481
3.641667,-0.033703
3.644444,-0.008601
3.647222,-0.082226
3.65,-0.195798
3.652778,-0.209066
3.655556,-0.182405
3.658333,-0.137245
3.661111,-0.060324
3.663889,-0.107166
3.666667,-0.152902
3.669444,-0.195548
3.672222,-0.246242
3.675,-0.261256
3.677778,-0.212325
3.680556,-0.160651
3.683333,-0.135356
3.686111,-0.199579
3.688889,-0.222537
3.691667,-0.253817
3.694444,-0.314617
3.697222,-0.231252
3.7,-0.164597
3.702778,-0.179034
3.705556,-0.122898
3.708333,-0.249612
3.711111,-0.314585
3.713889,-0.298677
3.716667,-0.294635
3.719444,-0.286137
3.722222,-0.228849
3.725,-0.213901
3.727778,-0.258404
3.730556,-0.198778
3.733333,-0.078901
3.736111,0.288985
3.738889,0.555751
3.741667,0.754535
3.744444,0.798033
3.747222,0.715363
3.75,0.498733
3.752778,0.121489
3.755556,-0.068861
3.758333,-0.217829
3.761111,-0.293534
3.763889,-0.32472
3.766667,-0.357688
3.769444,-0.40531
3.772222,-0.422022
3.775,-0.325254
3.777778,-0.191721
3.780556,-0.170361
3.783333,-0.143462
3.786111,-0.108526
3.788889,-0.218112
3.791667,-0.25894
3.794444,-0.316365
3.797222,-0.216408
3.8,-0.06887
3.802778,-0.114119
3.805556,-0.10813
3.808333,-0.223924
3.811111,-0.150263
3.813889,-0.231555
3.816667,-0.141341
3.819444,-0.084124
3.822222,-0.053949
3.825,-0.066597
3.827778,-0.068708
3.830556,-0.101653
3.833333,-0.15111
3.836111,-0.099217
3.838889,0.010303
3.841667,0.051251
3.844444,0.046851
3.847222,0.076356
3.85,-0.054007
3.852778,-0.031129
3.855556,0.0262
3.858333,0.099029
3.861111,0.13437
3.863889,0.229298
3.866667,0.159056
3.869444,0.038093
3.872222,0.097025
3.875,0.082864
3.877778,0.150168
3.880556,0.228766
3.883333,0.230566
3.886111,0.170548
3.888889,0.106365
3.891667,0.018496
3.894444,0.028675
3.897222,0.042679
3.9,0.152174
3.902778,0.110275
3.905556,0.169669
3.908333,0.074582
3.911111,-0.066931
3.913889,-0.080104
3.916667,-0.008192
3.919444,-0.009265
3.922222,0.042144
3.925,0.054267
3.927778,-0.051381
3.930556,-0.140126
3.933333,-0.142078
3.936111,-0.132965
3.938889,-0.056932
3.941667,0.021681
3.944444,-0.02771
3.947222,-0.033716
3.95,-0.114445
3.952778,-0.191563
3.955556,-0.175786
3.958333,-0.121606
3.961111,-0.094585
3.963889,-0.016591
3.966667,-0.084061
3.969444,-0.174961
3.972222,-0.229852
3.975,-0.203512
3.977778,-0.110647
3.980556,-0.074579
3.983333,-0.057968
3.986111,-0.084873
3.988889,-0.105496
3.991667,-0.153308
3.994444,-0.175705
3.997222,-0.121472
4.0,-0.102147
4.002778,-0.097528
4.005556,-0.054315
4.008333,-0.111446
4.011111,-0.186028
4.013889,-0.17706
4.016667,-0.138988
4.019444,-0.060354
4.022222,-0.037974
4.025,-0.05024
4.027778,-0.148005
4.030556,-0.158915
4.033333,-0.245455
4.036111,-0.22242
4.038889,-0.129485
4.041667,0.006012
4.044444,-0.058603
4.047222,-0.10739
4.05,-0.103675
4.052778,-0.187017
4.055556,-0.175994
4.058333,-0.117515
4.061111,-0.012941
4.063889,-0.04404
4.066667,-0.084523
4.069444,-0.148076
4.072222,-0.18034
4.075,-0.184109
4.077778,-0.068134
4.080556,-0.039679
4.083333,-0.051972
4.086111,-0.063283
4.088889,-0.107378
4.091667,-0.132429
4.094444,-0.151545
4.097222,-0.14165
4.1,-0.027201
4.102778,-0.005703
4.105556,-0.01443
4.108333,-0.095209
4.111111,-0.148941
4.113889,-0.131676
4.116667,-0.141211
4.119444,-0.035123
4.122222,-0.001054
4.125,-0.048087
4.127778,-0.028463
4.130556,-0.180417
4.133333,-0.173011
4.136111,-0.139801
4.138889,-0.040342
4.141667,-0.033872
4.144444,0.028865
4.147222,-0.038463
4.15,-0.087808
4.152778,-0.18437
4.155556,-0.174823
4.158333,-0.049848
4.161111,-0.054761
4.163889,0.033652
4.166667,-0.039836
4.169444,-0.082851
4.172222,-0.183467
4.175,-0.155226
4.177778,-0.067539
4.180556,-0.034808
4.183333,0.041242
4.186111,-0.022575
4.188889,-0.091883
4.191667,-0.112135
4.194444,-0.136728
4.197222,-0.044806
4.2,0.00319
4.202778,0.026225
4.205556,0.046025
4.208333,-0.025297
4.211111,-0.084686
4.213889,-0.100551
4.216667,-0.096077
4.219444,0.046778
4.222222,0.038341
4.225,0.072526
4.227778,-0.03819
4.230556,-0.124958
4.233333,-0.11424
4.236111,-0.074397
4.238889,-0.03062
4.241667,0.032487
4.244444,0.062524
4.247222,-0.036593
4.25,-0.033127
4.252778,-0.055981
4.255556,-0.109034
4.258333,-0.003945
4.261111,0.091175
4.263889,0.074801
4.266667,0.033249
4.269444,-0.043457
4.272222,-0.099115
4.275,-0.037517
4.277778,0.025379
4.280556,0.050368
4.283333,0.037194
4.286111,0.103942
4.288889,-0.040907
4.291667,-0.05511
4.294444,-0.050656
4.297222,-0.021981
4.3,0.07502
4.302778,0.099761
4.305556,0.095884
4.308333,-0.034452
4.311111,-0.088397
4.313889,-0.04963
4.316667,-0.008344
4.319444,0.066236
4.322222,0.012381
4.325,0.100897
4.327778,0.062922
4.330556,-0.083451
4.333333,-0.067444
4.336111,-0.011452
4.338889,-0.014709
4.341667,0.08676
4.344444,0.085243
4.347222,0.09932
4.35,-0.060983
4.352778,-0.047271
4.355556,0.013443
4.358333,0.024002
4.361111,0.099903
4.363889,0.164139
4.366667,0.097255
4.369444,0.004447
4.372222,-0.068949
4.375,-0.027879
4.377778,0.07092
4.380556,0.100794
4.383333,0.166323
4.386111,0.103776
4.388889,0.000219
4.391667,-0.039287
4.394444,0.003089
4.397222,0.012242
4.4,0.061069
4.402778,0.176198
4.405556,0.070594
4.408333,0.016291
4.411111,-0.011451
4.413889,-0.020964
4.416667,0.075176
4.419444,0.028756
4.422222,0.156049
4.425,0.180924
4.427778,0.082553
4.430556,0.023753
4.433333,0.045917
4.436111,0.069856
4.438889,0.131433
4.441667,0.190865
4.444444,0.154758
4.447222,0.182631
4.45,0.100922
4.452778,0.08002
4.455556,0.15453
4.458333,0.183829
4.461111,0.210916
4.463889,0.258989
4.466667,0.216324
4.469444,0.167417
4.472222,0.054471
4.475,0.117115
4.477778,0.151506
4.480556,0.232288
4.483333,0.230378
4.486111,0.176064
4.488889,0.156732
4.491667,0.121153
4.494444,0.079749
4.497222,0.118045
4.5,0.184945
4.502778,0.254338
4.505556,0.15949
4.508333,0.083785
4.511111,0.050361
4.513889,0.017495
4.516667,0.089249
4.519444,0.141437
4.522222,0.177495
4.525,0.12798
4.527778,0.147134
4.530556,0.046399
4.533333,0.031125
4.536111,0.053594
4.538889,0.125449
4.541667,0.134887
4.544444,0.176414
4.547222,0.034175
4.55,-0.022798
4.552778,-0.01095
4.555556,0.201113
4.558333,0.493023
4.561111,0.784836
4.563889,1.08935
4.566667,1.109734
4.569444,1.002049
4.572222,0.746985
4.575,0.511388
4.577778,0.250358
4.580556,0.099221
4.583333,0.025099
4.586111,-0.022453
4.588889,-0.063391
4.591667,-0.069019
4.594444,-0.028552
4.597222,0.0592
4.6,0.164188
4.602778,0.250429
4.605556,0.213222
4.608333,0.140302
4.611111,0.066783
4.613889,0.074012
4.616667,0.121258
4.619444,0.202004
4.622222,0.297021
4.625,0.247443
4.627778,0.246596
4.630556,0.10587
4.633333,0.118288
4.636111,0.100907
4.638889,0.232773
4.641667,0.296439
4.644444,0.384066
4.647222,0.27868
4.65,0.266317
4.652778,0.23717
4.655556,0.255992
4.658333,0.361575
4.661111,0.387775
4.663889,0.411018
4.666667,0.423778
4.669444,0.370053
4.672222,0.370975
4.675,0.347313
4.677778,0.42025
4.680556,0.55654
4.683333,0.5681
4.686111,0.564537
4.688889,0.471377
4.691667,0.436839
4.694444,0.392781
4.697222,0.479012
4.7,0.519629
4.702778,0.58478
4.705556,0.560607
4.708333,0.507556
4.711111,0.340348
4.713889,0.337945
4.716667,0.4108
4.719444,0.423395
4.722222,0.467902
4.725,0.466744
4.727778,0.373914
4.730556,0.258461
4.733333,0.258806
4.736111,0.292266
4.738889,0.29549
4.741667,0.365124
4.744444,0.412743
4.747222,0.294939
4.75,0.250658
4.752778,0.203095
4.755556,0.180507
4.758333,0.284809
4.761111,0.28391
4.763889,0.310081
4.766667,0.319684
4.769444,0.236658
4.772222,0.19011
4.775,0.157133
4.777778,0.254612
4.780556,0.302512
4.783333,0.336214
4.786111,0.30003
4.788889,0.188886
4.791667,0.140847
4.794444,0.184886
4.797222,0.2521
4.8,0.292115
4.802778,0.307535
4.805556,0.297883
4.808333,0.277368
4.811111,0.200043
4.813889,0.192442
4.816667,0.212964
4.819444,0.280541
4.822222,0.298102
4.825,0.308039
4.827778,0.244826
4.830556,0.176294
4.833333,0.186999
4.836111,0.209765
4.838889,0.337445
4.841667,0.315183
4.844444,0.315795
4.847222,0.274422
4.85,0.229807
4.852778,0.169626
4.855556,0.155604
4.858333,0.264067
4.861111,0.364464
4.863889,0.379973
4.866667,0.269916
4.869444,0.29105
4.872222,0.216902
4.875,0.210816
4.877778,0.366915
4.880556,0.336766
4.883333,0.384404
4.886111,0.280538
4.888889,0.229655
4.891667,0.205072
4.894444,0.217763
4.897222,0.254956
4.9,0.342332
4.902778,0.385518
4.905556,0.366006
4.908333,0.291664
4.911111,0.254977
4.913889,0.216419
4.916667,0.281795
4.919444,0.367335
4.922222,0.434298
4.925,0.352818
4.927778,0.266845
4.930556,0.2156
4.933333,0.191158
4.936111,0.284556
4.938889,0.264437
4.941667,0.410231
4.944444,0.334878
4.947222,0.334008
4.95,0.227166
4.952778,0.228158
4.955556,0.21846
4.958333,0.278117
4.961111,0.364371
4.963889,0.400762
4.966667,0.362676
4.969444,0.25484
4.972222,0.241271
4.975,0.296155
4.977778,0.302606
4.980556,0.343897
4.983333,0.410271
4.986111,0.312497
4.988889,0.322295
4.991667,0.247947
4.994444,0.241989
4.997222,0.310121
5.0,0.374311
5.002778,0.429597
5.005556,0.40661
5.008333,0.298479
5.011111,0.250256
5.013889,0.25922
5.016667,0.264228
5.019444,0.285374
5.022222,0.430987
5.025,0.354468
5.027778,0.324874
5.030556,0.280285
5.033333,0.220127
5.036111,0.298987
5.038889,0.36968
5.041667,0.445149
5.044444,0.447488
5.047222,0.360569
5.05,0.306701
5.052778,0.291693
5.055556,0.314916
5.058333,0.387184
5.061111,0.431718
5.063889,0.420521
5.066667,0.433845
5.069444,0.31521
5.072222,0.310658
5.075,0.219376
5.077778,0.343238
5.080556,0.367417
5.083333,0.41663
5.086111,0.406366
5.088889,0.270291
5.091667,0.26914
5.094444,0.297391
5.097222,0.370787
5.1,0.408978
5.102778,0.491091
5.105556,0.419373
5.108333,0.332848
5.111111,0.248236
5.113889,0.303005
5.116667,0.283251
5.119444,0.380987
5.122222,0.48526
5.125,0.433879
5.127778,0.376507
5.130556,0.30769
5.133333,0.318432
5.136111,0.315582
5.138889,0.401418
5.141667,0.474399
5.144444,0.397924
5.147222,0.441804
5.15,0.3314
5.152778,0.285587
5.155556,0.327327
5.158333,0.362076
5.161111,0.423551
5.163889,0.421494
5.166667,0.426039
5.169444,0.361401
5.172222,0.272394
5.175,0.34548
5.177778,0.364429
5.180556,0.436551
5.183333,0.433779
5.186111,0.446917
5.188889,0.312762
5.191667,0.296437
5.194444,0.252941
5.197222,0.382868
5.2,0.39227
5.202778,0.435374
5.205556,0.450892
5.208333,0.35543
5.211111,0.393709
5.213889,0.329933
5.216667,0.375346
5.219444,0.353033
5.222222,0.479259
5.225,0.525348
5.227778,0.396586
5.230556,0.343533
5.233333,0.39089
5.236111,0.363213
5.238889,0.542563
5.241667,0.542503
5.244444,0.566139
5.247222,0.475064
5.25,0.450186
5.252778,0.413686
5.255556,0.435767
5.258333,0.50809
5.261111,0.574931
5.263889,0.607953
5.266667,0.575849
5.269444,0.48933
5.272222,0.378875
5.275,0.464494
5.277778,0.467598
5.280556,0.528748
5.283333,0.500494
5.286111,0.498497
5.288889,0.461894
5.291667,0.37061
5.294444,0.412027
5.297222,0.458437
5.3,0.482331
5.302778,0.514351
5.305556,0.459773
5.308333,0.470611
5.311111,0.354924
5.313889,0.377886
5.316667,0.35846
5.319444,0.42551
5.322222,0.475342
5.325,0.429997
5.327778,0.424593
5.330556,0.397091
5.333333,0.318648
5.336111,0.290051
5.338889,0.364239
5.341667,0.371761
5.344444,0.462831
5.347222,0.558161
5.35,0.688649
5.352778,0.916405
5.355556,1.199461
5.358333,1.414654
5.361111,1.40893
5.363889,1.289894
5.366667,0.967569
5.369444,0.559642
5.372222,0.344848
5.375,0.186772
5.377778,0.255875
5.380556,0.286419
5.383333,0.36152
5.386111,0.399517
5.388889,0.353017
5.391667,0.308046
5.394444,0.338342
5.397222,0.399532
5.4,0.426984
5.402778,0.520032
5.405556,0.500128
5.408333,0.447087
5.411111,0.40585
5.413889,0.356234
5.416667,0.425796
5.419444,0.527242
5.422222,0.609965
5.425,0.53048
5.427778,0.5002
5.430556,0.507204
5.433333,0.42614
5.436111,0.484132
5.438889,0.564165
5.441667,0.622923
5.444444,0.672766
5.447222,0.616494
5.45,0.536092
5.452778,0.604656
5.455556,0.576178
5.458333,0.664348
5.461111,0.72968
5.463889,0.793522
5.466667,0.701727
5.469444,0.708924
5.472222,0.654956
5.475,0.67328
5.477778,0.715924
5.480556,0.862496
5.483333,0.880525
5.486111,0.835236
5.488889,0.744186
5.491667,0.695368
5.494444,0.657757
5.497222,0.686491
5.5,0.793837
5.502778,0.794734
5.505556,0.710603
5.508333,0.664158
5.511111,0.565407
5.513889,0.583438
5.516667,0.617717
5.519444,0.6735
5.522222,0.694956
5.525,0.664075
5.527778,0.59434
5.530556,0.524111
5.533333,0.521888
5.536111,0.51101
5.538889,0.624281
5.541667,0.669721
5.544444,0.584783
5.547222,0.538949
5.55,0.448982
5.552778,0.357152
5.555556,0.425802
5.558333,0.475954
5.561111,0.55794
5.563889,0.545137
5.566667,0.531391
5.569444,0.449721
5.572222,0.382753
5.575,0.369702
5.577778,0.439115
5.580556,0.515157
5.583333,0.513227
5.586111,0.48888
5.588889,0.444005
5.591667,0.410311
5.594444,0.418419
5.597222,0.394575
5.6,0.473405
5.602778,0.533292
5.605556,0.490053
5.608333,0.462512
5.611111,0.425332
5.613889,0.386097
5.616667,0.445057
5.619444,0.544523
5.622222,0.529163
5.625,0.617079
5.627778,0.514369
5.630556,0.476035
5.633333,0.391228
5.636111,0.400869
5.638889,0.456958
5.641667,0.512389
5.644444,0.535931
5.647222,0.479883
5.65,0.469218
5.652778,0.37192
5.655556,0.410039
5.658333,0.459146
5.661111,0.527113
5.663889,0.567061
5.666667,0.466219
5.669444,0.424814
5.672222,0.392288
5.675,0.451403
5.677778,0.461167
5.680556,0.529483
5.683333,0.557704
5.686111,0.536529
5.688889,0.469729
5.691667,0.367161
5.694444,0.392465
5.697222,0.395757
5.7,0.52175
5.702778,0.535035
5.705556,0.534886
5.708333,0.433735
5.711111,0.410791
5.713889,0.355048
5.716667,0.483807
5.719444,0.515101
5.722222,0.504208
5.725,0.522309
5.727778,0.416696
5.730556,0.363
5.733333,0.430995
5.736111,0.416157
5.738889,0.417039
5.741667,0.553236
5.744444,0.533783
5.747222,0.521203
5.75,0.377799
5.752778,0.415578
5.755556,0.43949
5.758333,0.481892
5.761111,0.528024
5.763889,0.55259
5.766667,0.453272
5.769444,0.434679
5.772222,0.372316
5.775,0.401458
5.777778,0.411949
5.780556,0.479932
5.783333,0.531243
5.786111,0.435193
5.788889,0.441397
5.791667,0.388986
5.794444,0.402256
5.797222,0.467905
5.8,0.481537
5.802778,0.56353
5.805556,0.561789
5.808333,0.503645
5.811111,0.407262
5.813889,0.390644
5.816667,0.451902
5.819444,0.526575
5.822222,0.486563
5.825,0.502011
5.827778,0.50017
5.830556,0.413676
5.833333,0.372731
5.836111,0.347951
5.838889,0.49987
5.841667,0.485806
5.844444,0.544815
5.847222,0.446645
5.85,0.425629
5.852778,0.34687
5.855556,0.341952
5.858333,0.442099
5.861111,0.539908
5.863889,0.562666
5.866667,0.559826
5.869444,0.406146
5.872222,0.331129
5.875,0.341235
5.877778,0.415519
5.880556,0.485245
5.883333,0.573696
5.886111,0.500344
5.888889,0.406161
5.891667,0.366999
5.894444,0.390401
5.897222,0.454368
5.9,0.505294
5.902778,0.528823
5.905556,0.527891
5.908333,0.434369
5.911111,0.362467
5.913889,0.372089
5.916667,0.425436
5.919444,0.381944
5.922222,0.47949
5.925,0.5297
5.927778,0.472898
5.930556,0.428572
5.933333,0.346756
5.936111,0.397118
5.938889,0.466758
5.941667,0.556047
5.944444,0.539951
5.947222,0.446773
5.95,0.45549
5.952778,0.393117
5.955556,0.412349
5.958333,0.444926
5.961111,0.517005
5.963889,0.505869
5.966667,0.465101
5.969444,0.374157
5.972222,0.35389
5.975,0.37154
5.977778,0.455185
5.980556,0.450032
5.983333,0.518416
5.986111,0.470762
5.988889,0.454154
5.991667,0.366946
5.994444,0.380345
5.997222,0.433079
6.0,0.471996
6.002778,0.470712
6.005556,0.47816
6.008333,0.388089
6.011111,0.352627
6.013889,0.308288
6.016667,0.397457
6.019444,0.490175
6.022222,0.473674
6.025,0.530278
6.027778,0.439359
6.030556,0.351905
6.033333,0.360442
6.036111,0.367555
6.038889,0.519379
6.041667,0.523153
6.044444,0.51957
6.047222,0.45642
6.05,0.404743
6.052778,0.403325
6.055556,0.437523
6.058333,0.493787
6.061111,0.514105
6.063889,0.605564
6.066667,0.518553
6.069444,0.505289
6.072222,0.471867
6.075,0.414351
6.077778,0.504836
6.080556,0.588589
6.083333,0.5593
6.086111,0.559175
6.088889,0.387017
6.091667,0.398613
6.094444,0.363812
6.097222,0.468562
6.1,0.537146
6.102778,0.478499
6.105556,0.491297
6.108333,0.428432
6.111111,0.395886
6.113889,0.323498
6.116667,0.365458
6.119444,0.387053
6.122222,0.486434
6.125,0.460967
6.127778,0.389344
6.130556,0.373988
6.133333,0.239345
6.136111,0.327567
6.138889,0.404007
6.141667,0.491971
6.144444,0.466354
6.147222,0.423686
6.15,0.292248
6.152778,0.218332
6.155556,0.284457
6.158333,0.267537
6.161111,0.422693
6.163889,0.50689
6.166667,0.669589
6.169444,0.775305
6.172222,1.017897
6.175,1.17955
6.177778,1.302544
6.180556,1.316461
6.183333,1.106473
6.186111,0.843055
6.188889,0.49153
6.191667,0.281378
6.194444,0.104694
6.197222,0.192066
6.2,0.244424
6.202778,0.279325
6.205556,0.324347
6.208333,0.268638
6.211111,0.282339
6.213889,0.27016
6.216667,0.331366
6.219444,0.439336
6.222222,0.415846
6.225,0.46765
6.227778,0.387999
6.230556,0.289351
6.233333,0.284138
6.236111,0.315477
6.238889,0.402712
6.241667,0.498148
6.244444,0.506107
6.247222,0.460618
6.25,0.345556
6.252778,0.317025
6.255556,0.352499
6.258333,0.466381
6.261111,0.56869
6.263889,0.507955
6.266667,0.519242
6.269444,0.394459
6.272222,0.47454
6.275,0.392248
6.277778,0.518774
6.280556,0.612934
6.283333,0.616128
6.286111,0.614751
6.288889,0.552368
6.291667,0.548219
6.294444,0.55475
6.297222,0.578703
6.3,0.68339
6.302778,0.674352
6.305556,0.698637
6.308333,0.620198
6.311111,0.62424
6.313889,0.543747
6.316667,0.632573
6.319444,0.655729
6.322222,0.696125
6.325,0.666836
6.327778,0.625165
6.330556,0.560785
6.333333,0.494852
6.336111,0.487124
6.338889,0.581782
6.341667,0.590805
6.344444,0.609912
6.347222,0.510859
6.35,0.433572
6.352778,0.401301
6.355556,0.415428
6.358333,0.44603
6.361111,0.461008
6.363889,0.496565
6.366667,0.428806
6.369444,0.386345
6.372222,0.355493
6.375,0.29232
6.377778,0.372054
6.380556,0.435473
6.383333,0.422978
6.386111,0.365546
6.388889,0.342728
6.391667,0.256
6.394444,0.240385
6.397222,0.219732
6.4,0.378486
6.402778,0.383396
6.405556,0.342668
6.408333,0.30414
6.411111,0.265381
6.413889,0.201949
6.416667,0.253769
6.419444,0.290289
6.422222,0.410704
6.425,0.366986
6.427778,0.30518
6.430556,0.251908
6.433333,0.16537
6.436111,0.205953
6.438889,0.262378
6.441667,0.368015
6.444444,0.377439
6.447222,0.324294
6.45,0.259774
6.452778,0.171954
6.455556,0.246892
6.458333,0.241379
6.461111,0.323717
6.463889,0.317511
6.466667,0.324725
6.469444,0.243241
6.472222,0.171227
6.475,0.222957
6.477778,0.244722
6.480556,0.380797
6.483333,0.419135
6.486111,0.375693
6.488889,0.226235
6.491667,0.166507
6.494444,0.197003
6.497222,0.27351
6.5,0.296042
6.502778,0.3439
6.505556,0.280298
6.508333,0.232554
6.511111,0.192042
6.513889,0.152875
6.516667,0.226783
6.519444,0.269117
6.522222,0.338091
6.525,0.349848
6.527778,0.231081
6.530556,0.233552
6.533333,0.157466
6.536111,0.194733
6.538889,0.265632
6.541667,0.3231
6.544444,0.366836
6.547222,0.286214
6.55,0.205263
6.552778,0.125581
6.555556,0.147565
6.558333,0.237816
6.561111,0.331088
6.563889,0.306716
6.566667,0.233542
6.569444,0.138771
6.572222,0.149806
6.575,0.131465
6.577778,0.254413
6.580556,0.264742
6.583333,0.267741
6.586111,0.264295
6.588889,0.157657
6.591667,0.138951
6.594444,0.140712
6.597222,0.159333
6.6,0.271433
6.602778,0.313964
6.605556,0.290599
6.608333,0.176034
6.611111,0.122557
6.613889,0.102101
6.616667,0.104994
6.619444,0.259795
6.622222,0.287629
6.625,0.222066
6.627778,0.229407
6.630556,0.133497
6.633333,0.062166
6.636111,0.131584
6.638889,0.199984
6.641667,0.260847
6.644444,0.276076
6.647222,0.230894
6.65,0.124346
6.652778,0.055076
6.655556,0.127185
6.658333,0.203377
6.661111,0.249873
6.663889,0.226349
6.666667,0.166608
6.669444,0.162942
6.672222,0.055876
6.675,0.07949
6.677778,0.165804
6.680556,0.250894
6.683333,0.25794
6.686111,0.230457
6.688889,0.158966
6.691667,0.06222
6.694444,0.093514
6.697222,0.152904
6.7,0.169853
6.702778,0.232054
6.705556,0.207635
6.708333,0.168675
6.711111,0.089482
6.713889,0.085953
6.716667,0.154799
6.719444,0.163515
6.722222,0.199494
6.725,0.22178
6.727778,0.179495
6.730556,0.148044
6.733333,0.05866
6.736111,0.154851
6.738889,0.156119
6.741667,0.188856
6.744444,0.174027
6.747222,0.213023
6.75,0.112568
6.752778,0.058472
6.755556,0.091308
6.758333,0.138329
6.761111,0.192683
6.763889,0.238696
6.766667,0.196337
6.769444,0.171982
6.772222,0.059013
6.775,0.065057
6.777778,0.134029
6.780556,0.190266
6.783333,0.197118
6.786111,0.074624
6.788889,0.044352
6.791667,0.035494
6.794444,0.044997
6.797222,0.089737
6.8,0.152468
6.802778,0.198609
6.805556,0.155682
6.808333,0.056287
6.811111,0.075449
6.813889,0.023208
6.816667,0.077435
6.819444,0.131288
6.822222,0.166913
6.825,0.152515
6.827778,0.087122
6.830556,0.030877
6.833333,0.009891
6.836111,0.01597
6.838889,0.08584
6.841667,0.153869
6.844444,0.154642
6.847222,0.11133
6.85,0.005728
6.852778,0.016139
6.855556,0.056756
6.858333,0.095049
6.861111,0.125243
6.863889,0.182888
6.866667,0.116553
6.869444,0.032294
6.872222,0.001497
6.875,0.023119
6.877778,0.073531
6.880556,0.046147
6.883333,0.135982
6.886111,0.0979
6.888889,0.042567
6.891667,0.012334
6.894444,0.006323
6.897222,0.101827
6.9,0.099706
6.902778,0.179488
6.905556,0.149044
6.908333,0.070773
6.911111,0.020149
6.913889,0.008815
6.916667,0.049503
6.919444,0.148289
6.922222,0.179165
6.925,0.205161
6.927778,0.17194
6.930556,0.051747
6.933333,0.034093
6.936111,0.049903
6.938889,0.141644
6.941667,0.195521
6.944444,0.163288
6.947222,0.194294
6.95,0.073532
6.952778,0.033266
6.955556,0.079443
6.958333,0.167691
6.961111,0.070973
6.963889,0.15957
6.966667,0.136662
6.969444,0.053835
6.972222,-0.025193
6.975,-0.062503
6.977778,0.039366
6.980556,0.09894
6.983333,0.137872
6.986111,0.109139
6.988889,-0.00439
6.991667,-0.075966
6.994444,-0.023029
6.997222,-0.006212
7.0,0.066177
7.002778,0.047984
7.005556,0.062382
7.008333,-0.011645
7.011111,-0.064364
7.013889,-0.123839
7.016667,-0.034869
7.019444,-0.032277
7.022222,-0.035259
7.025,-0.062787
7.027778,-0.099614
7.030556,-0.09911
7.033333,-0.041891
7.036111,0.171596
7.038889,0.443444
7.041667,0.722542
7.044444,0.883855
7.047222,0.962181
7.05,0.803394
7.052778,0.657264
7.055556,0.42713
7.058333,0.188043
7.061111,0.081849
7.063889,-0.087195
7.066667,-0.173664
7.069444,-0.224197
7.072222,-0.256512
7.075,-0.244471
7.077778,-0.13781
7.080556,0.002269
7.083333,0.03201
7.086111,0.000537
7.088889,-0.056111
7.091667,-0.096086
7.094444,-0.095653
7.097222,-0.033359
7.1,0.070128
7.102778,0.11424
7.105556,-0.019252
7.108333,-0.035532
7.111111,-0.093199
7.113889,-0.098707
7.116667,-0.082578
7.119444,0.019304
7.122222,0.076601
7.125,0.066316
7.127778,0.003884
7.130556,-0.069688
7.133333,-0.051661
7.136111,-0.001548
7.138889,0.107511
7.141667,0.116503
7.144444,0.114246
7.147222,0.083686
7.15,0.051198
7.152778,0.097958
7.155556,0.086072
7.158333,0.106552
7.161111,0.225285
7.163889,0.198163
7.166667,0.228267
7.169444,0.181725
7.172222,0.099262
7.175,0.126937
7.177778,0.206894
7.180556,0.259546
7.183333,0.302567
7.186111,0.24926
7.188889,0.177696
7.191667,0.158866
7.194444,0.131183
7.197222,0.203321
7.2,0.251808
7.202778,0.305704
7.205556,0.241444
7.208333,0.141698
7.211111,0.118829
7.213889,0.089825
7.216667,0.040391
7.219444,0.156441
7.222222,0.170623
7.225,0.200373
7.227778,0.111655
7.230556,-0.061572
7.233333,-0.050654
7.236111,0.002611
7.238889,0.037618
7.241667,0.063114
7.244444,0.041682
7.247222,0.025994
7.25,-0.039327
7.252778,-0.092503
7.255556,-0.147143
7.258333,-0.062903
7.261111,-0.074682
7.263889,-0.033039
7.266667,-0.019122
7.269444,-0.109184
7.272222,-0.115696
7.275,-0.144
7.277778,-0.10603
7.280556,-0.035343
7.283333,-0.062643
7.286111,-0.039566
7.288889,-0.097022
7.291667,-0.17029
7.294444,-0.215949
7.297222,-0.141863
7.3,-0.052798
7.302778,-0.053422
7.305556,-0.105784
7.308333,-0.123482
7.311111,-0.176413
7.313889,-0.239336
7.316667,-0.189078
7.319444,-0.096977
7.322222,0.009451
7.325,-0.086705
7.327778,-0.168341
7.330556,-0.225352
7.333333,-0.261621
7.336111,-0.18514
7.338889,-0.114079
7.341667,-0.061277
7.344444,-0.063694
7.347222,-0.158644
7.35,-0.16434
7.352778,-0.216241
7.355556,-0.209357
7.358333,-0.167482
7.361111,-0.01007
7.363889,-0.035693
7.366667,-0.11957
7.369444,-0.185594
7.372222,-0.246508
7.375,-0.234515
7.377778,-0.168417
7.380556,-0.151477
7.383333,-0.017106
7.386111,-0.167751
7.388889,-0.137126
7.391667,-0.226734
7.394444,-0.206617
7.397222,-0.247811
7.4,-0.111769
7.402778,-0.041461
7.405556,-0.157284
7.408333,-0.181322
7.411111,-0.199345
7.413889,-0.221366
7.416667,-0.168761
7.419444,-0.116004
7.422222,-0.083605
7.425,-0.118808
7.427778,-0.191495
7.430556,-0.204283
7.433333,-0.262158
7.436111,-0.270513
7.438889,-0.154279
7.441667,-0.118486
7.444444,-0.108382
7.447222,-0.189211
7.45,-0.233125
7.452778,-0.248893
7.455556,-0.238545
7.458333,-0.187188
7.461111,-0.186247
7.463889,-0.118868
7.466667,-0.115367
7.469444,-0.230334
7.472222,-0.289577
7.475,-0.25149
7.477778,-0.168445
7.480556,-0.086989
7.483333,-0.079909
7.486111,-0.146822
7.488889,-0.172571
7.491667,-0.234903
7.494444,-0.296077
7.497222,-0.225582
7.5,-0.202369
7.502778,-0.083118
7.505556,-0.118554
7.508333,-0.209305
7.511111,-0.297637
7.513889,-0.236269
7.516667,-0.269832
7.519444,-0.155585
7.522222,-0.147222
7.525,-0.117405
7.527778,-0.203213
7.530556,-0.276165
7.533333,-0.310547
7.536111,-0.254091
7.538889,-0.15932
7.541667,-0.152626
7.544444,-0.103492
7.547222,-0.168538
7.55,-0.204222
7.552778,-0.299555
7.555556,-0.266262
7.558333,-0.194094
7.561111,-0.141026
7.563889,-0.144613
7.566667,-0.134158
7.569444,-0.245682
7.572222,-0.286756
7.575,-0.269995
7.577778,-0.180756
7.580556,-0.195914
7.583333,-0.109731
7.586111,-0.217269
7.588889,-0.251011
7.591667,-0.320069
7.594444,-0.276077
7.597222,-0.232828
7.6,-0.171012
7.602778,-0.122689
7.605556,-0.133133
7.608333,-0.268032
7.611111,-0.32891
7.613889,-0.314642
7.616667,-0.269011
7.619444,-0.197145
7.622222,-0.211904
7.625,-0.188751
7.627778,-0.228715
7.630556,-0.250008
7.633333,-0.314645
7.636111,-0.265766
7.638889,-0.209278
7.641667,-0.190655
7.644444,-0.154713
7.647222,-0.266002
7.65,-0.278323
7.652778,-0.354054
7.655556,-0.350696
7.658333,-0.2131
7.661111,-0.168513
7.663889,-0.195764
7.666667,-0.201335
7.669444,-0.271799
7.672222,-0.34823
7.675,-0.33007
7.677778,-0.273785
7.680556,-0.160126
7.683333,-0.103762
7.686111,-0.17815
7.688889,-0.335664
7.691667,-0.282817
7.694444,-0.308277
7.697222,-0.261121
7.7,-0.214729
7.702778,-0.144805
7.705556,-0.186
7.708333,-0.249247
7.711111,-0.333532
7.713889,-0.323547
7.716667,-0.212024
7.719444,-0.151028
7.722222,-0.187795
7.725,-0.178362
7.727778,-0.242895
7.730556,-0.277171
7.733333,-0.275897
7.736111,-0.278234
7.738889,-0.223706
7.741667,-0.21457
7.744444,-0.155665
7.747222,-0.191688
7.75,-0.331629
7.752778,-0.359012
7.755556,-0.310754
7.758333,-0.281071
7.761111,-0.217048
7.763889,-0.145269
7.766667,-0.247321
7.769444,-0.312873
7.772222,-0.344477
7.775,-0.302895
7.777778,-0.243491
7.780556,-0.150425
7.783333,-0.153496
7.786111,-0.15238
7.788889,-0.229509
7.791667,-0.341837
7.794444,-0.314947
7.797222,-0.248629
7.8,-0.151081
7.802778,-0.120104
7.805556,-0.122637
7.808333,-0.213818
7.811111,-0.276392
7.813889,-0.237538
7.816667,-0.277914
7.819444,-0.16822
7.822222,-0.061939
7.825,-0.0742
7.827778,-0.216806
7.830556,-0.224028
7.833333,-0.292735
7.836111,-0.262854
7.838889,-0.194003
7.841667,-0.117593
7.844444,-0.127397
7.847222,-0.176699
7.85,-0.289636
7.852778,-0.326534
7.855556,-0.294849
7.858333,-0.243129
7.861111,-0.147548
7.863889,-0.227342
7.866667,-0.288642
7.869444,-0.320222
7.872222,-0.378611
7.875,-0.319387
7.877778,-0.285622
7.880556,-0.260871
7.883333,-0.209695
7.886111,-0.293159
7.888889,-0.357221
7.891667,-0.43773
7.894444,-0.448186
7.897222,-0.376923
7.9,-0.154506
7.902778,0.082682
7.905556,0.28221
7.908333,0.438209
7.911111,0.569526
7.913889,0.539459
7.916667,0.542025
7.919444,0.382343
7.922222,0.121884
7.925,-0.068898
7.927778,-0.274755
7.930556,-0.528762
7.933333,-0.576563
7.936111,-0.52436
7.938889,-0.452593
7.941667,-0.31601
7.944444,-0.256092
7.947222,-0.250729
7.95,-0.31546
7.952778,-0.371083
7.955556,-0.31538
7.958333,-0.243247
7.961111,-0.178623
7.963889,-0.196024
7.966667,-0.264896
7.969444,-0.303227
7.972222,-0.358213
7.975,-0.278905
7.977778,-0.250435
7.980556,-0.175308
7.983333,-0.167853
7.986111,-0.121057
7.988889,-0.274333
7.991667,-0.308624
7.994444,-0.269917
7.997222,-0.258466
8.0,-0.111528
8.002778,-0.024798
8.005556,-0.148065
8.008333,-0.058041
8.011111,-0.222936
8.013889,-0.144248
8.016667,-0.083036
8.019444,-0.067731
8.022222,0.042972
8.025,0.035284
8.027778,-0.026619
8.030556,-0.075155
8.033333,-0.059645
8.036111,-0.052068
8.038889,0.042448
8.041667,0.093607
8.044444,0.078586
8.047222,0.040359
8.05,-0.0098
8.052778,-0.014135
8.055556,-0.053248
8.058333,-0.036133
8.061111,-0.009885
8.063889,0.136897
8.066667,0.08221
8.069444,-0.097095
8.072222,-0.143285
8.075,-0.11687
8.077778,-0.08194
8.080556,-0.017147
8.083333,-0.048883
8.086111,-0.103537
8.088889,-0.154784
8.091667,-0.196376
8.094444,-0.250679
8.097222,-0.159338
8.1,-0.145662
8.102778,-0.128221
8.105556,-0.147268
8.108333,-0.231706
8.111111,-0.226674
8.113889,-0.335224
8.116667,-0.294145
8.119444,-0.232146
8.122222,-0.129924
8.125,-0.206634
8.127778,-0.167604
8.130556,-0.324752
8.133333,-0.344666
8.136111,-0.297786
8.138889,-0.260759
8.141667,-0.205478
8.144444,-0.141364
8.147222,-0.263495
8.15,-0.300686
8.152778,-0.330246
8.155556,-0.389096
8.158333,-0.20414
8.161111,-0.19901
8.163889,-0.135168
8.166667,-0.244656
8.169444,-0.308951
8.172222,-0.339088
8.175,-0.34619
8.177778,-0.300633
8.180556,-0.161256
8.183333,-0.227031
8.186111,-0.267783
8.188889,-0.291034
8.191667,-0.337478
8.194444,-0.31765
8.197222,-0.230948
8.2,-0.238465
8.202778,-0.196054
8.205556,-0.191394
8.208333,-0.313405
8.211111,-0.318973
8.213889,-0.374236
8.216667,-0.302909
8.219444,-0.25181
8.222222,-0.182204
8.225,-0.186912
8.227778,-0.229919
8.230556,-0.33289
8.233333,-0.31837
8.236111,-0.31256
8.238889,-0.174388
8.241667,-0.170397
8.244444,-0.217156
8.247222,-0.2351
8.25,-0.284742
8.252778,-0.321998
8.255556,-0.337014
8.258333,-0.272693
8.261111,-0.266918
8.263889,-0.152652
8.266667,-0.18967
8.269444,-0.312811
8.272222,-0.366148
8.275,-0.319946
8.277778,-0.280828
8.280556,-0.195714
8.283333,-0.166059
8.286111,-0.187833
8.288889,-0.32323
8.291667,-0.260694
8.294444,-0.289096
8.297222,-0.274855
8.3,-0.206282
8.302778,-0.209837
8.305556,-0.218505
8.308333,-0.283835
8.311111,-0.336556
8.313889,-0.381442
8.316667,-0.289557
8.319444,-0.176116
8.322222,-0.191943
8.325,-0.158233
8.327778,-0.257255
8.330556,-0.323896
8.333333,-0.324384
8.336111,-0.301712
8.338889,-0.154828
8.341667,-0.169495
8.344444,-0.190192
8.347222,-0.215832
8.35,-0.290881
8.352778,-0.328318
8.355556,-0.294195
8.358333,-0.221382
8.361111,-0.190626
8.363889,-0.102032
8.366667,-0.191236
8.369444,-0.336365
8.372222,-0.339563
8.375,-0.343454
8.377778,-0.245116
8.380556,-0.22274
8.383333,-0.136081
8.386111,-0.217826
8.388889,-0.27404
8.391667,-0.342637
8.394444,-0.301331
8.397222,-0.232573
8.4,-0.158375
8.402778,-0.18178
8.405556,-0.230945
8.408333,-0.2334
8.411111,-0.292794
8.413889,-0.298936
8.416667,-0.244214
8.419444,-0.207206
8.422222,-0.134883
8.425,-0.153376
8.427778,-0.23713
8.430556,-0.225366
8.433333,-0.276804
8.436111,-0.278956
8.438889,-0.214963
8.441667,-0.090654
8.444444,-0.13515
8.447222,-0.229649
8.45,-0.273468
8.452778,-0.355287
8.455556,-0.271296
8.458333,-0.258921
8.461111,-0.139355
8.463889,-0.077332
8.466667,-0.196773
8.469444,-0.293975
8.472222,-0.243255
8.475,-0.276623
8.477778,-0.186466
8.480556,-0.130452
8.483333,-0.12297
8.486111,-0.179423
8.488889,-0.242552
8.491667,-0.247946
8.494444,-0.270437
8.497222,-0.194279
8.5,-0.178752
8.502778,-0.155359
8.505556,-0.180422
8.508333,-0.148392
8.511111,-0.253522
8.513889,-0.258568
8.516667,-0.258671
8.519444,-0.182371
8.522222,-0.122175
8.525,-0.115703
8.527778,-0.137724
8.530556,-0.235913
8.533333,-0.219353
8.536111,-0.242425
8.538889,-0.149568
8.541667,-0.101012
8.544444,-0.080574
8.547222,-0.159247
8.55,-0.22741
8.552778,-0.262246
8.555556,-0.21373
8.558333,-0.143015
8.561111,-0.097443
8.563889,-0.085577
8.566667,-0.105573
8.569444,-0.198907
8.572222,-0.266137
8.575,-0.259054
8.577778,-0.153818
8.580556,-0.107892
8.583333,-0.100897
8.586111,-0.125112
8.588889,-0.172062
8.591667,-0.286201
8.594444,-0.227955
8.597222,-0.141085
8.6,-0.123499
8.602778,-0.064754
8.605556,-0.071485
8.608333,-0.135953
8.611111,-0.180999
8.613889,-0.248858
8.616667,-0.124502
8.619444,-0.027928
8.622222,0.022042
8.625,0.019517
8.627778,-0.106011
8.630556,-0.101274
8.633333,-0.09891
8.636111,-0.14723
8.638889,-0.060822
8.641667,0.002233
8.644444,-0.026444
8.647222,-0.072037
8.65,-0.144329
8.652778,-0.173856
8.655556,-0.138291
8.658333,-0.073568
8.661111,-0.030812
8.663889,-0.010108
8.666667,-0.115123
8.669444,-0.151899
8.672222,-0.172581
8.675,-0.243716
8.677778,-0.153582
8.680556,-0.082132
8.683333,-0.042302
8.686111,-0.084895
8.688889,-0.149873
8.691667,-0.231045
8.694444,-0.181008
8.697222,-0.181526
8.7,-0.139052
8.702778,-0.062377
8.705556,-0.194819
8.708333,-0.201145
8.711111,-0.232558
8.713889,-0.110983
8.716667,0.094097
8.719444,0.456
8.722222,0.706185
8.725,0.93824
8.727778,0.801681
8.730556,0.542062
8.733333,0.285185
8.736111,0.071688
8.738889,-0.071028
8.741667,-0.19806
8.744444,-0.186421
8.747222,-0.301153
8.75,-0.353747
8.752778,-0.296597
8.755556,-0.172225
8.758333,-0.136208
8.761111,-0.055085
8.763889,0.015056
8.766667,-0.109222
8.769444,-0.139618
8.772222,-0.170075
8.775,-0.208853
8.777778,-0.059867
8.780556,-0.025609
8.783333,0.018432
8.786111,-0.059292
8.788889,-0.098275
8.791667,-0.102929
8.794444,-0.103652
8.797222,-0.080232
8.8,0.026559
8.802778,0.0592
8.805556,0.054115
8.808333,0.0246
8.811111,-0.047993
8.813889,0.013354
8.816667,0.035894
8.819444,0.11844
8.822222,0.239398
8.825,0.199376
8.827778,0.109807
8.830556,0.070279
8.833333,0.053977
8.836111,0.094882
8.838889,0.216387
8.841667,0.289196
8.844444,0.305921
8.847222,0.214674
8.85,0.210732
8.852778,0.16162
8.855556,0.162236
8.858333,0.298289
8.861111,0.275309
8.863889,0.28715
8.866667,0.286917
8.869444,0.193572
8.872222,0.089269
8.875,0.0897
8.877778,0.159212
8.880556,0.218323
8.883333,0.212145
8.886111,0.220967
8.888889,0.140012
8.891667,0.015413
8.894444,-0.004355
8.897222,0.072133
8.9,0.142359
8.902778,0.143023
8.905556,0.181538
8.908333,-0.004818
8.911111,-0.097495
8.913889,-0.075781
8.916667,-0.039109
8.919444,0.027378
8.922222,0.079405
8.925,0.032876
8.927778,-0.005134
8.930556,-0.052562
8.933333,-0.050517
8.936111,-0.00927
8.938889,-0.016399
8.941667,0.101798
8.944444,0.024886
8.947222,-0.025066
8.95,-0.11183
8.952778,-0.12521
8.955556,-0.090465
8.958333,-0.008918
8.961111,0.067826
8.963889,0.015221
8.966667,0.014687
8.969444,-0.021249
8.972222,-0.122961
8.975,-0.042663
8.977778,-0.022268
8.980556,0.043779
8.983333,0.062442
8.986111,0.035677
8.988889,-0.009895
8.991667,-0.0657
8.994444,-0.146774
8.997222,-0.041656
9.0,0.037629
9.002778,0.08563
9.005556,0.095171
9.008333,-0.048292
9.011111,-0.076127
9.013889,-0.064976
9.016667,-0.044852
9.019444,0.011179
9.022222,0.10395
9.025,-0.013102
9.027778,0.050836
9.030556,-0.024945
9.033333,-0.089329
9.036111,-0.035957
9.038889,0.038685
9.041667,0.117137
9.044444,0.103136
9.047222,0.035205
9.05,-0.023245
9.052778,-0.07722
9.055556,-0.030962
9.058333,0.064002
9.061111,0.108254
9.063889,0.072032
9.066667,0.040792
9.069444,-0.022469
9.072222,-0.051508
9.075,-0.006955
9.077778,-0.015944
9.080556,0.047224
9.083333,0.104988
9.086111,0.055251
9.088889,0.018203
9.091667,-0.061965
9.094444,-0.01426
9.097222,0.025852
9.1,0.094914
9.102778,0.171408
9.105556,0.092783
9.108333,0.008392
9.111111,-0.028841
9.113889,-0.049319
9.116667,0.028733
9.119444,0.0362
9.122222,0.098799
9.125,0.096361
9.127778,0.09999
9.130556,0.018504
9.133333,-0.071167
9.136111,0.071503
9.138889,0.101759
9.141667,0.072822
9.144444,0.1267
9.147222,0.051188
9.15,0.013164
9.152778,-0.007764
9.155556,0.009079
9.158333,0.08477
9.161111,0.12514
9.163889,0.156432
9.166667,0.095322
9.169444,0.010064
9.172222,0.011399
9.175,-0.001981
9.177778,0.069044
9.180556,0.138603
9.183333,0.193857
9.186111,0.095633
9.188889,-0.014089
9.191667,0.032142
9.194444,0.012565
9.197222,0.014109
9.2,0.143302
9.202778,0.163266
9.205556,0.096409
9.208333,0.043694
9.211111,0.010764
9.213889,0.022576
9.216667,0.118808
9.219444,0.131112
9.222222,0.160212
9.225,0.170381
9.227778,0.11607
9.230556,0.031454
9.233333,0.03432
9.236111,0.089222
9.238889,0.073383
9.241667,0.194176
9.244444,0.218808
9.247222,0.143613
9.25,0.058203
9.252778,0.039484
9.255556,0.05198
9.258333,0.088896
9.261111,0.143526
9.263889,0.2506
9.266667,0.123965
9.269444,0.061275
9.272222,0.026367
9.275,0.039186
9.277778,0.131394
9.280556,0.165184
9.283333,0.157182
9.286111,0.134654
9.288889,0.145411
9.291667,0.078055
9.294444,0.053413
9.297222,0.077501
9.3,0.1449
9.302778,0.182333
9.305556,0.157316
9.308333,0.142032
9.311111,0.096574
9.313889,0.079831
9.316667,0.161164
9.319444,0.18061
9.322222,0.164673
9.325,0.177387
9.327778,0.188719
9.330556,0.068405
9.333333,0.101102
9.336111,0.0714
9.338889,0.161276
9.341667,0.251022
9.344444,0.257738
9.347222,0.148016
9.35,0.119748
9.352778,0.073478
9.355556,0.096858
9.358333,0.126953
9.361111,0.20912
9.363889,0.264078
9.366667,0.229213
9.369444,0.131767
9.372222,0.04015
9.375,0.140238
9.377778,0.112878
9.380556,0.273786
9.383333,0.279333
9.386111,0.24779
9.388889,0.220498
9.391667,0.126857
9.394444,0.11205
9.397222,0.202736
9.4,0.217644
9.402778,0.311797
9.405556,0.283544
9.408333,0.232524
9.411111,0.158298
9.413889,0.171128
9.416667,0.256648
9.419444,0.289257
9.422222,0.310972
9.425,0.347797
9.427778,0.259631
9.430556,0.218179
9.433333,0.151128
9.436111,0.19506
9.438889,0.292279
9.441667,0.378903
9.444444,0.374002
9.447222,0.300925
9.45,0.175273
9.452778,0.186623
9.455556,0.154263
9.458333,0.237264
9.461111,0.288966
9.463889,0.296193
9.466667,0.258634
9.469444,0.204797
9.472222,0.181586
9.475,0.123324
9.477778,0.132702
9.480556,0.27936
9.483333,0.324004
9.486111,0.202156
9.488889,0.121211
9.491667,0.102154
9.494444,0.038172
9.497222,0.097544
9.5,0.150994
9.502778,0.220452
9.505556,0.302458
9.508333,0.408629
9.511111,0.59885
9.513889,0.822711
9.516667,1.050976
9.519444,1.228908
9.522222,1.17359
9.525,0.85742
9.527778,0.564877
9.530556,0.251128
9.533333,0.043428
9.536111,-0.061968
9.538889,0.046997
9.541667,0.119713
9.544444,0.173249
9.547222,0.159518
9.55,0.092403
9.552778,0.100198
9.555556,0.131208
9.558333,0.225894
9.561111,0.303473
9.563889,0.354962
9.566667,0.230801
9.569444,0.218951
9.572222,0.19115
9.575,0.165873
9.577778,0.318016
9.580556,0.336205
9.583333,0.35077
9.586111,0.356586
9.588889,0.310697
9.591667,0.214171
9.594444,0.218604
9.597222,0.26637
9.6,0.371832
9.602778,0.41725
9.605556,0.466971
9.608333,0.391068
9.611111,0.395502
9.613889,0.377282
9.616667,0.444231
9.619444,0.498784
9.622222,0.530913
9.625,0.553616
9.627778,0.490962
9.630556,0.466587
9.633333,0.435
9.636111,0.479588
9.638889,0.538215
9.641667,0.636371
9.644444,0.662853
9.647222,0.572527
9.65,0.478376
9.652778,0.508118
9.655556,0.506712
9.658333,0.585853
9.661111,0.639019
9.663889,0.564619
9.666667,0.538969
9.669444,0.480814
9.672222,0.420113
9.675,0.441011
9.677778,0.482315
9.680556,0.509732
9.683333,0.502478
9.686111,0.48985
9.688889,0.403265
9.691667,0.351637
9.694444,0.278009
9.697222,0.390447
9.7,0.456245
9.702778,0.41204
9.705556,0.381404
9.708333,0.30663
9.711111,0.210655
9.713889,0.19613
9.716667,0.280236
9.719444,0.337575
9.722222,0.35762
9.725,0.343527
9.727778,0.309768
9.730556,0.166751
9.733333,0.208726
9.736111,0.257905
9.738889,0.279654
9.741667,0.396978
9.744444,0.362893
9.747222,0.294699
9.75,0.311105
9.752778,0.22918
9.755556,0.28649
9.758333,0.260414
9.761111,0.377709
9.763889,0.423584
9.766667,0.306185
9.769444,0.242346
9.772222,0.22912
9.775,0.222456
9.777778,0.25476
9.780556,0.341142
9.783333,0.396792
9.786111,0.335011
9.788889,0.302449
9.791667,0.197497
9.794444,0.250434
9.797222,0.235635
9.8,0.330693
9.802778,0.371387
9.805556,0.324627
9.808333,0.264694
9.811111,0.231176
9.813889,0.262985
9.816667,0.29867
9.819444,0.308427
9.822222,0.412702
9.825,0.402892
9.827778,0.311121
9.830556,0.258734
9.833333,0.253472
9.836111,0.278918
9.838889,0.312366
9.841667,0.369388
9.844444,0.373478
9.847222,0.318817
9.85,0.27422
9.852778,0.226703
9.855556,0.233326
9.858333,0.367612
9.861111,0.423354
9.863889,0.354043
9.866667,0.384465
9.869444,0.329915
9.872222,0.184833
9.875,0.324798
9.877778,0.306732
9.880556,0.342486
9.883333,0.4263
9.886111,0.379025
9.888889,0.307958
9.891667,0.282769
9.894444,0.253073
9.897222,0.251707
9.9,0.356886
9.902778,0.387386
9.905556,0.350318
9.908333,0.328148
9.911111,0.261501
9.913889,0.24675
9.916667,0.294616
9.919444,0.296481
9.922222,0.359293
9.925,0.402946
9.927778,0.315753
9.930556,0.248681
9.933333,0.199373
9.936111,0.253043
9.938889,0.326122
9.941667,0.448708
9.944444,0.41784
9.947222,0.328245
9.95,0.272822
9.952778,0.20625
9.955556,0.255805
9.958333,0.373499
9.961111,0.404378
9.963889,0.394654
9.966667,0.335816
9.969444,0.247479
9.972222,0.209867
9.975,0.212322
9.977778,0.317739
9.980556,0.375548
9.983333,0.458717
9.986111,0.316892
9.988889,0.32542
9.991667,0.295004
9.994444,0.26495
9.997222,0.316589
10.0,0.414242
10.002778,0.398329
10.005556,0.390689
10.008333,0.363535
10.011111,0.297851
10.013889,0.27197
10.016667,0.302675
10.019444,0.372518
10.022222,0.47036
10.025,0.423026
10.027778,0.404253
10.030556,0.256823
10.033333,0.285702
10.036111,0.279512
10.038889,0.370933
10.041667,0.410578
10.044444,0.457751
10.047222,0.330979
10.05,0.302767
10.052778,0.263158
10.055556,0.290465
10.058333,0.361079
10.061111,0.443919
10.063889,0.431171
10.066667,0.404409
10.069444,0.298145
10.072222,0.228999
10.075,0.271717
10.077778,0.272191
10.080556,0.368991
10.083333,0.400616
10.086111,0.387997
10.088889,0.352235
10.091667,0.274895
10.094444,0.274627
10.097222,0.312703
10.1,0.361052
10.102778,0.436322
10.105556,0.475536
10.108333,0.392489
10.111111,0.238466
10.113889,0.297743
10.116667,0.274868
10.119444,0.41128
10.122222,0.40238
10.125,0.382446
10.127778,0.365152
10.130556,0.295233
10.133333,0.230861
10.136111,0.245232
10.138889,0.364041
10.141667,0.418516
10.144444,0.440367
10.147222,0.375758
10.15,0.334719
10.152778,0.249772
10.155556,0.287917
10.158333,0.352988
10.161111,0.450042
10.163889,0.436191
10.166667,0.446095
10.169444,0.32747
10.172222,0.286729
10.175,0.233083
10.177778,0.326202
10.180556,0.361577
10.183333,0.405399
10.186111,0.438709
10.188889,0.298889
10.191667,0.277778
10.194444,0.292839
10.197222,0.372672
10.2,0.401479
10.202778,0.397796
10.205556,0.375267
10.208333,0.401585
10.211111,0.305432
10.213889,0.295755
10.216667,0.303314
10.219444,0.376221
10.222222,0.516313
10.225,0.438675
10.227778,0.405642
10.230556,0.353308
10.233333,0.353204
10.236111,0.385253
10.238889,0.44763
10.241667,0.51027
10.244444,0.518261
10.247222,0.470342
10.25,0.400232
10.252778,0.286486
10.255556,0.414513
10.258333,0.447043
10.261111,0.49914
10.263889,0.470383
10.266667,0.443806
10.269444,0.384206
10.272222,0.284897
10.275,0.296258
10.277778,0.373582
10.280556,0.435296
10.283333,0.440751
10.286111,0.36773
10.288889,0.336871
10.291667,0.314924
10.294444,0.262977
10.297222,0.307076
10.3,0.405321
10.302778,0.438509
10.305556,0.437115
10.308333,0.310257
10.311111,0.258246
10.313889,0.287178
10.316667,0.287208
10.319444,0.323347
10.322222,0.346199
10.325,0.327164
10.327778,0.248106
10.330556,0.212579
10.333333,0.285536
10.336111,0.471937
10.338889,0.792138
10.341667,1.036587
10.344444,1.268688
10.347222,1.253777
10.35,1.201924
10.352778,1.007152
10.355556,0.833494
10.358333,0.589619
10.361111,0.44217
10.363889,0.260202
10.366667,0.19288
10.369444,0.142588
10.372222,0.057937
10.375,0.171335
10.377778,0.172622
10.380556,0.351708
10.383333,0.427517
10.386111,0.335465
10.388889,0.313241
10.391667,0.258516
10.394444,0.267762
10.397222,0.293338
10.4,0.364287
10.402778,0.383379
10.405556,0.392284
10.408333,0.305333
10.411111,0.281225
10.413889,0.323051
10.416667,0.304775
10.419444,0.419296
10.422222,0.477846
10.425,0.454454
10.427778,0.413061
10.430556,0.318577
10.433333,0.347614
10.436111,0.393049
10.438889,0.466575
10.441667,0.541923
10.444444,0.53341
10.447222,0.466555
10.45,0.400591
10.452778,0.427998
10.455556,0.456881
10.458333,0.553962
10.461111,0.563417
10.463889,0.70133
10.466667,0.578799
10.469444,0.504334
10.472222,0.507587
10.475,0.576053
10.477778,0.594045
10.480556,0.64175
10.483333,0.648373
10.486111,0.677322
10.488889,0.582138
10.491667,0.481572
10.494444,0.546436
10.497222,0.532546
10.5,0.64025
10.502778,0.634371
10.505556,0.589991
10.508333,0.559404
10.511111,0.446725
10.513889,0.440378
10.516667,0.485639
10.519444,0.535072
10.522222,0.529764
10.525,0.575518
10.527778,0.49401
10.530556,0.349218
10.533333,0.335742
10.536111,0.359804
10.538889,0.327278
10.541667,0.442998
10.544444,0.435548
10.547222,0.418242
10.55,0.222769
10.552778,0.20821
10.555556,0.279283
10.558333,0.338386
10.561111,0.394313
10.563889,0.425894
10.566667,0.394463
10.569444,0.281494
10.572222,0.244242
10.575,0.260233
10.577778,0.26572
10.580556,0.331029
10.583333,0.367697
10.586111,0.323205
10.588889,0.251852
10.591667,0.200616
10.594444,0.214816
10.597222,0.223075
10.6,0.305146
10.602778,0.392043
10.605556,0.286781
10.608333,0.274172
10.611111,0.201028
10.613889,0.233491
10.616667,0.262252
10.619444,0.256042
10.622222,0.361067
10.625,0.353417
10.627778,0.267368
10.630556,0.232984
10.633333,0.247588
10.636111,0.193154
10.638889,0.30491
10.641667,0.352807
10.644444,0.30921
10.647222,0.309845
10.65,0.232832
10.652778,0.215822
10.655556,0.252402
10.658333,0.256074
10.661111,0.368123
10.663889,0.315694
10.666667,0.326134
10.669444,0.226778
10.672222,0.236977
10.675,0.177372
10.677778,0.215665
10.680556,0.276277
10.683333,0.323164
10.686111,0.340865
10.688889,0.212891
10.691667,0.225021
10.694444,0.157757
10.697222,0.21485
10.7,0.273104
10.702778,0.327342
10.705556,0.309589
10.708333,0.255693
10.711111,0.217154
10.713889,0.243193
10.716667,0.172943
10.719444,0.268309
10.722222,0.323832
10.725,0.285659
10.727778,0.282598
10.730556,0.195224
10.733333,0.157422
10.736111,0.192537
10.738889,0.303355
10.741667,0.359837
10.744444,0.292423
10.747222,0.259689
10.75,0.175531
10.752778,0.161827
10.755556,0.193199
10.758333,0.205402
10.761111,0.279062
10.763889,0.344306
10.766667,0.276663
10.769444,0.222695
10.772222,0.096643
10.775,0.173908
10.777778,0.2508
10.780556,0.29299
10.783333,0.327768
10.786111,0.300553
10.788889,0.240384
10.791667,0.123309
10.794444,0.12469
10.797222,0.198556
10.8,0.236442
10.802778,0.292129
10.805556,0.301789
10.808333,0.179791
10.811111,0.113008
10.813889,0.101402
10.816667,0.192479
10.819444,0.227262
10.822222,0.318214
10.825,0.248232
10.827778,0.206658
10.830556,0.112432
10.833333,0.110921
10.836111,0.123673
10.838889,0.195501
10.841667,0.303847
10.844444,0.285067
10.847222,0.2058
10.85,0.205817
10.852778,0.072745
10.855556,0.135347
10.858333,0.148285
10.861111,0.248644
10.863889,0.269072
10.866667,0.192594
10.869444,0.139332
10.872222,0.113211
10.875,0.11817
10.877778,0.188954
10.880556,0.288142
10.883333,0.29177
10.886111,0.19862
10.888889,0.19831
10.891667,0.1022
10.894444,0.133639
10.897222,0.171547
10.9,0.206657
10.902778,0.262528
10.905556,0.221081
10.908333,0.186019
10.911111,0.114981
10.913889,0.020702
10.916667,0.135565
10.919444,0.189156
10.922222,0.262796
10.925,0.190996
10.927778,0.133531
10.930556,0.10362
10.933333,0.030526
10.936111,0.116815
10.938889,0.177451
10.941667,0.22576
10.944444,0.21992
10.947222,0.162517
10.95,0.11413
10.952778,0.067645
10.955556,0.139147
10.958333,0.146819
10.961111,0.207434
10.963889,0.222165
10.966667,0.229415
10.969444,0.149147
10.972222,0.026472
10.975,0.107115
10.977778,0.090362
10.980556,0.195229
10.983333,0.208115
10.986111,0.189528
10.988889,0.080422
10.991667,0.088868
10.994444,0.08267
10.997222,0.157896
11.0,0.166567
11.002778,0.182596
11.005556,0.196288
11.008333,0.117423
11.011111,0.102059
11.013889,0.094219
11.016667,0.073213
11.019444,0.124014
11.022222,0.232218
11.025,0.231384
11.027778,0.149222
11.030556,-0.006033
11.033333,-0.00314
11.036111,0.028795
11.038889,0.169123
11.041667,0.188772
11.044444,0.167644
11.047222,0.152389
11.05,0.095963
11.052778,0.046847
11.055556,0.019247
11.058333,0.126211
11.061111,0.128709
11.063889,0.13905
11.066667,0.14585
11.069444,0.014451
11.072222,0.053316
11.075,0.058251
11.077778,0.067934
11.080556,0.209225
11.083333,0.212678
11.086111,0.157255
11.088889,0.123097
11.091667,0.110241
11.094444,0.076204
11.097222,0.108787
11.1,0.190356
11.102778,0.180724
11.105556,0.220492
11.108333,0.136432
11.111111,0.114814
11.113889,0.038085
11.116667,0.172331
11.119444,0.265735
11.122222,0.195662
11.125,0.256928
11.127778,0.163787
11.130556,0.163343
11.133333,0.041223
11.136111,0.077232
11.138889,0.130805
11.141667,0.16786
11.144444,0.211694
11.147222,0.156533
11.15,0.071809
11.152778,-0.014779
11.155556,0.035007
11.158333,0.100802
11.161111,0.161913
11.163889,0.12365
11.166667,0.074115
11.169444,0.09219
11.172222,-0.086444
11.175,-0.013332
11.177778,0.050475
11.180556,0.082502
11.183333,0.186033
11.186111,0.057732
11.188889,0.000519
11.191667,-0.015566
11.194444,-0.096413
11.197222,-0.038649
11.2,-0.016894
11.202778,-0.014038
11.205556,0.037126
11.208333,-0.006685
11.211111,0.124811
11.213889,0.312276
11.216667,0.565935
11.219444,0.888522
11.222222,1.019463
11.225,0.995597
11.227778,0.886722
11.230556,0.56327
11.233333,0.33615
11.236111,0.105968
11.238889,-0.039243
11.241667,-0.072373
11.244444,-0.13861
11.247222,-0.151925
11.25,-0.246065
11.252778,-0.166097
11.255556,-0.097483
11.258333,-0.029409
11.261111,0.072271
11.263889,0.106274
11.266667,0.052722
11.269444,-0.01325
11.272222,-0.063755
11.275,-0.053702
11.277778,0.066465
11.280556,0.062021
11.283333,0.0528
11.286111,0.031355
11.288889,-0.018102
11.291667,-0.084837
11.294444,-0.035417
11.297222,0.011045
11.3,0.103548
11.302778,0.0711
11.305556,0.090634
11.308333,0.096249
11.311111,-0.049281
11.313889,-0.001997
11.316667,0.093556
11.319444,0.104778
11.322222,0.177945
11.325,0.159153
11.327778,0.184565
11.330556,0.102724
11.333333,0.141222
11.336111,0.096231
11.338889,0.170945
11.341667,0.276793
11.344444,0.230215
11.347222,0.288048
11.35,0.126273
11.352778,0.169076
11.355556,0.214785
11.358333,0.245349
11.361111,0.295222
11.363889,0.374319
11.366667,0.252428
11.369444,0.232851
11.372222,0.139515
11.375,0.140133
11.377778,0.216632
11.380556,0.276687
11.383333,0.260092
11.386111,0.197796
11.388889,0.16673
11.391667,0.04622
11.394444,0.070453
11.397222,0.130162
11.4,0.134163
11.402778,0.18989
11.405556,0.148876
11.408333,0.039605
11.411111,-0.029337
11.413889,-0.021598
11.416667,-0.015966
11.419444,0.0274
11.422222,0.045648
11.425,0.043477
11.427778,-0.024754
11.430556,-0.053438
11.433333,-0.135636
11.436111,-0.093885
11.438889,-0.047899
11.441667,-0.035033
11.444444,-0.037582
11.447222,-0.072641
11.45,-0.121563
11.452778,-0.173347
11.455556,-0.167903
11.458333,-0.09439
11.461111,-0.00334
11.463889,-0.016726
11.466667,-0.060247
11.469444,-0.13722
11.472222,-0.171979
11.475,-0.185581
11.477778,-0.124729
11.480556,-0.024025
11.483333,-0.045778
11.486111,-0.080556
11.488889,-0.118702
11.491667,-0.151736
11.494444,-0.162234
11.497222,-0.175743
11.5,-0.061602
11.502778,-0.06315
11.505556,-0.09966
11.508333,-0.09876
11.511111,-0.14827
11.513889,-0.179354
11.516667,-0.167933
11.519444,-0.119925
11.522222,-0.040536
11.525,-0.091493
11.527778,-0.173596
11.530556,-0.196028
11.533333,-0.21497
11.536111,-0.234456
11.538889,-0.167839
11.541667,-0.081925
11.544444,-0.042344
11.547222,-0.167492
11.55,-0.249247
11.552778,-0.203342
11.555556,-0.19798
11.558333,-0.179732
11.561111,-0.113647
11.563889,-0.071915
11.566667,-0.084088
11.569444,-0.2007
11.572222,-0.242316
11.575,-0.233814
11.577778,-0.133949
11.580556,-0.100334
11.583333,-0.075652
11.586111,-0.050118
11.588889,-0.171222
11.591667,-0.244383
11.594444,-0.222249
11.597222,-0.135781
11.6,-0.141665
11.602778,-0.110353
11.605556,-0.126859
11.608333,-0.144692
11.611111,-0.261549
11.613889,-0.241139
11.616667,-0.205288
11.619444,-0.119912
11.622222,-0.073143
11.625,-0.146367
11.627778,-0.192944
11.630556,-0.263087
11.633333,-0.268983
11.636111,-0.212067
11.638889,-0.194585
11.641667,-0.131887
11.644444,-0.148886
11.647222,-0.159302
11.65,-0.257026
11.652778,-0.235296
11.655556,-0.197935
11.658333,-0.194581
11.661111,-0.137102
11.663889,-0.094159
11.666667,-0.181751
11.669444,-0.247359
11.672222,-0.313386
11.675,-0.291473
11.677778,-0.251012
11.680556,-0.13334
11.683333,-0.141782
11.686111,-0.166485
11.688889,-0.184507
11.691667,-0.310123
11.694444,-0.282037
11.697222,-0.240706
11.7,-0.183376
11.702778,-0.12031
11.705556,-0.167833
11.708333,-0.175524
11.711111,-0.296378
11.713889,-0.300678
11.716667,-0.296662
11.719444,-0.19835
11.722222,-0.130033
11.725,-0.11087
11.727778,-0.24421
11.730556,-0.256751
11.733333,-0.350907
11.736111,-0.253794
11.738889,-0.19415
11.741667,-0.171784
11.744444,-0.170181
11.747222,-0.220304
11.75,-0.298991
11.752778,-0.26574
11.755556,-0.332493
11.758333,-0.272188
11.761111,-0.157455
11.763889,-0.1247
11.766667,-0.227497
11.769444,-0.249895
11.772222,-0.323225
11.775,-0.311322
11.777778,-0.214136
11.780556,-0.171558
11.783333,-0.166836
11.786111,-0.216279
11.788889,-0.292837
11.791667,-0.334771
11.794444,-0.289869
11.797222,-0.297658
11.8,-0.247661
11.802778,-0.21842
11.805556,-0.222499
11.808333,-0.238729
11.811111,-0.310977
11.813889,-0.423677
11.816667,-0.318892
11.819444,-0.260377
11.822222,-0.180244
11.825,-0.177422
11.827778,-0.286619
11.830556,-0.339557
11.833333,-0.274243
11.836111,-0.383976
11.838889,-0.252775
11.841667,-0.247457
11.844444,-0.224367
11.847222,-0.252689
11.85,-0.299535
11.852778,-0.376575
11.855556,-0.3619
11.858333,-0.291054
11.861111,-0.199001
11.863889,-0.218097
11.866667,-0.208581
11.869444,-0.352706
11.872222,-0.377523
11.875,-0.382488
11.877778,-0.267484
11.880556,-0.250944
11.883333,-0.149549
11.886111,-0.213359
11.888889,-0.310584
11.891667,-0.428072
11.894444,-0.358782
11.897222,-0.364571
11.9,-0.187709
11.902778,-0.185898
11.905556,-0.25511
11.908333,-0.295476
11.911111,-0.399028
11.913889,-0.416692
11.916667,-0.348026
11.919444,-0.294188
11.922222,-0.210721
11.925,-0.274362
11.927778,-0.324927
11.930556,-0.368231
11.933333,-0.402158
11.936111,-0.367294
11.938889,-0.293362
11.941667,-0.160371
11.944444,-0.190246
11.947222,-0.305502
11.95,-0.363295
11.952778,-0.384574
11.955556,-0.342126
11.958333,-0.282266
11.961111,-0.210203
11.963889,-0.181577
11.966667,-0.219744
11.969444,-0.275195
11.972222,-0.309349
11.975,-0.345325
11.977778,-0.233395
11.980556,-0.187341
11.983333,-0.136058
11.986111,-0.144505
11.988889,-0.278193
11.991667,-0.290748
11.994444,-0.290715
11.997222,-0.258464
12.0,-0.218611
12.002778,-0.215187
12.005556,-0.235757
12.008333,-0.33176
12.011111,-0.422599
12.013889,-0.361579
12.016667,-0.377065
12.019444,-0.271077
12.022222,-0.282305
12.025,-0.27261
12.027778,-0.343731
12.030556,-0.487525
12.033333,-0.385315
12.036111,-0.388319
12.038889,-0.327984
12.041667,-0.246844
12.044444,-0.274021
12.047222,-0.293609
12.05,-0.389172
12.052778,-0.491549
12.055556,-0.483372
12.058333,-0.506756
12.061111,-0.387046
12.063889,-0.347158
12.066667,-0.257865
12.069444,-0.196555
12.072222,0.077246
12.075,0.262825
12.077778,0.508918
12.080556,0.672481
12.083333,0.53069
12.086111,0.332139
12.088889,-0.047609
12.091667,-0.395313
12.094444,-0.520408
12.097222,-0.550281
12.1,-0.504992
12.102778,-0.480486
12.105556,-0.491639
12.108333,-0.435782
12.111111,-0.526158
12.113889,-0.432146
12.116667,-0.404054
12.119444,-0.301695
12.122222,-0.334352
12.125,-0.305192
12.127778,-0.315604
12.130556,-0.389928
12.133333,-0.419293
12.136111,-0.396696
12.138889,-0.393849
12.141667,-0.294392
12.144444,-0.270522
12.147222,-0.328827
12.15,-0.364271
12.152778,-0.358302
12.155556,-0.383782
12.158333,-0.23836
12.161111,-0.225859
12.163889,-0.177854
12.166667,-0.217936
12.169444,-0.350052
12.172222,-0.319052
12.175,-0.263176
12.177778,-0.20871
12.180556,-0.150066
12.183333,-0.126803
12.186111,-0.191038
12.188889,-0.194287
12.191667,-0.210862
12.194444,-0.180969
12.197222,-0.118389
12.2,-0.042653
12.202778,-0.049935
12.205556,-0.06785
12.208333,-0.103573
12.211111,-0.155833
12.213889,-0.152511
12.216667,-0.087585
12.219444,-0.040282
12.222222,-0.100474
12.225,-0.126882
12.227778,-0.079173
12.230556,-0.198483
12.233333,-0.231049
12.236111,-0.192505
12.238889,-0.172454
12.241667,-0.163176
12.244444,-0.11526
12.247222,-0.200217
12.25,-0.284895
12.252778,-0.380525
12.255556,-0.350563
12.258333,-0.293429
12.261111,-0.20578
12.263889,-0.258696
12.266667,-0.319644
12.269444,-0.404852
12.272222,-0.424851
12.275,-0.444899
12.277778,-0.404794
12.280556,-0.329462
12.283333,-0.361676
12.286111,-0.358455
12.288889,-0.389024
12.291667,-0.447332
12.294444,-0.482998
12.297222,-0.420042
12.3,-0.377672
12.302778,-0.356247
12.305556,-0.406386
12.308333,-0.424632
12.311111,-0.436621
12.313889,-0.48097
12.316667,-0.465665
12.319444,-0.378267
12.322222,-0.328977
12.325,-0.36497
12.327778,-0.439704
12.330556,-0.456992
12.333333,-0.475604
12.336111,-0.476725
12.338889,-0.399979
12.341667,-0.32244
12.344444,-0.312278
12.347222,-0.356926
12.35,-0.461877
12.352778,-0.470062
12.355556,-0.466705
12.358333,-0.458752
12.361111,-0.318707
12.363889,-0.305779
12.366667,-0.402399
12.369444,-0.476006
12.372222,-0.487021
12.375,-0.471218
12.377778,-0.42037
12.380556,-0.33565
12.383333,-0.364406
12.386111,-0.368819
12.388889,-0.392263
12.391667,-0.519243
12.394444,-0.526786
12.397222,-0.46247
12.4,-0.389548
12.402778,-0.385526
12.405556,-0.392057
12.408333,-0.445054
12.411111,-0.51061
12.413889,-0.507645
12.416667,-0.460704
12.419444,-0.383459
12.422222,-0.398051
12.425,-0.336208
12.427778,-0.461999
12.430556,-0.484064
12.433333,-0.517255
12.436111,-0.497519
12.438889,-0.354989
12.441667,-0.395041
12.444444,-0.290446
12.447222,-0.414087
12.45,-0.50427
12.452778,-0.524628
12.455556,-0.460956
12.458333,-0.414973
12.461111,-0.4012
12.463889,-0.372106
12.466667,-0.365078
12.469444,-0.476715
12.472222,-0.479773
12.475,-0.512357
12.477778,-0.467601
12.480556,-0.412147
12.483333,-0.383723
12.486111,-0.336849
12.488889,-0.497198
12.491667,-0.537688
12.494444,-0.489193
12.497222,-0.486171
12.5,-0.400396
12.502778,-0.334251
12.505556,-0.363765
12.508333,-0.437356
12.511111,-0.46492
12.513889,-0.535647
12.516667,-0.477089
12.519444,-0.408946
12.522222,-0.34133
12.525,-0.437389
12.527778,-0.402747
12.530556,-0.446233
12.533333,-0.466787
12.536111,-0.458864
12.538889,-0.418389
12.541667,-0.301835
12.544444,-0.309079
12.547222,-0.377326
12.55,-0.494508
12.552778,-0.516008
12.555556,-0.458853
12.558333,-0.496693
12.561111,-0.395456
12.563889,-0.364655
12.566667,-0.41298
12.569444,-0.471219
12.572222,-0.54708
12.575,-0.465584
12.577778,-0.408406
12.580556,-0.367821
12.583333,-0.313525
12.586111,-0.427762
12.588889,-0.440816
12.591667,-0.471914
12.594444,-0.47807
12.597222,-0.488059
12.6,-0.381708
12.602778,-0.389846
12.605556,-0.376273
12.608333,-0.449246
12.611111,-0.536422
12.613889,-0.480729
12.616667,-0.456732
12.619444,-0.411139
12.622222,-0.430826
12.625,-0.330074
12.627778,-0.451313
12.630556,-0.532335
12.633333,-0.471083
12.636111,-0.464826
12.638889,-0.386327
12.641667,-0.326502
12.644444,-0.393231
12.647222,-0.389782
12.65,-0.462137
12.652778,-0.477445
12.655556,-0.502831
12.658333,-0.438816
12.661111,-0.405513
12.663889,-0.362721
12.666667,-0.362612
12.669444,-0.492361
12.672222,-0.508115
12.675,-0.528869
12.677778,-0.458408
12.680556,-0.351219
12.683333,-0.351461
12.686111,-0.345592
12.688889,-0.423143
12.691667,-0.50402
12.694444,-0.510493
12.697222,-0.412747
12.7,-0.330268
12.702778,-0.277241
12.705556,-0.346535
12.708333,-0.394119
12.711111,-0.473087
12.713889,-0.462182
12.716667,-0.449418
12.719444,-0.418017
12.722222,-0.410903
12.725,-0.351405
12.727778,-0.412513
12.730556,-0.452555
12.733333,-0.47215
12.736111,-0.412885
12.738889,-0.342864
12.741667,-0.299953
12.744444,-0.324087
12.747222,-0.384889
12.75,-0.480064
12.752778,-0.466965
12.755556,-0.473152
12.758333,-0.38665
12.761111,-0.318272
12.763889,-0.340753
12.766667,-0.319043
12.769444,-0.429512
12.772222,-0.442019
12.775,-0.401242
12.777778,-0.307953
12.780556,-0.265651
12.783333,-0.233991
12.786111,-0.238611
12.788889,-0.349244
12.791667,-0.392657
12.794444,-0.362463
12.797222,-0.346098
12.8,-0.295671
12.802778,-0.196342
12.805556,-0.311027
12.808333,-0.360791
12.811111,-0.397955
12.813889,-0.470589
12.816667,-0.426013
12.819444,-0.355995
12.822222,-0.265422
12.825,-0.310699
12.827778,-0.348683
12.830556,-0.430903
12.833333,-0.485498
12.836111,-0.486646
12.838889,-0.399795
12.841667,-0.315158
12.844444,-0.340284
12.847222,-0.396413
12.85,-0.452298
12.852778,-0.537091
12.855556,-0.509346
12.858333,-0.426027
12.861111,-0.38603
12.863889,-0.410985
12.866667,-0.407967
12.869444,-0.531276
12.872222,-0.399363
12.875,-0.17014
12.877778,0.13456
12.880556,0.439953
12.883333,0.625497
12.886111,0.582784
12.888889,0.363456
12.891667,0.027881
12.894444,-0.260734
12.897222,-0.416021
12.9,-0.469047
12.902778,-0.476701
12.905556,-0.512788
12.908333,-0.504935
12.911111,-0.555846
12.913889,-0.543816
12.916667,-0.42531
12.919444,-0.363918
12.922222,-0.359312
12.925,-0.31671
12.927778,-0.381591
12.930556,-0.447831
12.933333,-0.477637
12.936111,-0.394986
12.938889,-0.326794
12.941667,-0.292165
12.944444,-0.295139
12.947222,-0.29557
12.95,-0.404599
12.952778,-0.446314
12.955556,-0.342508
12.958333,-0.254979
12.961111,-0.23123
12.963889,-0.171322
12.966667,-0.255896
12.969444,-0.325568
12.972222,-0.283627
12.975,-0.28698
12.977778,-0.206836
12.980556,-0.106953
12.983333,-0.081578
12.986111,-0.1305
12.988889,-0.205087
12.991667,-0.228569
12.994444,-0.136368
12.997222,-0.121103
13.0,-0.018155
13.002778,-0.055199
13.005556,-0.009702
13.008333,-0.02628
13.011111,-0.125339
13.013889,-0.17519
13.016667,-0.123892
13.019444,-0.01889
13.022222,0.025266
13.025,-0.058045
13.027778,-0.0316
13.030556,-0.136492
13.033333,-0.190258
13.036111,-0.148638
13.038889,-0.166711
13.041667,-0.092721
13.044444,-0.10901
13.047222,-0.153261
13.05,-0.212368
13.052778,-0.307809
13.055556,-0.303224
13.058333,-0.271068
13.061111,-0.247577
13.063889,-0.177903
13.066667,-0.247441
13.069444,-0.373744
13.072222,-0.365429
13.075,-0.38743
13.077778,-0.319864
13.080556,-0.250782
13.083333,-0.237978
13.086111,-0.208482
13.088889,-0.341363
13.091667,-0.382408
13.094444,-0.437265
13.097222,-0.305818
13.1,-0.240793
13.102778,-0.272988
13.105556,-0.284746
13.108333,-0.337897
13.111111,-0.372697
13.113889,-0.451735
13.116667,-0.377373
13.119444,-0.320541
13.122222,-0.262737
13.125,-0.221675
13.127778,-0.329082
13.130556,-0.406501
13.133333,-0.391198
13.136111,-0.317636
13.138889,-0.343544
13.141667,-0.228825
13.144444,-0.307146
13.147222,-0.297718
13.15,-0.392905
13.152778,-0.398755
13.155556,-0.322489
13.158333,-0.31412
13.161111,-0.246324
13.163889,-0.245309
13.166667,-0.280075
13.169444,-0.366365
13.172222,-0.34575
13.175,-0.372628
13.177778,-0.307225
13.180556,-0.269021
13.183333,-0.215961
13.186111,-0.210338
13.188889,-0.329767
13.191667,-0.337947
13.194444,-0.386342
13.197222,-0.34879
13.2,-0.249581
13.202778,-0.243426
13.205556,-0.230013
13.208333,-0.304138
13.211111,-0.348732
13.213889,-0.330205
13.216667,-0.344691
13.219444,-0.27735
13.222222,-0.183838
13.225,-0.190197
13.227778,-0.304015
13.230556,-0.384295
13.233333,-0.386565
13.236111,-0.344077
13.238889,-0.278987
13.241667,-0.188048
13.244444,-0.219877
13.247222,-0.272562
13.25,-0.337715
13.252778,-0.345425
13.255556,-0.33956
13.258333,-0.274662
13.261111,-0.214463
13.263889,-0.194364
13.266667,-0.258269
13.269444,-0.294977
13.272222,-0.30032
13.275,-0.350671
13.277778,-0.293963
13.280556,-0.210621
13.283333,-0.138616
13.286111,-0.133988
13.288889,-0.302973
13.291667,-0.320743
13.294444,-0.400337
13.297222,-0.218926
13.3,-0.214132
13.302778,-0.170301
13.305556,-0.22359
13.308333,-0.276321
13.311111,-0.355185
13.313889,-0.356432
13.316667,-0.289246
13.319444,-0.158372
13.322222,-0.148241
13.325,-0.138624
13.327778,-0.229224
13.330556,-0.272647
13.333333,-0.364858
13.336111,-0.27012
13.338889,-0.187304
13.341667,-0.171007
13.344444,-0.147994
13.347222,-0.230846
13.35,-0.301114
13.352778,-0.319331
13.355556,-0.291512
13.358333,-0.286188
13.361111,-0.215413
13.363889,-0.127027
13.366667,-0.18167
13.369444,-0.260109
13.372222,-0.324051
13.375,-0.293352
13.377778,-0.248704
13.380556,-0.159899
13.383333,-0.168138
13.386111,-0.187537
13.388889,-0.206728
13.391667,-0.307579
13.394444,-0.26496
13.397222,-0.209155
13.4,-0.178699
13.402778,-0.11773
13.405556,-0.123451
13.408333,-0.200051
13.411111,-0.303897
13.413889,-0.267916
13.416667,-0.276581
13.419444,-0.195877
13.422222,-0.111573
13.425,-0.152512
13.427778,-0.167101
13.430556,-0.248846
13.433333,-0.282006
13.436111,-0.255962
13.438889,-0.176953
13.441667,-0.119738
13.444444,-0.118083
13.447222,-0.176804
13.45,-0.304383
13.452778,-0.305542
13.455556,-0.242552
13.458333,-0.169792
13.461111,-0.178393
13.463889,-0.116488
13.466667,-0.155711
13.469444,-0.231193
13.472222,-0.257565
13.475,-0.236247
13.477778,-0.184139
13.480556,-0.103124
13.483333,-0.127019
13.486111,-0.079923
13.488889,-0.169707
13.491667,-0.18858
13.494444,-0.251577
13.497222,-0.17926
13.5,-0.144308
13.502778,-0.176931
13.505556,-0.148718
13.508333,-0.178282
13.511111,-0.226291
13.513889,-0.251578
13.516667,-0.183347
13.519444,-0.153973
13.522222,-0.133698
13.525,-0.107679
13.527778,-0.159442
13.530556,-0.217964
13.533333,-0.218861
13.536111,-0.203777
13.538889,-0.155528
13.541667,-0.147877
13.544444,-0.108032
13.547222,-0.082072
13.55,-0.193058
13.552778,-0.199714
13.555556,-0.170939
13.558333,-0.084792
13.561111,-0.014192
13.563889,-0.039355
13.566667,-0.057021
13.569444,-0.102007
13.572222,-0.063728
13.575,-0.113643
13.577778,-0.071162
13.580556,-0.038151
13.583333,0.013377
13.586111,0.0659
13.588889,-0.079867
13.591667,-0.076059
13.594444,-0.11142
13.597222,-0.064027
13.6,-0.017413
13.602778,0.086702
13.605556,0.008027
13.608333,-0.061464
13.611111,-0.172205
13.613889,-0.158891
13.616667,-0.127247
13.619444,-0.093175
13.622222,0.014769
13.625,-0.002235
13.627778,-0.136332
13.630556,-0.11555
13.633333,-0.195747
13.636111,-0.145454
13.638889,-0.097088
13.641667,-0.095025
13.644444,0.004518
13.647222,-0.087762
13.65,-0.156183
13.652778,-0.244962
13.655556,-0.252393
13.658333,-0.178178
13.661111,-0.119888
13.663889,-0.113192
13.666667,-0.016469
13.669444,0.127774
13.672222,0.301277
13.675,0.522246
13.677778,0.771829
13.680556,0.968302
13.683333,0.865361
13.686111,0.623269
13.688889,0.242752
13.691667,-0.02042
13.694444,-0.116924
13.697222,-0.250467
13.7,-0.223797
13.702778,-0.138758
13.705556,-0.183373
13.708333,-0.17812
13.711111,-0.214546
13.713889,-0.200229
13.716667,-0.15907
13.719444,-0.049328
13.722222,0.007326
13.725,0.044193
13.727778,-0.051811
13.730556,-0.062952
13.733333,-0.144911
13.736111,-0.092844
13.738889,-0.044601
13.741667,0.086933
13.744444,0.092422
13.747222,-0.037875
13.75,-0.005673
13.752778,-0.055372
13.755556,-0.016846
13.758333,-0.010877
13.761111,0.132672
13.763889,0.165601
13.766667,0.137054
13.769444,0.049727
13.772222,0.043325
13.775,0.083982
13.777778,0.173071
13.780556,0.223898
13.783333,0.269682
13.786111,0.186718
13.788889,0.131585
13.791667,0.185447
13.794444,0.172441
13.797222,0.182851
13.8,0.287425
13.802778,0.312594
13.805556,0.312074
13.808333,0.249215
13.811111,0.19314
13.813889,0.174561
13.816667,0.176871
13.819444,0.317568
13.822222,0.403485
13.825,0.385936
13.827778,0.279488
13.830556,0.157497
13.833333,0.192346
13.836111,0.163484
13.838889,0.229708
13.841667,0.304416
13.844444,0.194574
13.847222,0.201867
13.85,0.087519
13.852778,0.037073
13.855556,0.093017
13.858333,0.077102
13.861111,0.17829
13.863889,0.199922
13.866667,0.076419
13.869444,0.01177
13.872222,-0.042631
13.875,0.006022
13.877778,-0.005241
13.880556,0.085725
13.883333,0.188809
13.886111,0.0559
13.888889,0.048379
13.891667,-0.040892
13.894444,-0.00452
13.897222,-0.042367
13.9,-0.008864
13.902778,0.066867
13.905556,0.03792
13.908333,0.046646
13.911111,-0.012104
13.913889,-0.091006
13.916667,0.038302
13.919444,0.054908
13.922222,0.128925
13.925,0.166528
13.927778,0.032546
13.930556,-0.070912
13.933333,-0.033591
13.936111,0.004544
13.938889,0.064316
13.941667,0.04192
13.944444,0.09974
13.947222,0.07875
13.95,0.009283
13.952778,-0.085869
13.955556,-0.061644
13.958333,0.029494
13.961111,0.112253
13.963889,0.119797
13.966667,0.084482
13.969444,-0.032003
13.972222,-0.03801
13.975,-0.033236
13.977778,0.031967
13.980556,0.069241
13.983333,0.081631
13.986111,0.123122
13.988889,0.065181
13.991667,-0.022008
13.994444,-0.036821
13.997222,0.025259
14.0,0.097176
14.002778,0.109526
14.005556,0.157866
14.008333,0.070779
14.011111,-0.013911
14.013889,-0.037986
14.016667,0.055499
14.019444,0.075008
14.022222,0.111751
14.025,0.123158
14.027778,0.111776
14.030556,-0.010987
14.033333,0.006276
14.036111,0.015357
14.038889,0.082125
14.041667,0.1675
14.044444,0.162613
14.047222,0.047906
14.05,0.067094
14.052778,0.027581
14.055556,0.020139
14.058333,0.025791
14.061111,0.19793
14.063889,0.206792
14.066667,0.099114
14.069444,0.040469
14.072222,-0.018067
14.075,-0.019996
14.077778,0.046827
14.080556,0.070478
14.083333,0.171403
14.086111,0.152568
14.088889,0.074955
14.091667,0.014495
14.094444,0.049546
14.097222,0.055213
14.1,0.153977
14.102778,0.174263
14.105556,0.133259
14.108333,0.101576
14.111111,0.005291
14.113889,0.023122
14.116667,0.077552
14.119444,0.133026
14.122222,0.158061
14.125,0.196149
14.127778,0.071286
14.130556,0.029202
14.133333,-0.035176
14.136111,0.065291
14.138889,0.142015
14.141667,0.203448
14.144444,0.244177
14.147222,0.142984
14.15,0.073777
14.152778,0.067169
14.155556,0.052183
14.158333,0.143517
14.161111,0.166632
14.163889,0.180304
14.166667,0.158034
14.169444,0.122461
14.172222,0.026782
14.175,-0.001682
14.177778,0.157415
14.180556,0.211551
14.183333,0.204617
14.186111,0.165786
14.188889,0.099698
14.191667,0.080707
14.194444,0.112518
14.197222,0.101608
14.2,0.138906
14.202778,0.21177
14.205556,0.169206
14.208333,0.14485
14.211111,0.042423
14.213889,0.095631
14.216667,0.145673
14.219444,0.1573
14.222222,0.23818
14.225,0.197999
14.227778,0.15038
14.230556,0.083961
14.233333,0.051802
14.236111,0.093663
14.238889,0.150499
14.241667,0.211268
14.244444,0.238386
14.247222,0.159603
14.25,0.061818
14.252778,0.02897
14.255556,0.090334
14.258333,0.14608
14.261111,0.180263
14.263889,0.228772
14.266667,0.204229
14.269444,0.135408
14.272222,0.104801
14.275,0.101388
14.277778,0.175289
14.280556,0.214276
14.283333,0.298376
14.286111,0.221896
14.288889,0.143438
14.291667,0.054274
14.294444,0.095004
14.297222,0.111134
14.3,0.186815
14.302778,0.216058
14.305556,0.22567
14.308333,0.093383
14.311111,0.078639
14.313889,0.104958
14.316667,0.120295
14.319444,0.146636
14.322222,0.255451
14.325,0.24324
14.327778,0.165309
14.330556,0.130243
14.333333,0.141304
14.336111,0.115584
14.338889,0.233886
14.341667,0.300997
14.344444,0.246409
14.347222,0.17393
14.35,0.163839
14.352778,0.104976
14.355556,0.077622
14.358333,0.188038
14.361111,0.173031
14.363889,0.201768
14.366667,0.273652
14.369444,0.173989
14.372222,0.111464
14.375,0.131
14.377778,0.15635
14.380556,0.276809
14.383333,0.293095
14.386111,0.246782
14.388889,0.157124
14.391667,0.211374
14.394444,0.194804
14.397222,0.205449
14.4,0.277344
14.402778,0.309777
14.405556,0.332003
14.408333,0.278615
14.411111,0.135757
14.413889,0.191716
14.416667,0.175014
14.419444,0.369129
14.422222,0.402164
14.425,0.412225
14.427778,0.309567
14.430556,0.194674
14.433333,0.154729
14.436111,0.255365
14.438889,0.326162
14.441667,0.329637
14.444444,0.291823
14.447222,0.220899
14.45,0.207161
14.452778,0.103962
14.455556,0.120106
14.458333,0.300125
14.461111,0.285002
14.463889,0.265714
14.466667,0.209427
14.469444,0.149686
14.472222,0.099212
14.475,0.084836
14.477778,0.235208
14.480556,0.195557
14.483333,0.270481
14.486111,0.227465
14.488889,0.190352
14.491667,0.096297
14.494444,0.06024
14.497222,0.177233
14.5,0.141373
14.502778,0.241901
14.505556,0.249615
14.508333,0.354307
14.511111,0.44732
14.513889,0.666018
14.516667,0.972245
14.519444,1.17254
14.522222,1.245267
14.525,1.091528
14.527778,0.824072
14.530556,0.457336
14.533333,0.231129
14.536111,0.014499
14.538889,0.085715
14.541667,0.11926
14.544444,0.066479
14.547222,0.118945
14.55,0.073575
14.552778,0.047695
14.555556,0.11029
14.558333,0.194703
14.561111,0.294089
14.563889,0.285743
14.566667,0.268643
14.569444,0.175125
14.572222,0.196692
14.575,0.204276
14.577778,0.176029
14.580556,0.230024
14.583333,0.336414
14.586111,0.275878
14.588889,0.224958
14.591667,0.125533
14.594444,0.174093
14.597222,0.200394
14.6,0.353464
14.602778,0.33017
14.605556,0.373527
14.608333,0.312434
14.611111,0.255407
14.613889,0.290246
14.616667,0.291501
14.619444,0.372447
14.622222,0.527871
14.625,0.448387
14.627778,0.402486
14.630556,0.377666
14.633333,0.360444
14.636111,0.445194
14.638889,0.515032
14.641667,0.487693
14.644444,0.604136
14.647222,0.574627
14.65,0.484676
14.652778,0.437784
14.655556,0.437217
14.658333,0.496851
14.661111,0.585354
14.663889,0.54753
14.666667,0.544862
14.669444,0.50027
14.672222,0.471679
14.675,0.414234
14.677778,0.456161
14.680556,0.561428
14.683333,0.568205
14.686111,0.484442
14.688889,0.456351
14.691667,0.285818
14.694444,0.372593
14.697222,0.422691
14.7,0.396842
14.702778,0.459952
14.705556,0.390276
14.708333,0.311758
14.711111,0.307773
14.713889,0.221486
14.716667,0.286409
14.719444,0.355785
14.722222,0.359798
14.725,0.372468
14.727778,0.302171
14.730556,0.234304
14.733333,0.199154
14.736111,0.224846
14.738889,0.306263
14.741667,0.286252
14.744444,0.310175
14.747222,0.260687
14.75,0.176633
14.752778,0.141644
14.755556,0.209622
14.758333,0.210973
14.761111,0.29874
14.763889,0.336278
14.766667,0.261454
14.769444,0.195515
14.772222,0.147069
14.775,0.167228
14.777778,0.202461
14.780556,0.288066
14.783333,0.336879
14.786111,0.337211
14.788889,0.210258
14.791667,0.17162
14.794444,0.12577
14.797222,0.201103
14.8,0.362083
14.802778,0.30964
14.805556,0.312627
14.808333,0.205291
14.811111,0.180003
14.813889,0.133051
14.816667,0.181087
14.819444,0.254979
14.822222,0.313495
14.825,0.311581
14.827778,0.275432
14.830556,0.174333
14.833333,0.160835
14.836111,0.211008
14.838889,0.218148
14.841667,0.321287
14.844444,0.336313
14.847222,0.229963
14.85,0.123422
14.852778,0.174127
14.855556,0.197836
14.858333,0.226387
14.861111,0.327853
14.863889,0.241887
14.866667,0.240591
14.869444,0.212738
14.872222,0.141393
14.875,0.191467
14.877778,0.194879
14.880556,0.324224
14.883333,0.327309
14.886111,0.25243
14.888889,0.199365
14.891667,0.140796
14.894444,0.086237
14.897222,0.13551
14.9,0.270723
14.902778,0.30899
14.905556,0.240625
14.908333,0.132684
14.911111,0.186172
14.913889,0.150624
14.916667,0.241309
14.919444,0.291833
14.922222,0.280046
14.925,0.319618
14.927778,0.191307
14.930556,0.158952
14.933333,0.156218
14.936111,0.197847
14.938889,0.23785
14.941667,0.316041
14.944444,0.338225
14.947222,0.242228
14.95,0.162171
14.952778,0.115158
14.955556,0.14515
14.958333,0.197081
14.961111,0.284718
14.963889,0.27524
14.966667,0.31992
14.969444,0.220604
14.972222,0.14304
14.975,0.158743
14.977778,0.19172
14.980556,0.284048
14.983333,0.266078
14.986111,0.257776
14.988889,0.191559
14.991667,0.117318
14.994444,0.122668
14.997222,0.225978
15.0,0.225626
15.002778,0.277187
15.005556,0.271434
15.008333,0.203716
15.011111,0.17808
15.013889,0.082329
15.016667,0.147586
15.019444,0.229028
15.022222,0.273351
15.025,0.295293
15.027778,0.192592
15.030556,0.105253
15.033333,0.145942
15.036111,0.194171
15.038889,0.204916
15.041667,0.267859
15.044444,0.290768
15.047222,0.213492
15.05,0.146523
15.052778,0.142421
15.055556,0.190057
15.058333,0.180423
15.061111,0.281475
15.063889,0.338007
15.066667,0.228956
15.069444,0.155506
15.072222,0.131785
15.075,0.116606
15.077778,0.205772
15.080556,0.210851
15.083333,0.259333
15.086111,0.21766
15.088889,0.145685
15.091667,0.10564
15.094444,0.09746
15.097222,0.166849
15.1,0.272628
15.102778,0.265821
15.105556,0.270458
15.108333,0.20367
15.111111,0.12988
15.113889,0.078079
15.116667,0.174814
15.119444,0.206001
15.122222,0.27831
15.125,0.264239
15.127778,0.247897
15.130556,0.13083
15.133333,0.152357
15.136111,0.083047
15.138889,0.248676
15.141667,0.232773
15.144444,0.253107
15.147222,0.178565
15.15,0.141985
15.152778,0.133721
15.155556,0.138609
15.158333,0.172208
15.161111,0.261491
15.163889,0.261108
15.166667,0.219547
15.169444,0.113821
15.172222,0.148613
15.175,0.135251
15.177778,0.168119
15.180556,0.242198
15.183333,0.256395
15.186111,0.242546
15.188889,0.159907
15.191667,0.124785
15.194444,0.077576
15.197222,0.140894
15.2,0.269356
15.202778,0.29946
15.205556,0.228274
15.208333,0.171689
15.211111,0.089167
15.213889,0.074646
15.216667,0.179043
15.219444,0.158832
15.222222,0.255695
15.225,0.201268
15.227778,0.166029
15.230556,0.066132
15.233333,0.12025
15.236111,0.103494
15.238889,0.114107
15.241667,0.273904
15.244444,0.269988
15.247222,0.241784
15.25,0.062519
15.252778,0.111274
15.255556,0.136527
15.258333,0.213442
15.261111,0.212406
15.263889,0.292869
15.266667,0.221892
15.269444,0.141243
15.272222,0.176615
15.275,0.15726
15.277778,0.219455
15.280556,0.295046
15.283333,0.336677
15.286111,0.214213
15.288889,0.245801
15.291667,0.194828
15.294444,0.193054
15.297222,0.260452
15.3,0.293447
15.302778,0.298814
15.305556,0.281786
15.308333,0.269176
15.311111,0.173843
15.313889,0.148026
15.316667,0.134729
15.319444,0.190147
15.322222,0.277778
15.325,0.295823
15.327778,0.198461
15.330556,0.129287
15.333333,0.095428
15.336111,0.077417
15.338889,0.189085
15.341667,0.20475
15.344444,0.1942
15.347222,0.135706
15.35,0.030253
15.352778,0.095861
15.355556,0.134166
15.358333,0.113823
15.361111,0.167504
15.363889,0.196158
15.366667,0.12481
15.369444,0.048563
15.372222,-0.037043
15.375,0.033878
15.377778,0.013361
15.380556,0.087593
15.383333,0.240975
15.386111,0.319593
15.388889,0.435643
15.391667,0.574595
15.394444,0.810803
15.397222,1.031798
15.4,1.119376
15.402778,1.041428
15.405556,0.727485
15.408333,0.508641
15.411111,0.139245
15.413889,-0.011305
15.416667,-0.077269
15.419444,-0.040882
15.422222,0.004479
15.425,0.005747
15.427778,0.006934
15.430556,-0.030382
15.433333,0.027587
15.436111,-0.003728
15.438889,0.115703
15.441667,0.147846
15.444444,0.147088
15.447222,0.080891
15.45,0.04097
15.452778,0.015129
15.455556,0.089425
15.458333,0.165494
15.461111,0.209438
15.463889,0.164039
15.466667,0.130418
15.469444,0.073454
15.472222,-0.007322
15.475,0.072602
15.477778,0.152074
15.480556,0.225351
15.483333,0.274857
15.486111,0.209072
15.488889,0.170083
15.491667,0.11188
15.494444,0.135453
15.497222,0.230841
15.5,0.272998
15.502778,0.273349
15.505556,0.306918
15.508333,0.307159
15.511111,0.212995
15.513889,0.21329
15.516667,0.248588
15.519444,0.340521
15.522222,0.439823
15.525,0.392724
15.527778,0.276264
15.530556,0.359239
15.533333,0.234605
15.536111,0.278333
15.538889,0.380485
15.541667,0.409734
15.544444,0.429362
15.547222,0.324298
15.55,0.28473
15.552778,0.271313
15.555556,0.218465
15.558333,0.296598
15.561111,0.283687
15.563889,0.34683
15.566667,0.272454
15.569444,0.237537
15.572222,0.194611
15.575,0.173448
15.577778,0.251706
15.580556,0.164532
15.583333,0.266778
15.586111,0.214783
15.588889,0.116451
15.591667,0.074472
15.594444,0.074324
15.597222,0.092234
15.6,0.140767
15.602778,0.208625
15.605556,0.171121
15.608333,0.022967
15.611111,-0.009137
15.613889,-0.070716
15.616667,0.056668
15.619444,0.045201
15.622222,0.116127
15.625,0.117256
15.627778,0.050008
15.630556,-0.01015
15.633333,-0.04315
15.636111,0.000812
15.638889,0.026423
15.641667,0.084605
15.644444,0.09965
15.647222,0.067833
15.65,-0.051852
15.652778,-0.064588
15.655556,0.003518
15.658333,0.037164
15.661111,0.105489
15.663889,0.129324
15.666667,-0.003622
15.669444,0.026222
15.672222,-0.037125
15.675,-0.067119
15.677778,0.047686
15.680556,0.080785
15.683333,0.064318
15.686111,0.031169
15.688889,-0.06102
15.691667,-0.095834
15.694444,-0.028964
15.697222,-0.053578
15.7,0.019586
15.702778,0.101157
15.705556,0.037914
15.708333,-0.036631
15.711111,-0.059393
15.713889,-0.124796
15.716667,-0.069222
15.719444,0.027651
15.722222,0.053029
15.725,0.011826
15.727778,-0.047644
15.730556,-0.069219
15.733333,-0.147344
15.736111,-0.113146
15.738889,-0.063781
15.741667,0.076395
15.744444,0.057848
15.747222,0.022857
15.75,-0.095839
15.752778,-0.061493
15.755556,-0.057945
15.758333,-0.130258
15.761111,-0.000549
15.763889,0.005993
15.766667,-0.044454
15.769444,-0.117452
15.772222,-0.102852
15.775,-0.08611
15.777778,-0.042687
15.780556,-0.005864
15.783333,0.016948
15.786111,0.029263
15.788889,-0.063379
15.791667,-0.115808
15.794444,-0.143664
15.797222,-0.112091
15.8,-0.008475
15.802778,-0.004295
15.805556,-0.046087
15.808333,-0.062416
15.811111,-0.123891
15.813889,-0.105708
15.816667,-0.091643
15.819444,-0.090599
15.822222,-0.0172
15.825,0.012972
15.827778,-0.042303
15.830556,-0.135585
15.833333,-0.139667
15.836111,-0.092423
15.838889,-0.053037
15.841667,-0.038797
15.844444,0.009969
15.847222,-0.039853
15.85,-0.124293
15.852778,-0.133047
15.855556,-0.093424
15.858333,-0.050246
15.861111,-0.047368
15.863889,-0.137934
15.866667,-0.041205
15.869444,-0.146295
15.872222,-0.153636
15.875,-0.121425
15.877778,-0.151194
15.880556,-0.036876
15.883333,-0.027495
15.886111,-0.03127
15.888889,-0.148069
15.891667,-0.089042
15.894444,-0.197051
15.897222,-0.093997
15.9,-0.116037
15.902778,-0.057637
15.905556,-0.016651
15.908333,-0.123367
15.911111,-0.166999
15.913889,-0.199678
15.916667,-0.120452
15.919444,-0.112883
15.922222,-0.057092
15.925,-0.027495
15.927778,-0.086425
15.930556,-0.223826
15.933333,-0.135432
15.936111,-0.185328
15.938889,-0.081235
15.941667,-0.098065
15.944444,-0.033244
15.947222,-0.131128
15.95,-0.137626
15.952778,-0.193919
15.955556,-0.23765
15.958333,-0.114543
15.961111,-0.067997
15.963889,-0.087746
15.966667,-0.057759
15.969444,-0.197293
15.972222,-0.232835
15.975,-0.171538
15.977778,-0.074974
15.980556,-0.037218
15.983333,-0.031614
15.986111,-0.083462
15.988889,-0.141885
15.991667,-0.232882
15.994444,-0.240265
15.997222,-0.161871
16.0,-0.096569
16.002778,-0.042415
16.005556,-0.183658
16.008333,-0.185302
16.011111,-0.198499
16.013889,-0.223659
16.016667,-0.243107
16.019444,-0.108962
16.022222,-0.117541
16.025,-0.116502
16.027778,-0.179429
16.030556,-0.231857
16.033333,-0.22329
16.036111,-0.283762
16.038889,-0.128495
16.041667,-0.088432
16.044444,-0.095532
16.047222,-0.094523
16.05,-0.24297
16.052778,-0.304686
16.055556,-0.237913
16.058333,-0.160263
16.061111,-0.104091
16.063889,-0.100954
16.066667,-0.074857
16.069444,-0.216694
16.072222,-0.265227
16.075,-0.256897
16.077778,-0.175961
16.080556,-0.118566
16.083333,-0.156308
16.086111,-0.139715
16.088889,-0.282098
16.091667,-0.264488
16.094444,-0.280304
16.097222,-0.22094
16.1,-0.159609
16.102778,-0.126215
16.105556,-0.138807
16.108333,-0.190726
16.111111,-0.202559
16.113889,-0.276227
16.116667,-0.17274
16.119444,-0.153223
16.122222,-0.067888
16.125,-0.153904
16.127778,-0.144957
16.130556,-0.243155
16.133333,-0.236982
16.136111,-0.166575
16.138889,-0.128122
16.141667,-0.012214
16.144444,-0.030357
16.147222,-0.139723
16.15,-0.199122
16.152778,-0.257922
16.155556,-0.234506
16.158333,-0.16568
16.161111,-0.078927
16.163889,-0.08139
16.166667,-0.165737
16.169444,-0.174001
16.172222,-0.237675
16.175,-0.288653
16.177778,-0.243264
16.180556,-0.132673
16.183333,-0.191912
16.186111,-0.189085
16.188889,-0.237605
16.191667,-0.311121
16.194444,-0.340911
16.197222,-0.272677
16.2,-0.211403
16.202778,-0.170529
16.205556,-0.152137
16.208333,-0.28365
16.211111,-0.343124
16.213889,-0.350172
16.216667,-0.364623
16.219444,-0.258696
16.222222,-0.28382
16.225,-0.274176
16.227778,-0.338704
16.230556,-0.27304
16.233333,-0.220905
16.236111,0.157887
16.238889,0.496531
16.241667,0.730669
16.244444,0.734906
16.247222,0.651954
16.25,0.341044
16.252778,8.5e-05
16.255556,-0.252838
16.258333,-0.329772
16.261111,-0.377559
16.263889,-0.456685
16.266667,-0.419768
16.269444,-0.42011
16.272222,-0.414124
16.275,-0.345518
16.277778,-0.248925
16.280556,-0.19384
16.283333,-0.174841
16.286111,-0.181487
16.288889,-0.281449
16.291667,-0.328496
16.294444,-0.316888
16.297222,-0.278923
16.3,-0.160364
16.302778,-0.142583
16.305556,-0.235781
16.308333,-0.287271
16.311111,-0.327687
16.313889,-0.320457
16.316667,-0.258372
16.319444,-0.137094
16.322222,-0.11216
16.325,-0.117782
16.327778,-0.164552
16.330556,-0.24143
16.333333,-0.275074
16.336111,-0.186783
16.338889,-0.127245
16.341667,-0.041474
16.344444,-0.037583
16.347222,-0.066762
16.35,-0.111729
16.352778,-0.140808
16.355556,-0.145116
16.358333,-0.010243
16.361111,0.010505
16.363889,-0.01339
16.366667,-0.03864
16.369444,-0.108963
16.372222,-0.10877
16.375,-0.083861
16.377778,-0.031377
16.380556,0.024033
16.383333,-0.00729
16.386111,-0.008448
16.388889,-0.086019
16.391667,-0.144652
16.394444,-0.178104
16.397222,-0.099513
16.4,-0.112766
16.402778,-0.027636
16.405556,-0.083816
16.408333,-0.177005
16.411111,-0.185636
16.413889,-0.222062
16.416667,-0.267256
16.419444,-0.151442
16.422222,-0.166366
16.425,-0.2016
16.427778,-0.258528
16.430556,-0.345304
16.433333,-0.401097
16.436111,-0.304349
16.438889,-0.290931
16.441667,-0.20646
16.444444,-0.220366
16.447222,-0.292259
16.45,-0.362872
16.452778,-0.363638
16.455556,-0.406322
16.458333,-0.319093
16.461111,-0.237062
16.463889,-0.246769
16.466667,-0.317523
16.469444,-0.404062
16.472222,-0.429136
16.475,-0.431717
16.477778,-0.402517
16.480556,-0.271867
16.483333,-0.274329
16.486111,-0.263033
16.488889,-0.33596
16.491667,-0.446695
16.494444,-0.469572
16.497222,-0.395048
16.5,-0.29136
16.502778,-0.255375
16.505556,-0.259834
16.508333,-0.400414
16.511111,-0.500622
16.513889,-0.426157
16.516667,-0.405696
16.519444,-0.371263
16.522222,-0.241364
16.525,-0.297975
16.527778,-0.41781
16.530556,-0.43042
16.533333,-0.451705
16.536111,-0.429706
16.538889,-0.353166
16.541667,-0.275754
16.544444,-0.320461
16.547222,-0.363579
16.55,-0.416362
16.552778,-0.472781
16.555556,-0.452126
16.558333,-0.378524
16.561111,-0.26036
16.563889,-0.363029
16.566667,-0.355795
16.569444,-0.392859
16.572222,-0.410362
16.575,-0.419477
16.577778,-0.421918
16.580556,-0.284647
16.583333,-0.285591
16.586111,-0.310557
16.588889,-0.422845
16.591667,-0.448299
16.594444,-0.417982
16.597222,-0.472027
16.6,-0.310663
16.602778,-0.309649
16.605556,-0.362863
16.608333,-0.352002
16.611111,-0.461967
16.613889,-0.439582
16.616667,-0.414803
16.619444,-0.364694
16.622222,-0.329094
16.625,-0.337045
16.627778,-0.403878
16.630556,-0.421607
16.633333,-0.523152
16.636111,-0.451118
16.638889,-0.334458
16.641667,-0.386147
16.644444,-0.359601
16.647222,-0.346043
16.65,-0.42722
16.652778,-0.464041
16.655556,-0.481693
16.658333,-0.359879
16.661111,-0.389444
16.663889,-0.356652
16.666667,-0.409324
16.669444,-0.449982
16.672222,-0.498686
16.675,-0.474664
16.677778,-0.381003
16.680556,-0.377661
16.683333,-0.3118
16.686111,-0.391075
16.688889,-0.43972
16.691667,-0.486508
16.694444,-0.458612
16.697222,-0.390272
16.7,-0.380806
16.702778,-0.285734
16.705556,-0.353001
16.708333,-0.45305
16.711111,-0.483368
16.713889,-0.46319
16.716667,-0.413262
16.719444,-0.339488
16.722222,-0.32145
16.725,-0.367892
16.727778,-0.438492
16.730556,-0.456479
16.733333,-0.505584
16.736111,-0.538536
16.738889,-0.378959
16.741667,-0.36651
16.744444,-0.302965
16.747222,-0.379389
16.75,-0.4709
16.752778,-0.534385
16.755556,-0.464471
16.758333,-0.436356
16.761111,-0.321194
16.763889,-0.414006
16.766667,-0.39894
16.769444,-0.496325
16.772222,-0.47841
16.775,-0.505693
16.777778,-0.416702
16.780556,-0.329102
16.783333,-0.342792
16.786111,-0.401768
16.788889,-0.407403
16.791667,-0.47183
16.794444,-0.494628
16.797222,-0.420209
16.8,-0.34161
16.802778,-0.344428
16.805556,-0.441162
16.808333,-0.40325
16.811111,-0.484633
16.813889,-0.551218
16.816667,-0.473237
16.819444,-0.414421
16.822222,-0.331027
16.825,-0.462146
16.827778,-0.4433
16.830556,-0.438411
16.833333,-0.533537
16.836111,-0.486326
16.838889,-0.396934
16.841667,-0.384169
16.844444,-0.387635
16.847222,-0.464862
16.85,-0.507056
16.852778,-0.48841
16.855556,-0.53016
16.858333,-0.395688
16.861111,-0.33902
16.863889,-0.330025
16.866667,-0.449767
16.869444,-0.45218
16.872222,-0.521415
16.875,-0.47792
16.877778,-0.456783
16.880556,-0.338806
16.883333,-0.396028
16.886111,-0.417848
16.888889,-0.48229
16.891667,-0.54299
16.894444,-0.556365
16.897222,-0.483606
16.9,-0.367957
16.902778,-0.394892
16.905556,-0.363806
16.908333,-0.415278
16.911111,-0.478236
16.913889,-0.474787
16.916667,-0.427774
16.919444,-0.404659
16.922222,-0.306937
16.925,-0.367676
16.927778,-0.388405
16.930556,-0.423624
16.933333,-0.493032
16.936111,-0.415091
16.938889,-0.337
16.941667,-0.234847
16.944444,-0.265213
16.947222,-0.366817
16.95,-0.427725
16.952778,-0.433329
16.955556,-0.431412
16.958333,-0.317286
16.961111,-0.331515
16.963889,-0.341409
16.966667,-0.413663
16.969444,-0.409387
16.972222,-0.44685
16.975,-0.413775
16.977778,-0.394798
16.980556,-0.355737
16.983333,-0.323325
16.986111,-0.398857
16.988889,-0.493366
16.991667,-0.541817
16.994444,-0.534022
16.997222,-0.471685
17.0,-0.40012
17.002778,-0.359469
17.005556,-0.35299
17.008333,-0.440634
17.011111,-0.486769
17.013889,-0.547363
17.016667,-0.572827
17.019444,-0.403905
17.022222,-0.48291
17.025,-0.473277
17.027778,-0.479397
17.030556,-0.375009
17.033333,-0.213469
17.036111,0.091161
17.038889,0.41394
17.041667,0.528401
17.044444,0.533139
17.047222,0.316931
17.05,-0.037464
17.052778,-0.359509
17.055556,-0.563665
17.058333,-0.662156
17.061111,-0.562206
17.063889,-0.601082
17.066667,-0.548531
17.069444,-0.581882
17.072222,-0.591071
17.075,-0.496526
17.077778,-0.409728
17.080556,-0.423249
17.083333,-0.355482
17.086111,-0.384794
17.088889,-0.461696
17.091667,-0.475719
17.094444,-0.539517
17.097222,-0.457281
17.1,-0.391913
17.102778,-0.305992
17.105556,-0.334457
17.108333,-0.41616
17.111111,-0.451027
17.113889,-0.464935
17.116667,-0.425529
17.119444,-0.353791
17.122222,-0.266069
17.125,-0.253738
17.127778,-0.259455
17.130556,-0.340517
17.133333,-0.314655
17.136111,-0.346178
17.138889,-0.206634
17.141667,-0.178323
17.144444,-0.164275
17.147222,-0.124561
17.15,-0.235609
17.152778,-0.240299
17.155556,-0.26066
17.158333,-0.148227
17.161111,-0.072979
17.163889,-0.029846
17.166667,-0.161949
17.169444,-0.217277
17.172222,-0.246642
17.175,-0.218821
17.177778,-0.195736
17.180556,-0.06547
17.183333,-0.141716
17.186111,-0.119092
17.188889,-0.249017
17.191667,-0.289396
17.194444,-0.287498
17.197222,-0.240611
17.2,-0.244119
17.202778,-0.196412
17.205556,-0.216509
17.208333,-0.26811
17.211111,-0.379844
17.213889,-0.396124
17.216667,-0.347204
17.219444,-0.311144
17.222222,-0.261847
17.225,-0.24425
17.227778,-0.420716
17.230556,-0.45701
17.233333,-0.488072
17.236111,-0.45572
17.238889,-0.356497
17.241667,-0.33005
17.244444,-0.332031
17.247222,-0.402633
17.25,-0.480787
17.252778,-0.463237
17.255556,-0.506254
17.258333,-0.387015
17.261111,-0.396336
17.263889,-0.326966
17.266667,-0.416647
17.269444,-0.475986
17.272222,-0.477089
17.275,-0.409608
17.277778,-0.439649
17.280556,-0.371554
17.283333,-0.410465
17.286111,-0.306615
17.288889,-0.387712
17.291667,-0.470071
17.294444,-0.458819
17.297222,-0.443301
17.3,-0.355195
17.302778,-0.299397
17.305556,-0.360579
17.308333,-0.461263
17.311111,-0.482578
17.313889,-0.474703
17.316667,-0.437281
17.319444,-0.337518
17.322222,-0.299167
17.325,-0.328557
17.327778,-0.426387
17.330556,-0.47419
17.333333,-0.507782
17.336111,-0.486177
17.338889,-0.370285
17.341667,-0.276364
17.344444,-0.338258
17.347222,-0.337671
17.35,-0.39562
17.352778,-0.477577
17.355556,-0.488339
17.358333,-0.384659
17.361111,-0.314553
17.363889,-0.318366
17.366667,-0.364219
17.369444,-0.400828
17.372222,-0.470755
17.375,-0.538504
17.377778,-0.40754
17.380556,-0.335705
17.383333,-0.290846
17.386111,-0.32977
17.388889,-0.36662
17.391667,-0.455593
17.394444,-0.494793
17.397222,-0.4001
17.4,-0.332654
17.402778,-0.300039
17.405556,-0.334751
17.408333,-0.38622
17.411111,-0.504592
17.413889,-0.483817
17.416667,-0.468419
17.419444,-0.347546
17.422222,-0.348269
17.425,-0.335397
17.427778,-0.42064
17.430556,-0.450562
17.433333,-0.479211
17.436111,-0.459449
17.438889,-0.367573
17.441667,-0.267555
17.444444,-0.334836
17.447222,-0.371278
17.45,-0.448941
17.452778,-0.443696
17.455556,-0.454076
17.458333,-0.30785
17.461111,-0.318824
17.463889,-0.297965
17.466667,-0.381713
17.469444,-0.472998
17.472222,-0.48397
17.475,-0.447561
17.477778,-0.394839
17.480556,-0.275699
17.483333,-0.287774
17.486111,-0.352937
17.488889,-0.387977
17.491667,-0.480203
17.494444,-0.435474
17.497222,-0.391164
17.5,-0.370982
17.502778,-0.308727
17.505556,-0.301107
17.508333,-0.366866
17.511111,-0.373451
17.513889,-0.413128
17.516667,-0.354826
17.519444,-0.295914
17.522222,-0.196534
17.525,-0.294941
17.527778,-0.362797
17.530556,-0.437368
17.533333,-0.418564
17.536111,-0.431922
17.538889,-0.316545
17.541667,-0.322401
17.544444,-0.251093
17.547222,-0.318983
17.55,-0.414007
17.552778,-0.432155
17.555556,-0.358897
17.558333,-0.340097
17.561111,-0.314116
17.563889,-0.309477
17.566667,-0.372895
17.569444,-0.421108
17.572222,-0.438556
17.575,-0.356704
17.577778,-0.360714
17.580556,-0.262299
17.583333,-0.319501
17.586111,-0.292238
17.588889,-0.397808
17.591667,-0.394004
17.594444,-0.372928
17.597222,-0.36718
17.6,-0.320053
17.602778,-0.275727
17.605556,-0.262747
17.608333,-0.380617
17.611111,-0.39354
17.613889,-0.385258
17.616667,-0.327146
17.619444,-0.25555
17.622222,-0.234395
17.625,-0.251522
17.627778,-0.323624
17.630556,-0.318812
17.633333,-0.424314
17.636111,-0.359716
17.638889,-0.264719
17.641667,-0.253638
17.644444,-0.313933
17.647222,-0.290648
17.65,-0.370149
17.652778,-0.408004
17.655556,-0.37255
17.658333,-0.346786
17.661111,-0.193186
17.663889,-0.216528
17.666667,-0.267117
17.669444,-0.294504
17.672222,-0.371856
17.675,-0.406555
17.677778,-0.28539
17.680556,-0.220308
17.683333,-0.199116
17.686111,-0.256737
17.688889,-0.314415
17.691667,-0.3458
17.694444,-0.387775
17.697222,-0.294393
17.7,-0.245392
17.702778,-0.203694
17.705556,-0.230236
17.708333,-0.310078
17.711111,-0.318806
17.713889,-0.310064
17.716667,-0.272895
17.719444,-0.204473
17.722222,-0.166104
17.725,-0.147482
17.727778,-0.234911
17.730556,-0.283771
17.733333,-0.286971
17.736111,-0.252076
17.738889,-0.168252
17.741667,-0.125159
17.744444,-0.151323
17.747222,-0.150898
17.75,-0.195887
17.752778,-0.261261
17.755556,-0.259273
17.758333,-0.223384
17.761111,-0.160333
17.763889,-0.122346
17.766667,-0.16829
17.769444,-0.244886
17.772222,-0.308574
17.775,-0.316766
17.777778,-0.201989
17.780556,-0.24452
17.783333,-0.165322
17.786111,-0.186094
17.788889,-0.263373
17.791667,-0.363279
17.794444,-0.322768
17.797222,-0.330854
17.8,-0.207947
17.802778,-0.158623
17.805556,-0.199656
17.808333,-0.234793
17.811111,-0.280621
17.813889,-0.299044
17.816667,-0.309644
17.819444,-0.289885
17.822222,-0.243437
17.825,-0.30694
17.827778,-0.290153
17.830556,-0.283789
17.833333,-0.143832
17.836111,0.27087
17.838889,0.473194
17.841667,0.809472
17.844444,0.764959
17.847222,0.639436
17.85,0.368235
17.852778,0.021848
17.855556,-0.216996
17.858333,-0.290765
17.861111,-0.403088
17.863889,-0.2894
17.866667,-0.342839
17.869444,-0.388749
17.872222,-0.413075
17.875,-0.428274
17.877778,-0.248021
17.880556,-0.163703
17.883333,-0.086963
17.886111,-0.232971
17.888889,-0.232305
17.891667,-0.22979
17.894444,-0.299318
17.897222,-0.220246
17.9,-0.119285
17.902778,-0.136063
17.905556,-0.116324
17.908333,-0.148352
17.911111,-0.254567
17.913889,-0.23101
17.916667,-0.18834
17.919444,-0.081055
17.922222,-0.06322
17.925,-0.036105
17.927778,-0.131094
17.930556,-0.126246
17.933333,-0.098835
17.936111,-0.097121
17.938889,0.020361
17.941667,0.039545
17.944444,0.085806
17.947222,0.032811
17.95,-0.048153
17.952778,-0.048553
17.955556,-0.000346
17.958333,0.110357
17.961111,0.173841
17.963889,0.187625
17.966667,0.083666
17.969444,0.075452
17.972222,0.045686
17.975,0.04557
17.977778,0.122961
17.980556,0.2036
17.983333,0.227674
17.986111,0.187727
17.988889,0.124501
17.991667,0.054301
17.994444,0.069393
17.997222,0.077704
18.0,0.116307
18.002778,0.150009
18.005556,0.085401
18.008333,0.019327
18.011111,-0.080507
18.013889,-0.057925
18.016667,-0.033208
18.019444,0.020483
18.022222,0.060504
18.025,0.031155
18.027778,-0.034113
18.030556,-0.103901
18.033333,-0.182748
18.036111,-0.139387
18.038889,-0.103969
18.041667,0.018919
18.044444,-0.025457
18.047222,-0.099228
18.05,-0.103583
18.052778,-0.201321
18.055556,-0.172789
18.058333,-0.05379
18.061111,0.023437
18.063889,0.011683
18.066667,-0.062217
18.069444,-0.106014
18.072222,-0.137496
18.075,-0.125672
18.077778,-0.13577
18.080556,-0.082493
18.083333,-0.068802
18.086111,-0.1018
18.088889,-0.106421
18.091667,-0.159338
18.094444,-0.09625
18.097222,-0.174272
18.1,-0.075695
18.102778,0.003918
18.105556,-0.051422
18.108333,-0.125855
18.111111,-0.141195
18.113889,-0.176182
18.116667,-0.120733
18.119444,-0.075536
18.122222,0.013403
18.125,-0.030125
18.127778,-0.051519
18.130556,-0.151704
18.133333,-0.177158
18.136111,-0.118973
18.138889,-0.069402
18.141667,-0.00067
18.144444,-0.025325
18.147222,-0.024645
18.15,-0.187757
18.152778,-0.165658
18.155556,-0.168969
18.158333,-0.036302
18.161111,-0.016109
18.163889,-0.000399
18.166667,-0.062418
18.169444,-0.13573
18.172222,-0.159425
18.175,-0.162534
18.177778,-0.092978
18.180556,-0.002893
18.183333,0.000995
18.186111,-0.035667
18.188889,-0.11119
18.191667,-0.206112
18.194444,-0.141522
18.197222,-0.056047
18.2,-0.043915
18.202778,0.065345
18.205556,-0.04308
18.208333,-0.062489
18.211111,-0.080559
18.213889,-0.128015
18.216667,-0.074519
18.219444,-0.017693
18.222222,0.029061
18.225,0.033361
18.227778,-0.056783
18.230556,-0.16413
18.233333,-0.128894
18.236111,-0.105216
18.238889,-0.047777
18.241667,0.052241
18.244444,0.016697
18.247222,-0.035903
18.25,-0.086567
18.252778,-0.124217
18.255556,-0.108418
18.258333,-0.003095
18.261111,0.03514
18.263889,0.069356
18.266667,0.066719
18.269444,-0.034468
18.272222,-0.056091
18.275,-0.070936
18.277778,-0.037466
18.280556,-0.020812
18.283333,0.083568
18.286111,0.062948
18.288889,-0.0468
18.291667,-0.058483
18.294444,-0.049091
18.297222,-0.07569
18.3,0.068679
18.302778,0.035738
18.305556,0.052252
18.308333,-0.000303
18.311111,-0.067716
18.313889,-0.088337
18.316667,-0.034903
18.319444,0.064597
18.322222,0.05245
18.325,0.083974
18.327778,0.006049
18.330556,-0.048927
18.333333,-0.043188
18.336111,-0.043212
18.338889,0.057962
18.341667,0.058225
18.344444,0.066703
18.347222,0.056589
18.35,-0.088419
18.352778,-0.074806
18.355556,-0.022965
18.358333,0.055473
18.361111,0.104749
18.363889,0.110325
18.366667,0.019478
18.369444,0.030861
18.372222,-0.066157
18.375,-0.035054
18.377778,0.071946
18.380556,0.138336
18.383333,0.111598
18.386111,0.108282
18.388889,0.065981
18.391667,-0.012636
18.394444,-0.052031
18.397222,0.01645
18.4,0.082886
18.402778,0.114522
18.405556,0.103966
18.408333,0.023552
18.411111,0.020779
18.413889,-0.019862
18.416667,0.033962
18.419444,0.121702
18.422222,0.138183
18.425,0.117131
18.427778,0.081874
18.430556,-0.010013
18.433333,-0.08905
18.436111,0.024845
18.438889,0.116771
18.441667,0.0777
18.444444,0.15869
18.447222,0.106041
18.45,0.084124
18.452778,-0.031335
18.455556,-0.004292
18.458333,0.03263
18.461111,0.122276
18.463889,0.160247
18.466667,0.107827
18.469444,0.07863
18.472222,0.004931
18.475,0.021806
18.477778,0.063016
18.480556,0.142187
18.483333,0.116105
18.486111,0.074834
18.488889,0.01177
18.491667,0.064419
18.494444,0.004201
18.497222,0.084558
18.5,0.13307
18.502778,0.164007
18.505556,0.109182
18.508333,0.106321
18.511111,0.081101
18.513889,0.070426
18.516667,0.080743
18.519444,0.134859
18.522222,0.19
18.525,0.115394
18.527778,0.140118
18.530556,0.033379
18.533333,0.024802
18.536111,0.082977
18.538889,0.088457
18.541667,0.24868
18.544444,0.203734
18.547222,0.153391
18.55,0.077654
18.552778,0.072421
18.555556,0.07362
18.558333,0.161438
18.561111,0.211372
18.563889,0.275497
18.566667,0.236359
18.569444,0.139289
18.572222,0.132736
18.575,0.080878
18.577778,0.223379
18.580556,0.348467
18.583333,0.316565
18.586111,0.289766
18.588889,0.157341
18.591667,0.235975
18.594444,0.187433
18.597222,0.242174
18.6,0.304135
18.602778,0.305648
18.605556,0.247307
18.608333,0.210848
18.611111,0.129552
18.613889,0.144429
18.616667,0.166471
18.619444,0.200589
18.622222,0.240489
18.625,0.237851
18.627778,0.186662
18.630556,0.152029
18.633333,0.100907
18.636111,0.15782
18.638889,0.197075
18.641667,0.231894
18.644444,0.235729
18.647222,0.146577
18.65,0.100739
18.652778,0.08789
18.655556,0.080946
18.658333,0.230221
18.661111,0.269495
18.663889,0.210066
18.666667,0.187269
18.669444,0.108738
18.672222,-0.041398
18.675,0.011167
18.677778,0.126164
18.680556,0.21957
18.683333,0.445861
18.686111,0.659116
18.688889,0.773811
18.691667,0.937878
18.694444,1.074274
18.697222,1.147205
18.7,1.05102
18.702778,0.79238
18.705556,0.522641
18.708333,0.276852
18.711111,0.072893
18.713889,-0.057251
18.716667,-0.033061
18.719444,0.005671
18.722222,0.157442
18.725,0.110119
18.727778,0.123589
18.730556,0.077365
18.733333,0.136748
18.736111,0.162124
18.738889,0.217903
18.741667,0.272208
18.744444,0.251421
18.747222,0.227766
18.75,0.193004
18.752778,0.145956
18.755556,0.168484
18.758333,0.262296
18.761111,0.31223
18.763889,0.383404
18.766667,0.230402
18.769444,0.219055
18.772222,0.22854
18.775,0.243655
18.777778,0.256868
18.780556,0.318355
18.783333,0.379498
18.786111,0.423239
18.788889,0.367825
18.791667,0.297645
18.794444,0.305435
18.797222,0.392953
18.8,0.473658
18.802778,0.487934
18.805556,0.513509
18.808333,0.403379
18.811111,0.37324
18.813889,0.383253
18.816667,0.508523
18.819444,0.527275
18.822222,0.546108
18.825,0.605795
18.827778,0.494742
18.830556,0.467583
18.833333,0.360528
18.836111,0.461586
18.838889,0.541486
18.841667,0.644968
18.844444,0.573023
18.847222,0.527268
18.85,0.510203
18.852778,0.449757
18.855556,0.394069
18.858333,0.497685
18.861111,0.566754
18.863889,0.506524
18.866667,0.468093
18.869444,0.427685
18.872222,0.338301
18.875,0.35195
18.877778,0.348414
18.880556,0.455038
18.883333,0.448558
18.886111,0.424475
18.888889,0.387095
18.891667,0.229846
18.894444,0.237162
18.897222,0.262178
18.9,0.368365
18.902778,0.409089
18.905556,0.347445
18.908333,0.316148
18.911111,0.221377
18.913889,0.163323
18.916667,0.253506
18.919444,0.264695
18.922222,0.325271
18.925,0.303966
18.927778,0.281253
18.930556,0.217251
18.933333,0.179227
18.936111,0.213983
18.938889,0.270995
18.941667,0.363798
18.944444,0.378866
18.947222,0.290147
18.95,0.194143
18.952778,0.179624
18.955556,0.193699
18.958333,0.292066
18.961111,0.302998
18.963889,0.338317
18.966667,0.256942
18.969444,0.262196
18.972222,0.203237
18.975,0.141822
18.977778,0.271533
18.980556,0.354541
18.983333,0.367844
18.986111,0.286772
18.988889,0.281348
18.991667,0.23518
18.994444,0.248974
18.997222,0.263032
19.0,0.284713
19.002778,0.342161
19.005556,0.326057
19.008333,0.29171
19.011111,0.201425
19.013889,0.213542
19.016667,0.242807
19.019444,0.288785
19.022222,0.311721
19.025,0.342827
19.027778,0.291259
19.030556,0.274607
19.033333,0.206969
19.036111,0.202011
19.038889,0.332023
19.041667,0.381871
19.044444,0.362736
19.047222,0.282601
19.05,0.242783
19.052778,0.208663
19.055556,0.266968
19.058333,0.274863
19.061111,0.392184
19.063889,0.379685
19.066667,0.342821
19.069444,0.268587
19.072222,0.197208
19.075,0.213447
19.077778,0.253741
19.080556,0.347267
19.083333,0.343132
19.086111,0.364339
19.088889,0.248186
19.091667,0.212883
19.094444,0.171897
19.097222,0.290254
19.1,0.387131
19.102778,0.389628
19.105556,0.388648
19.108333,0.286019
19.111111,0.26077
19.113889,0.21841
19.116667,0.294339
19.119444,0.35674
19.122222,0.426055
19.125,0.350021
19.127778,0.325816
19.130556,0.265107
19.133333,0.237481
19.136111,0.270798
19.138889,0.281334
19.141667,0.345651
19.144444,0.380884
19.147222,0.357447
19.15,0.301355
19.152778,0.199784
19.155556,0.304804
19.158333,0.281219
19.161111,0.40307
19.163889,0.358909
19.166667,0.312561
19.169444,0.282484
19.172222,0.217007
19.175,0.282965
19.177778,0.360356
19.180556,0.322761
19.183333,0.344201
19.186111,0.359167
19.188889,0.266933
19.191667,0.235499
19.194444,0.24601
19.197222,0.282674
19.2,0.327463
19.202778,0.383042
19.205556,0.368367
19.208333,0.312469
19.211111,0.21103
19.213889,0.271309
19.216667,0.269922
19.219444,0.291641
19.222222,0.357475
19.225,0.38736
19.227778,0.331535
19.230556,0.243169
19.233333,0.228765
19.236111,0.312609
19.238889,0.306622
19.241667,0.359164
19.244444,0.376808
19.247222,0.303732
19.25,0.274817
19.252778,0.205563
19.255556,0.248011
19.258333,0.331557
19.261111,0.358948
19.263889,0.413731
19.266667,0.323665
19.269444,0.282098
19.272222,0.271711
19.275,0.252317
19.277778,0.295838
19.280556,0.366496
19.283333,0.412531
19.286111,0.358365
19.288889,0.338567
19.291667,0.286667
19.294444,0.235891
19.297222,0.284473
19.3,0.369544
19.302778,0.43608
19.305556,0.321715
19.308333,0.385126
19.311111,0.31251
19.313889,0.21451
19.316667,0.244537
19.319444,0.352556
19.322222,0.434529
19.325,0.367174
19.327778,0.332528
19.330556,0.313421
19.333333,0.246092
19.336111,0.299462
19.338889,0.364195
19.341667,0.3925
19.344444,0.383407
19.347222,0.323296
19.35,0.221373
19.352778,0.312588
19.355556,0.256719
19.358333,0.359721
19.361111,0.417504
19.363889,0.358377
19.366667,0.327003
19.369444,0.280961
19.372222,0.251706
19.375,0.26458
19.377778,0.378162
19.380556,0.310081
19.383333,0.387625
19.386111,0.350055
19.388889,0.284987
19.391667,0.280585
19.394444,0.260693
19.397222,0.280499
19.4,0.374646
19.402778,0.379189
19.405556,0.328783
19.408333,0.317985
19.411111,0.188494
19.413889,0.271711
19.416667,0.280887
19.419444,0.337877
19.422222,0.415865
19.425,0.362818
19.427778,0.350922
19.430556,0.246653
19.433333,0.269685
19.436111,0.298142
19.438889,0.340348
19.441667,0.374516
19.444444,0.480227
19.447222,0.407107
19.45,0.339151
19.452778,0.29995
19.455556,0.346845
19.458333,0.429356
19.461111,0.480406
19.463889,0.491308
19.466667,0.425767
19.469444,0.401573
19.472222,0.324103
19.475,0.314225
19.477778,0.384772
19.480556,0.480483
19.483333,0.450762
19.486111,0.43737
19.488889,0.292673
19.491667,0.343181
19.494444,0.29641
19.497222,0.333474
19.5,0.40088
19.502778,0.447294
19.505556,0.40878
19.508333,0.315727
19.511111,0.261664
19.513889,0.265471
19.516667,0.281133
19.519444,0.338928
19.522222,0.402458
19.525,0.406621
19.527778,0.302024
19.530556,0.292738
19.533333,0.193795
19.536111,0.262163
19.538889,0.370365
19.541667,0.390197
19.544444,0.343906
19.547222,0.294672
19.55,0.185892
19.552778,0.113029
19.555556,0.216486
19.558333,0.351631
19.561111,0.591929
19.563889,0.814125
19.566667,1.041228
19.569444,1.088571
19.572222,1.1962
19.575,1.140064
19.577778,1.074662
19.580556,0.855806
19.583333,0.577143
19.586111,0.380403
19.588889,0.132607
19.591667,0.024983
19.594444,0.089917
19.597222,0.074145
19.6,0.22631
19.602778,0.327063
19.605556,0.300667
19.608333,0.277632
19.611111,0.255113
19.613889,0.21185
19.616667,0.27867
19.619444,0.324977
19.622222,0.406335
19.625,0.357162
19.627778,0.354822
19.630556,0.292109
19.633333,0.245062
19.636111,0.276697
19.638889,0.338869
19.641667,0.368431
19.644444,0.416475
19.647222,0.365536
19.65,0.29276
19.652778,0.311838
19.655556,0.384805
19.658333,0.391113
19.661111,0.472133
19.663889,0.519446
19.666667,0.462906
19.669444,0.388024
19.672222,0.337761
19.675,0.402499
19.677778,0.505003
19.680556,0.565342
19.683333,0.588279
19.686111,0.555169
19.688889,0.514429
19.691667,0.496829
19.694444,0.446086
19.697222,0.573034
19.7,0.589739
19.702778,0.667785
19.705556,0.626377
19.708333,0.561778
19.711111,0.47262
19.713889,0.509636
19.716667,0.551096
19.719444,0.636114
19.722222,0.616581
19.725,0.572604
19.727778,0.559285
19.730556,0.524985
19.733333,0.439663
19.736111,0.450886
19.738889,0.555056
19.741667,0.584717
19.744444,0.548697
19.747222,0.458083
19.75,0.355317
19.752778,0.322562
19.755556,0.378447
19.758333,0.35164
19.761111,0.407961
19.763889,0.499136
19.766667,0.355069
19.769444,0.361608
19.772222,0.204852
19.775,0.262876
19.777778,0.314536
19.780556,0.336167
19.783333,0.381915
19.786111,0.38275
19.788889,0.227246
19.791667,0.21833
19.794444,0.18904
19.797222,0.245857
19.8,0.322583
19.802778,0.347776
19.805556,0.304569
19.808333,0.276753
19.811111,0.238671
19.813889,0.161779
19.816667,0.22867
19.819444,0.284994
19.822222,0.320517
19.825,0.255916
19.827778,0.280995
19.830556,0.18499
19.833333,0.145306
19.836111,0.226693
19.838889,0.322806
19.841667,0.281375
19.844444,0.321724
19.847222,0.313269
19.85,0.258415
19.852778,0.155711
19.855556,0.244449
19.858333,0.231084
19.861111,0.30119
19.863889,0.347015
19.866667,0.233531
19.869444,0.20765
19.872222,0.176264
19.875,0.20761
19.877778,0.25507
19.880556,0.362544
19.883333,0.309944
19.886111,0.26193
19.888889,0.228566
19.891667,0.201089
19.894444,0.158175
19.897222,0.177095
19.9,0.287956
19.902778,0.322486
19.905556,0.268594
19.908333,0.209682
19.911111,0.112062
19.913889,0.19448
19.916667,0.179822
19.919444,0.297209
19.922222,0.35314
19.925,0.322974
19.927778,0.200563
19.930556,0.254056
19.933333,0.137382
19.936111,0.092993
19.938889,0.247447
19.941667,0.294753
19.944444,0.291015
19.947222,0.205872
19.95,0.166271
19.952778,0.152846
19.955556,0.149981
19.958333,0.223261
19.961111,0.30561
19.963889,0.341617
19.966667,0.303551
19.969444,0.215977
19.972222,0.142341
19.975,0.111167
19.977778,0.24351
19.980556,0.360991
19.983333,0.307361
19.986111,0.182486
19.988889,0.124709
19.991667,0.127135
19.994444,0.163791
19.997222,0.144269
